Cliente,ID,Gasto_Mensual,Estado_Seguro
Pancha Gato Noble,636528X,250295,APROBADO
Pepe Leon Rojo,636861X,763953,APROBADO
Francisco Perro Gigante,767819X,879831,RECHAZADO (Riesgo Salud/Financiero)
Maria Condor Austral,491036X,70628,APROBADO
Maria Puma Salvage,386356X,829878,APROBADO
Maria Zorro Gigante,925502X,421131,APROBADO
Matias Ballena Salvage,367720X,109619,RECHAZADO (Riesgo Salud/Financiero)
Lucho Puma Austral,798486X,762848,APROBADO
Coty Perro Sigiloso,472472X,220575,APROBADO
Coty Condor Salvage,975020X,158624,APROBADO
Maria Puma Veloz,342857X,758639,APROBADO
Coty Nutria Austral,477970X,823456,APROBADO
Francisco Ballena Sigiloso,194447X,539424,RECHAZADO (Riesgo Salud/Financiero)
Lucho Condor Noble,271692X,780165,APROBADO
Francisco Ballena Austral,896894X,233037,APROBADO
Francisco Perro Audaz,695251X,424565,APROBADO
Lucho Condor Veloz,173622X,52999,RECHAZADO (Riesgo Salud/Financiero)
Pancha Huemul Veloz,682857X,95577,APROBADO
Pepe Ballena Gigante,462219X,226603,APROBADO
Lucho Puma Gigante,896983X,780568,APROBADO
Matias Ballena Rojo,7094X,602761,RECHAZADO (Riesgo Salud/Financiero)
Pancha Leon Salvage,999097X,508564,APROBADO
Pancha Condor Veloz,661965X,692106,APROBADO
Pepe Perro Austral,506296X,324473,RECHAZADO (Riesgo Salud/Financiero)
Maria Puma Audaz,914967X,206232,APROBADO
Maria Condor Audaz,805156X,737372,APROBADO
Sacha Puma Audaz,147380X,249485,APROBADO
Maria Nutria Veloz,223657X,705446,APROBADO
Coty Huemul Gigante,414696X,587405,APROBADO
Juan Zorro Salvage,354229X,743878,APROBADO
Lucho Puma Salvage,934599X,690591,APROBADO
Lucho Zorro Sigiloso,901611X,463347,RECHAZADO (Riesgo Salud/Financiero)
Matias Ballena Audaz,605609X,17284,RECHAZADO (Riesgo Salud/Financiero)
Pancha Perro Salvage,386694X,264382,APROBADO
Coty Gato Gigante,455034X,65243,RECHAZADO (Riesgo Salud/Financiero)
Matias Nutria Austral,898862X,424748,APROBADO
Pancha Ballena Rojo,374004X,175132,APROBADO
Lucho Leon Veloz,454622X,489582,APROBADO
Juan Leon Veloz,675433X,877679,APROBADO
Juan Condor Audaz,438030X,761992,RECHAZADO (Riesgo Salud/Financiero)
Francisco Leon Noble,106839X,117812,APROBADO
Pancha Perro Gigante,313393X,462293,APROBADO
Maria Gato Noble,338093X,316136,RECHAZADO (Riesgo Salud/Financiero)
Juan Huemul Sigiloso,914082X,728734,APROBADO
Pepe Gato Salvage,585646X,163108,APROBADO
Coty Huemul Austral,707247X,690443,APROBADO
Coty Puma Noble,982273X,421875,APROBADO
Francisco Condor Veloz,565560X,257626,APROBADO
Maria Perro Austral,489913X,87858,APROBADO
Lucho Leon Austral,801608X,83146,APROBADO
Pancha Ballena Salvage,927769X,220003,APROBADO
Pancha Huemul Veloz,769239X,667694,APROBADO
Pepe Gato Sigiloso,686712X,33436,APROBADO
Francisco Perro Audaz,570410X,382577,APROBADO
Coty Nutria Salvage,57039X,326649,APROBADO
Lucho Nutria Gigante,162835X,288592,APROBADO
Pepe Perro Audaz,200589X,750091,APROBADO
Pepe Gato Salvage,915561X,427274,APROBADO
Francisco Leon Audaz,291182X,840642,APROBADO
Coty Leon Sigiloso,192036X,781660,APROBADO
Pancha Perro Veloz,710709X,74079,APROBADO
Juan Gato Gigante,869046X,236974,APROBADO
Pancha Leon Rojo,644712X,542203,APROBADO
Juan Nutria Audaz,464260X,390110,RECHAZADO (Riesgo Salud/Financiero)
Pepe Puma Veloz,134001X,769745,APROBADO
Pancha Leon Audaz,405368X,633093,APROBADO
Francisco Ballena Sigiloso,651818X,169109,APROBADO
Maria Leon Sigiloso,54771X,376871,APROBADO
Francisco Ballena Gigante,882708X,897139,APROBADO
Coty Leon Sigiloso,726679X,408619,APROBADO
Pepe Huemul Sigiloso,457671X,875026,APROBADO
Juan Condor Gigante,766630X,361597,APROBADO
Juan Condor Austral,234867X,258358,APROBADO
Lucho Perro Noble,998276X,571846,APROBADO
Sacha Condor Salvage,470740X,744847,RECHAZADO (Riesgo Salud/Financiero)
Pepe Puma Gigante,483873X,806690,RECHAZADO (Riesgo Salud/Financiero)
Juan Puma Salvage,413335X,788391,APROBADO
Juan Perro Salvage,992454X,781548,APROBADO
Pepe Leon Austral,369433X,77240,APROBADO
Maria Nutria Rojo,24848X,119725,RECHAZADO (Riesgo Salud/Financiero)
Maria Condor Noble,385234X,207755,APROBADO
Pepe Ballena Audaz,217541X,225974,APROBADO
Sacha Perro Austral,323590X,275238,APROBADO
Pancha Condor Sigiloso,828476X,736748,RECHAZADO (Riesgo Salud/Financiero)
Coty Zorro Veloz,702934X,46760,RECHAZADO (Riesgo Salud/Financiero)
Lucho Zorro Veloz,903524X,110067,RECHAZADO (Riesgo Salud/Financiero)
Francisco Gato Audaz,914853X,303109,APROBADO
Matias Condor Rojo,628885X,870791,APROBADO
Sacha Leon Austral,893470X,689048,APROBADO
Pancha Ballena Gigante,156614X,299488,APROBADO
Lucho Huemul Austral,207231X,773967,APROBADO
Pepe Perro Noble,974703X,285347,APROBADO
Maria Ballena Rojo,612507X,766884,APROBADO
Pepe Leon Gigante,466283X,342742,RECHAZADO (Riesgo Salud/Financiero)
Maria Gato Rojo,848185X,494984,APROBADO
Pancha Condor Salvage,416034X,97919,APROBADO
Coty Condor Rojo,650155X,649973,APROBADO
Lucho Nutria Audaz,688918X,344757,RECHAZADO (Riesgo Salud/Financiero)
Lucho Huemul Gigante,518970X,522173,APROBADO
Matias Huemul Gigante,365862X,682953,APROBADO
Pancha Leon Gigante,489144X,284906,APROBADO
Sacha Gato Audaz,125894X,783920,APROBADO
Sacha Nutria Gigante,244470X,317926,APROBADO
Sacha Perro Sigiloso,958025X,244006,APROBADO
Pepe Puma Sigiloso,516213X,134459,APROBADO
Pancha Leon Audaz,548807X,899800,APROBADO
Pancha Gato Veloz,124026X,347578,APROBADO
Sacha Huemul Audaz,525306X,135134,RECHAZADO (Riesgo Salud/Financiero)
Sacha Zorro Sigiloso,747427X,591392,APROBADO
Pepe Huemul Austral,901880X,822056,RECHAZADO (Riesgo Salud/Financiero)
Lucho Leon Rojo,524950X,650077,APROBADO
Maria Huemul Audaz,867674X,465298,APROBADO
Coty Nutria Salvage,850814X,343942,RECHAZADO (Riesgo Salud/Financiero)
Sacha Leon Salvage,694295X,680469,RECHAZADO (Riesgo Salud/Financiero)
Matias Ballena Sigiloso,856409X,241433,APROBADO
Matias Nutria Rojo,840346X,548664,APROBADO
Lucho Condor Salvage,190050X,92990,APROBADO
Francisco Huemul Veloz,825867X,397453,APROBADO
Coty Gato Noble,223944X,118561,APROBADO
Maria Leon Salvage,265797X,563188,APROBADO
Maria Zorro Austral,663334X,683469,APROBADO
Matias Nutria Sigiloso,440269X,19241,APROBADO
Coty Condor Audaz,184763X,486575,APROBADO
Pancha Huemul Noble,555891X,895902,APROBADO
Coty Puma Sigiloso,801895X,349385,APROBADO
Coty Ballena Audaz,470871X,826343,APROBADO
Lucho Leon Gigante,801574X,207542,APROBADO
Juan Nutria Veloz,365743X,749904,APROBADO
Maria Huemul Veloz,601732X,584973,APROBADO
Pepe Gato Sigiloso,335902X,642015,APROBADO
Coty Perro Salvage,688568X,110823,APROBADO
Maria Ballena Rojo,568189X,592546,APROBADO
Matias Huemul Salvage,817405X,620316,APROBADO
Lucho Condor Audaz,478043X,362310,APROBADO
Sacha Perro Noble,211522X,656605,APROBADO
Pancha Zorro Austral,892818X,304904,APROBADO
Pepe Leon Audaz,966024X,49146,RECHAZADO (Riesgo Salud/Financiero)
Juan Leon Noble,238415X,340410,APROBADO
Sacha Condor Gigante,282019X,221701,RECHAZADO (Riesgo Salud/Financiero)
Maria Zorro Noble,834621X,618756,APROBADO
Pancha Puma Sigiloso,332494X,462551,RECHAZADO (Riesgo Salud/Financiero)
Francisco Gato Salvage,353767X,701124,APROBADO
Juan Condor Sigiloso,39216X,618377,APROBADO
Juan Ballena Veloz,597180X,294120,APROBADO
Pepe Gato Audaz,918483X,140615,RECHAZADO (Riesgo Salud/Financiero)
Juan Zorro Gigante,841461X,268266,RECHAZADO (Riesgo Salud/Financiero)
Sacha Perro Noble,344262X,327800,APROBADO
Francisco Huemul Noble,190126X,868545,APROBADO
Matias Gato Salvage,302831X,175924,APROBADO
Maria Puma Veloz,463453X,686777,APROBADO
Matias Perro Salvage,991005X,390872,RECHAZADO (Riesgo Salud/Financiero)
Sacha Ballena Austral,98207X,572700,RECHAZADO (Riesgo Salud/Financiero)
Maria Gato Sigiloso,640627X,828835,APROBADO
Maria Ballena Austral,385925X,827364,APROBADO
Pepe Zorro Sigiloso,278678X,547675,RECHAZADO (Riesgo Salud/Financiero)
Coty Gato Audaz,325641X,492748,APROBADO
Lucho Ballena Sigiloso,291577X,653907,APROBADO
Sacha Perro Salvage,136508X,359711,RECHAZADO (Riesgo Salud/Financiero)
Coty Ballena Rojo,864321X,404392,APROBADO
Lucho Ballena Audaz,337439X,503982,APROBADO
Lucho Puma Noble,206362X,412417,APROBADO
Maria Leon Veloz,393310X,71084,APROBADO
Juan Zorro Veloz,642763X,833714,RECHAZADO (Riesgo Salud/Financiero)
Francisco Zorro Rojo,238806X,393900,RECHAZADO (Riesgo Salud/Financiero)
Pancha Condor Rojo,324285X,179239,APROBADO
Juan Perro Noble,364899X,588227,APROBADO
Coty Gato Rojo,232401X,364709,APROBADO
Matias Leon Veloz,836910X,682195,APROBADO
Coty Perro Gigante,239863X,33614,APROBADO
Pancha Perro Sigiloso,729316X,162657,RECHAZADO (Riesgo Salud/Financiero)
Sacha Puma Audaz,872919X,199497,APROBADO
Juan Ballena Salvage,279488X,320976,APROBADO
Pancha Perro Noble,410682X,613850,APROBADO
Pepe Leon Rojo,546813X,350748,APROBADO
Coty Puma Austral,705393X,103154,RECHAZADO (Riesgo Salud/Financiero)
Matias Gato Gigante,197320X,405479,APROBADO
Lucho Nutria Salvage,462398X,98861,APROBADO
Maria Perro Audaz,489713X,635042,APROBADO
Maria Zorro Sigiloso,163853X,406093,RECHAZADO (Riesgo Salud/Financiero)
Pepe Huemul Veloz,103337X,31130,APROBADO
Pancha Leon Veloz,965227X,245936,APROBADO
Francisco Nutria Sigiloso,546224X,840938,APROBADO
Juan Nutria Gigante,8164X,57796,APROBADO
Matias Perro Gigante,953827X,880815,APROBADO
Pepe Nutria Salvage,463979X,666082,RECHAZADO (Riesgo Salud/Financiero)
Juan Gato Rojo,528360X,895216,APROBADO
Lucho Gato Noble,110880X,180093,APROBADO
Maria Zorro Salvage,890424X,55718,APROBADO
Pancha Zorro Austral,890452X,597252,APROBADO
Lucho Condor Rojo,881279X,711229,APROBADO
Pepe Gato Rojo,857612X,223095,RECHAZADO (Riesgo Salud/Financiero)
Matias Nutria Gigante,516448X,18931,APROBADO
Lucho Leon Audaz,94205X,155824,APROBADO
Coty Gato Veloz,952136X,569869,APROBADO
Sacha Puma Audaz,803764X,207204,APROBADO
Sacha Puma Audaz,147834X,812013,RECHAZADO (Riesgo Salud/Financiero)
Maria Condor Salvage,71915X,686662,APROBADO
Lucho Zorro Rojo,332552X,73837,APROBADO
Francisco Nutria Rojo,655818X,862785,APROBADO
Coty Leon Sigiloso,17178X,133533,APROBADO
Francisco Zorro Veloz,273341X,307467,APROBADO
Sacha Perro Sigiloso,590863X,262731,APROBADO
Pancha Gato Sigiloso,158068X,775010,RECHAZADO (Riesgo Salud/Financiero)
Coty Puma Rojo,252223X,739582,APROBADO
Maria Huemul Veloz,978383X,435641,APROBADO
Sacha Puma Sigiloso,252669X,69371,APROBADO
Pepe Condor Salvage,941201X,161311,RECHAZADO (Riesgo Salud/Financiero)
Francisco Puma Noble,666895X,471242,APROBADO
Sacha Gato Rojo,400664X,563604,APROBADO
Maria Leon Audaz,990912X,294519,RECHAZADO (Riesgo Salud/Financiero)
Maria Nutria Rojo,5263X,532875,APROBADO
Pepe Zorro Audaz,254858X,462554,APROBADO
Maria Nutria Sigiloso,366462X,641323,APROBADO
Juan Leon Rojo,726115X,484832,APROBADO
Pancha Leon Veloz,476438X,266673,APROBADO
Pancha Condor Noble,910548X,298661,RECHAZADO (Riesgo Salud/Financiero)
Juan Condor Sigiloso,310119X,670691,APROBADO
Juan Puma Gigante,434577X,810525,APROBADO
Pepe Huemul Rojo,316362X,225460,APROBADO
Pepe Gato Sigiloso,114101X,887992,RECHAZADO (Riesgo Salud/Financiero)
Pancha Puma Gigante,1726X,277391,APROBADO
Pepe Leon Gigante,927463X,90220,RECHAZADO (Riesgo Salud/Financiero)
Pancha Nutria Salvage,537250X,708632,RECHAZADO (Riesgo Salud/Financiero)
Francisco Huemul Sigiloso,32987X,480397,APROBADO
Juan Gato Rojo,14111X,115634,APROBADO
Juan Zorro Gigante,389259X,632190,APROBADO
Pepe Nutria Austral,510248X,612648,RECHAZADO (Riesgo Salud/Financiero)
Pepe Perro Sigiloso,582175X,665485,APROBADO
Coty Leon Sigiloso,161248X,206215,APROBADO
Maria Zorro Audaz,980854X,149851,APROBADO
Juan Perro Gigante,449784X,593629,APROBADO
Pepe Leon Noble,503079X,666323,APROBADO
Coty Nutria Gigante,922469X,355415,APROBADO
Lucho Perro Austral,570624X,543354,APROBADO
Pepe Nutria Veloz,846149X,711760,APROBADO
Juan Huemul Veloz,614056X,583979,RECHAZADO (Riesgo Salud/Financiero)
Pancha Zorro Audaz,132236X,306617,RECHAZADO (Riesgo Salud/Financiero)
Coty Huemul Gigante,943967X,693938,APROBADO
Matias Condor Salvage,164154X,670228,APROBADO
Pepe Leon Sigiloso,14006X,222601,APROBADO
Maria Gato Veloz,403672X,686272,RECHAZADO (Riesgo Salud/Financiero)
Francisco Huemul Sigiloso,559931X,196325,APROBADO
Juan Gato Austral,847452X,655158,RECHAZADO (Riesgo Salud/Financiero)
Juan Zorro Noble,127534X,160065,APROBADO
Pepe Leon Rojo,982701X,372395,APROBADO
Coty Gato Salvage,249901X,115106,APROBADO
Francisco Nutria Sigiloso,209725X,422723,APROBADO
Coty Nutria Austral,702850X,51177,APROBADO
Sacha Ballena Audaz,786998X,791940,APROBADO
Pepe Ballena Audaz,879220X,866857,APROBADO
Maria Condor Gigante,979317X,20297,APROBADO
Lucho Zorro Rojo,632694X,615118,APROBADO
Lucho Zorro Veloz,455019X,274251,APROBADO
Maria Gato Veloz,249531X,769123,APROBADO
Matias Huemul Rojo,767011X,423115,APROBADO
Francisco Nutria Gigante,368079X,543041,APROBADO
Lucho Condor Veloz,88792X,370961,APROBADO
Pepe Leon Noble,946120X,178818,APROBADO
Matias Huemul Austral,567574X,730146,RECHAZADO (Riesgo Salud/Financiero)
Sacha Huemul Noble,317134X,291677,APROBADO
Coty Condor Sigiloso,540216X,297473,APROBADO
Matias Huemul Audaz,600125X,466303,APROBADO
Francisco Gato Austral,89838X,612440,APROBADO
Maria Huemul Sigiloso,260164X,639710,APROBADO
Pancha Ballena Audaz,494280X,839675,APROBADO
Matias Gato Rojo,619797X,373269,RECHAZADO (Riesgo Salud/Financiero)
Francisco Condor Rojo,874296X,223142,APROBADO
Sacha Condor Noble,798527X,567688,APROBADO
Pancha Ballena Gigante,768991X,533891,APROBADO
Lucho Ballena Audaz,290477X,210458,APROBADO
Sacha Perro Salvage,799652X,74029,APROBADO
Maria Gato Gigante,484898X,467155,RECHAZADO (Riesgo Salud/Financiero)
Pepe Leon Rojo,192279X,388383,APROBADO
Lucho Perro Austral,971074X,309976,APROBADO
Francisco Nutria Rojo,664989X,539679,APROBADO
Juan Huemul Gigante,531583X,563655,APROBADO
Juan Puma Veloz,912729X,486093,APROBADO
Coty Leon Austral,441014X,289876,RECHAZADO (Riesgo Salud/Financiero)
Francisco Gato Noble,162902X,370283,RECHAZADO (Riesgo Salud/Financiero)
Sacha Perro Rojo,295671X,134386,RECHAZADO (Riesgo Salud/Financiero)
Coty Perro Austral,588463X,669021,APROBADO
Sacha Ballena Sigiloso,731759X,396727,APROBADO
Pepe Puma Veloz,483131X,616734,APROBADO
Pancha Leon Salvage,639371X,405818,APROBADO
Pancha Huemul Veloz,523434X,780857,APROBADO
Pancha Nutria Veloz,428494X,884271,APROBADO
Lucho Leon Noble,368685X,452737,RECHAZADO (Riesgo Salud/Financiero)
Coty Gato Gigante,886650X,145606,APROBADO
Sacha Perro Austral,784354X,183279,RECHAZADO (Riesgo Salud/Financiero)
Lucho Nutria Rojo,726283X,28390,APROBADO
Coty Zorro Noble,461592X,81201,APROBADO
Maria Ballena Gigante,318523X,510909,APROBADO
Francisco Puma Austral,319232X,648111,APROBADO
Coty Leon Gigante,934874X,803044,APROBADO
Pepe Condor Salvage,872630X,36955,APROBADO
Francisco Gato Gigante,491656X,644454,RECHAZADO (Riesgo Salud/Financiero)
Juan Ballena Gigante,702585X,338123,APROBADO
Maria Ballena Salvage,93643X,340361,APROBADO
Sacha Condor Veloz,588384X,647263,APROBADO
Juan Gato Gigante,868793X,557800,APROBADO
Pepe Zorro Noble,617884X,358014,APROBADO
Lucho Gato Audaz,442783X,571583,RECHAZADO (Riesgo Salud/Financiero)
Matias Ballena Audaz,139057X,866435,APROBADO
Matias Gato Noble,154999X,774842,APROBADO
Sacha Condor Rojo,924460X,553599,RECHAZADO (Riesgo Salud/Financiero)
Maria Nutria Austral,479026X,35268,RECHAZADO (Riesgo Salud/Financiero)
Coty Nutria Salvage,857447X,780375,APROBADO
Sacha Nutria Gigante,233547X,292542,APROBADO
Pancha Leon Salvage,975242X,760060,APROBADO
Francisco Gato Sigiloso,141339X,585400,RECHAZADO (Riesgo Salud/Financiero)
Matias Perro Veloz,853735X,677608,APROBADO
Coty Perro Rojo,217325X,204273,APROBADO
Juan Zorro Gigante,643357X,442757,APROBADO
Pepe Huemul Sigiloso,391903X,50323,APROBADO
Francisco Perro Rojo,302724X,68402,APROBADO
Lucho Leon Gigante,849397X,495874,APROBADO
Lucho Condor Sigiloso,216384X,146644,RECHAZADO (Riesgo Salud/Financiero)
Matias Nutria Sigiloso,811693X,822969,APROBADO
Francisco Huemul Gigante,516974X,509364,APROBADO
Pancha Puma Sigiloso,373213X,193778,APROBADO
Pancha Puma Rojo,673980X,156050,APROBADO
Sacha Gato Austral,653054X,574449,APROBADO
Matias Perro Sigiloso,706060X,806998,APROBADO
Francisco Ballena Salvage,958867X,55742,RECHAZADO (Riesgo Salud/Financiero)
Juan Zorro Rojo,447799X,616797,APROBADO
Pepe Condor Noble,198674X,267431,APROBADO
Lucho Leon Gigante,986371X,166469,RECHAZADO (Riesgo Salud/Financiero)
Sacha Puma Gigante,849484X,727252,APROBADO
Maria Gato Audaz,503997X,471664,APROBADO
Sacha Huemul Audaz,720203X,506102,RECHAZADO (Riesgo Salud/Financiero)
Matias Perro Rojo,440938X,890095,APROBADO
Pepe Ballena Rojo,186027X,194561,APROBADO
Coty Gato Noble,530275X,402868,APROBADO
Coty Huemul Salvage,547662X,578243,APROBADO
Pancha Huemul Noble,329038X,365549,APROBADO
Pepe Nutria Rojo,6385X,477002,RECHAZADO (Riesgo Salud/Financiero)
Pepe Perro Sigiloso,845033X,197039,APROBADO
Coty Ballena Veloz,334086X,95135,APROBADO
Francisco Nutria Rojo,919294X,414314,RECHAZADO (Riesgo Salud/Financiero)
Sacha Huemul Sigiloso,33907X,791866,APROBADO
Francisco Gato Sigiloso,587004X,775350,APROBADO
Sacha Gato Noble,841956X,373700,APROBADO
Francisco Zorro Austral,389899X,771795,APROBADO
Pancha Perro Veloz,604292X,636829,APROBADO
Juan Condor Sigiloso,516569X,37903,APROBADO
Pancha Gato Rojo,965454X,344202,RECHAZADO (Riesgo Salud/Financiero)
Matias Puma Sigiloso,342361X,850450,APROBADO
Lucho Gato Salvage,902287X,452459,APROBADO
Sacha Perro Audaz,885824X,876037,APROBADO
Francisco Zorro Veloz,803630X,723218,APROBADO
Matias Nutria Noble,690994X,102966,APROBADO
Francisco Puma Sigiloso,823254X,466085,APROBADO
Juan Condor Veloz,129447X,656938,APROBADO
Francisco Zorro Salvage,298891X,217933,APROBADO
Juan Zorro Noble,171115X,66318,APROBADO
Juan Perro Audaz,161839X,773585,APROBADO
Pepe Condor Gigante,272887X,57497,APROBADO
Maria Nutria Noble,700186X,528016,APROBADO
Francisco Gato Salvage,314108X,386190,APROBADO
Sacha Leon Rojo,68588X,376542,APROBADO
Juan Gato Veloz,453096X,429414,APROBADO
Juan Nutria Veloz,592718X,249429,RECHAZADO (Riesgo Salud/Financiero)
Francisco Leon Salvage,639297X,63518,RECHAZADO (Riesgo Salud/Financiero)
Francisco Condor Noble,403791X,727882,APROBADO
Sacha Perro Noble,360445X,101938,APROBADO
Lucho Zorro Noble,424859X,245670,APROBADO
Juan Gato Veloz,108469X,872071,APROBADO
Francisco Puma Sigiloso,355643X,357141,RECHAZADO (Riesgo Salud/Financiero)
Juan Nutria Noble,303683X,299702,RECHAZADO (Riesgo Salud/Financiero)
Lucho Ballena Rojo,880739X,301812,APROBADO
Sacha Condor Audaz,408338X,27548,RECHAZADO (Riesgo Salud/Financiero)
Maria Ballena Veloz,811431X,797591,APROBADO
Juan Ballena Gigante,740002X,559951,APROBADO
Pepe Nutria Sigiloso,276219X,165289,APROBADO
Matias Gato Austral,778220X,613865,APROBADO
Sacha Huemul Audaz,914089X,744088,APROBADO
Coty Leon Rojo,499408X,657675,APROBADO
Pancha Zorro Salvage,859493X,520142,APROBADO
Juan Perro Gigante,215937X,155044,APROBADO
Pepe Perro Sigiloso,185654X,405353,APROBADO
Francisco Zorro Austral,899224X,269312,APROBADO
Francisco Huemul Salvage,741600X,843187,APROBADO
Matias Leon Audaz,557919X,869556,APROBADO
Francisco Perro Salvage,490022X,58951,APROBADO
Sacha Leon Salvage,257726X,576993,APROBADO
Coty Gato Gigante,899225X,550513,RECHAZADO (Riesgo Salud/Financiero)
Matias Nutria Sigiloso,986785X,670579,RECHAZADO (Riesgo Salud/Financiero)
Coty Nutria Austral,377995X,578165,APROBADO
Sacha Perro Noble,871591X,457985,APROBADO
Coty Leon Noble,709922X,428920,RECHAZADO (Riesgo Salud/Financiero)
Juan Leon Austral,590662X,463416,APROBADO
Pepe Zorro Audaz,139922X,237197,APROBADO
Lucho Nutria Noble,462995X,827828,APROBADO
Maria Ballena Austral,715547X,881819,APROBADO
Juan Nutria Gigante,495327X,597551,APROBADO
Lucho Huemul Gigante,257720X,838229,RECHAZADO (Riesgo Salud/Financiero)
Francisco Huemul Audaz,414000X,814041,APROBADO
Pancha Huemul Audaz,160019X,395448,RECHAZADO (Riesgo Salud/Financiero)
Sacha Ballena Audaz,523937X,433038,RECHAZADO (Riesgo Salud/Financiero)
Maria Condor Salvage,869170X,879843,APROBADO
Coty Condor Audaz,567927X,349344,RECHAZADO (Riesgo Salud/Financiero)
Lucho Nutria Salvage,273644X,884924,APROBADO
Pepe Condor Gigante,750056X,243195,APROBADO
Matias Perro Veloz,701273X,459277,APROBADO
Sacha Huemul Sigiloso,682948X,244692,APROBADO
Maria Puma Noble,772234X,99374,APROBADO
Francisco Condor Audaz,620331X,665925,RECHAZADO (Riesgo Salud/Financiero)
Lucho Ballena Veloz,650414X,474872,APROBADO
Juan Condor Veloz,770662X,112819,APROBADO
Pepe Nutria Audaz,944983X,217344,RECHAZADO (Riesgo Salud/Financiero)
Maria Puma Noble,506180X,174042,APROBADO
Lucho Puma Rojo,702186X,58069,APROBADO
Maria Ballena Gigante,242744X,831025,APROBADO
Sacha Ballena Rojo,645667X,93158,APROBADO
Pepe Puma Audaz,262256X,594570,APROBADO
Pepe Zorro Veloz,113137X,860811,APROBADO
Francisco Leon Sigiloso,245447X,548012,RECHAZADO (Riesgo Salud/Financiero)
Matias Nutria Austral,888967X,365627,RECHAZADO (Riesgo Salud/Financiero)
Francisco Condor Gigante,485746X,304969,APROBADO
Coty Gato Noble,701964X,530610,RECHAZADO (Riesgo Salud/Financiero)
Francisco Condor Sigiloso,228087X,661860,APROBADO
Pancha Zorro Veloz,890157X,176375,APROBADO
Matias Huemul Salvage,800786X,88059,RECHAZADO (Riesgo Salud/Financiero)
Maria Zorro Rojo,680811X,193657,APROBADO
Juan Perro Austral,801790X,836334,APROBADO
Francisco Ballena Austral,156356X,305853,APROBADO
Juan Gato Sigiloso,506402X,785020,RECHAZADO (Riesgo Salud/Financiero)
Juan Leon Noble,560151X,129614,APROBADO
Lucho Gato Austral,552733X,179619,RECHAZADO (Riesgo Salud/Financiero)
Pepe Nutria Salvage,232172X,852791,RECHAZADO (Riesgo Salud/Financiero)
Sacha Condor Rojo,265560X,101954,APROBADO
Juan Nutria Rojo,181542X,825902,APROBADO
Juan Huemul Veloz,800337X,721910,APROBADO
Lucho Huemul Rojo,595777X,336564,APROBADO
Pancha Nutria Gigante,612769X,474129,RECHAZADO (Riesgo Salud/Financiero)
Maria Puma Austral,330557X,360144,APROBADO
Maria Gato Sigiloso,890419X,537766,RECHAZADO (Riesgo Salud/Financiero)
Sacha Nutria Audaz,153169X,218117,APROBADO
Matias Condor Sigiloso,99372X,413524,RECHAZADO (Riesgo Salud/Financiero)
Pancha Puma Rojo,706126X,432051,RECHAZADO (Riesgo Salud/Financiero)
Pancha Nutria Noble,126484X,266111,APROBADO
Sacha Huemul Austral,257172X,322410,APROBADO
Francisco Condor Audaz,614527X,611623,RECHAZADO (Riesgo Salud/Financiero)
Coty Puma Noble,979146X,83596,APROBADO
Matias Puma Noble,931471X,809435,APROBADO
Juan Gato Gigante,278875X,92216,RECHAZADO (Riesgo Salud/Financiero)
Coty Perro Gigante,565221X,586740,APROBADO
Pepe Ballena Austral,498590X,33070,APROBADO
Juan Ballena Salvage,625570X,218601,APROBADO
Francisco Zorro Noble,817208X,566853,APROBADO
Coty Perro Rojo,186670X,98148,APROBADO
Coty Condor Sigiloso,462393X,604691,APROBADO
Maria Perro Sigiloso,682556X,255659,RECHAZADO (Riesgo Salud/Financiero)
Coty Ballena Salvage,13991X,432552,RECHAZADO (Riesgo Salud/Financiero)
Pancha Perro Sigiloso,576666X,555804,APROBADO
Sacha Puma Noble,2439X,428818,APROBADO
Sacha Leon Gigante,39477X,334121,RECHAZADO (Riesgo Salud/Financiero)
Pancha Gato Rojo,710696X,633906,APROBADO
Pancha Condor Austral,207403X,667283,APROBADO
Maria Leon Sigiloso,798605X,462040,RECHAZADO (Riesgo Salud/Financiero)
Lucho Condor Sigiloso,708366X,374200,RECHAZADO (Riesgo Salud/Financiero)
Francisco Perro Veloz,830352X,769452,APROBADO
Pepe Perro Gigante,735383X,815899,RECHAZADO (Riesgo Salud/Financiero)
Sacha Puma Veloz,604503X,388748,APROBADO
Coty Huemul Gigante,150154X,350220,APROBADO
Pancha Condor Rojo,168029X,459137,APROBADO
Juan Gato Salvage,164212X,262312,APROBADO
Sacha Huemul Austral,218914X,684184,APROBADO
Pepe Perro Austral,569576X,837090,RECHAZADO (Riesgo Salud/Financiero)
Lucho Nutria Salvage,326968X,456017,APROBADO
Coty Leon Salvage,297994X,536117,APROBADO
Coty Huemul Veloz,735496X,652700,RECHAZADO (Riesgo Salud/Financiero)
Maria Gato Rojo,398611X,745352,APROBADO
Coty Perro Veloz,451946X,702363,APROBADO
Pancha Perro Gigante,959984X,435747,APROBADO
Pepe Huemul Sigiloso,265946X,285089,APROBADO
Pancha Gato Gigante,826437X,884228,APROBADO
Francisco Nutria Salvage,652890X,463186,APROBADO
Coty Nutria Noble,759708X,615253,APROBADO
Coty Gato Sigiloso,588330X,203544,APROBADO
Francisco Leon Gigante,850727X,442438,RECHAZADO (Riesgo Salud/Financiero)
Pancha Condor Noble,17822X,753525,RECHAZADO (Riesgo Salud/Financiero)
Matias Huemul Salvage,945925X,77316,APROBADO
Matias Zorro Salvage,299466X,208503,APROBADO
Sacha Gato Austral,579461X,899099,RECHAZADO (Riesgo Salud/Financiero)
Lucho Nutria Salvage,959349X,409122,APROBADO
Matias Condor Austral,132416X,863005,RECHAZADO (Riesgo Salud/Financiero)
Francisco Huemul Austral,189015X,240048,APROBADO
Francisco Perro Sigiloso,353917X,732459,APROBADO
Matias Nutria Sigiloso,209840X,555517,APROBADO
Sacha Leon Audaz,446921X,864628,APROBADO
Juan Zorro Rojo,100075X,447457,APROBADO
Pepe Condor Sigiloso,680855X,323262,APROBADO
Lucho Ballena Salvage,690253X,55438,RECHAZADO (Riesgo Salud/Financiero)
Juan Nutria Gigante,754016X,869857,RECHAZADO (Riesgo Salud/Financiero)
Juan Zorro Noble,90231X,342872,RECHAZADO (Riesgo Salud/Financiero)
Francisco Zorro Veloz,751554X,806553,APROBADO
Pancha Ballena Veloz,998068X,329806,APROBADO
Sacha Zorro Austral,515985X,707762,APROBADO
Lucho Huemul Audaz,980108X,349669,APROBADO
Lucho Huemul Gigante,878363X,894852,APROBADO
Pepe Zorro Audaz,172192X,244143,APROBADO
Pepe Nutria Veloz,751017X,492546,APROBADO
Sacha Perro Veloz,746117X,427787,APROBADO
Coty Gato Rojo,809248X,893577,RECHAZADO (Riesgo Salud/Financiero)
Francisco Puma Rojo,201582X,393893,RECHAZADO (Riesgo Salud/Financiero)
Coty Condor Veloz,174939X,627860,APROBADO
Pancha Zorro Veloz,580814X,27014,APROBADO
Coty Leon Rojo,321713X,666183,APROBADO
Pancha Nutria Gigante,771264X,306353,APROBADO
Maria Gato Rojo,106830X,27611,APROBADO
Matias Ballena Noble,746686X,632949,APROBADO
Pepe Condor Sigiloso,665164X,447278,APROBADO
Pepe Zorro Noble,566512X,588058,APROBADO
Francisco Leon Audaz,925090X,294083,APROBADO
Coty Puma Audaz,491153X,818928,RECHAZADO (Riesgo Salud/Financiero)
Lucho Ballena Audaz,214037X,867490,APROBADO
Lucho Huemul Austral,550417X,531021,APROBADO
Pancha Puma Austral,304354X,93108,RECHAZADO (Riesgo Salud/Financiero)
Matias Puma Audaz,507933X,844729,APROBADO
Sacha Huemul Veloz,400548X,647104,APROBADO
Pancha Huemul Rojo,142134X,467235,APROBADO
Sacha Nutria Austral,444756X,832699,APROBADO
Maria Ballena Austral,328186X,227772,APROBADO
Maria Leon Sigiloso,626903X,384383,RECHAZADO (Riesgo Salud/Financiero)
Matias Leon Noble,518803X,250642,RECHAZADO (Riesgo Salud/Financiero)
Pepe Puma Audaz,56088X,225939,RECHAZADO (Riesgo Salud/Financiero)
Juan Condor Rojo,159492X,211416,APROBADO
Coty Perro Noble,831489X,587230,APROBADO
Sacha Nutria Veloz,19690X,27247,RECHAZADO (Riesgo Salud/Financiero)
Sacha Huemul Veloz,669735X,155748,APROBADO
Lucho Ballena Sigiloso,818740X,115518,APROBADO
Pancha Condor Gigante,659111X,598308,RECHAZADO (Riesgo Salud/Financiero)
Pancha Huemul Audaz,393375X,387383,APROBADO
Matias Huemul Salvage,622261X,86236,RECHAZADO (Riesgo Salud/Financiero)
Matias Ballena Noble,454502X,361351,APROBADO
Lucho Condor Rojo,548638X,399341,APROBADO
Francisco Ballena Gigante,939360X,589467,APROBADO
Lucho Ballena Veloz,216954X,725593,RECHAZADO (Riesgo Salud/Financiero)
Francisco Huemul Audaz,306977X,274325,APROBADO
Coty Perro Noble,487322X,527581,APROBADO
Matias Perro Rojo,815166X,779336,APROBADO
Lucho Nutria Veloz,200582X,550674,APROBADO
Coty Perro Gigante,970752X,856812,APROBADO
Francisco Puma Sigiloso,97447X,154713,APROBADO
Coty Zorro Noble,351206X,400636,APROBADO
Maria Leon Audaz,119659X,374405,APROBADO
Pancha Zorro Veloz,67206X,710960,APROBADO
Maria Perro Rojo,762337X,805442,APROBADO
Juan Condor Noble,528502X,471839,APROBADO
Lucho Ballena Audaz,962136X,513356,RECHAZADO (Riesgo Salud/Financiero)
Pancha Zorro Rojo,588004X,146125,RECHAZADO (Riesgo Salud/Financiero)
Matias Condor Rojo,775241X,369832,APROBADO
Maria Zorro Salvage,998641X,50930,APROBADO
Pancha Huemul Sigiloso,874325X,590368,APROBADO
Pancha Leon Veloz,827943X,411327,RECHAZADO (Riesgo Salud/Financiero)
Francisco Ballena Noble,141598X,179271,APROBADO
Sacha Ballena Sigiloso,844263X,264756,APROBADO
Maria Ballena Rojo,827219X,220908,RECHAZADO (Riesgo Salud/Financiero)
Francisco Huemul Gigante,661327X,282412,APROBADO
Lucho Ballena Salvage,25689X,446822,APROBADO
Sacha Nutria Rojo,931761X,308883,RECHAZADO (Riesgo Salud/Financiero)
Pepe Nutria Audaz,277250X,640058,RECHAZADO (Riesgo Salud/Financiero)
Maria Zorro Noble,907890X,141340,APROBADO
Matias Nutria Veloz,42170X,340239,APROBADO
Lucho Nutria Audaz,728664X,872529,APROBADO
Francisco Gato Sigiloso,749069X,505118,APROBADO
Juan Leon Salvage,770249X,417638,APROBADO
Lucho Nutria Gigante,588823X,279022,APROBADO
Lucho Leon Rojo,284537X,523125,APROBADO
Lucho Perro Audaz,197203X,284908,APROBADO
Francisco Condor Audaz,165794X,169535,APROBADO
Pancha Puma Noble,332106X,743264,APROBADO
Coty Condor Veloz,869647X,270339,APROBADO
Pepe Nutria Rojo,93358X,705541,APROBADO
Juan Condor Noble,746823X,544450,APROBADO
Lucho Huemul Audaz,492700X,874875,APROBADO
Matias Condor Salvage,58500X,742348,RECHAZADO (Riesgo Salud/Financiero)
Pancha Huemul Sigiloso,742531X,682752,APROBADO
Lucho Nutria Gigante,958129X,626380,APROBADO
Pepe Ballena Gigante,388600X,633467,APROBADO
Pepe Gato Sigiloso,204361X,546628,APROBADO
Maria Huemul Gigante,601343X,704351,APROBADO
Matias Ballena Sigiloso,44227X,326334,APROBADO
Matias Nutria Salvage,183910X,770979,APROBADO
Coty Ballena Veloz,932655X,898130,APROBADO
Pepe Gato Austral,854080X,438339,APROBADO
Juan Leon Veloz,855070X,352612,RECHAZADO (Riesgo Salud/Financiero)
Matias Condor Austral,487664X,325133,APROBADO
Juan Gato Noble,819693X,859223,APROBADO
Coty Ballena Veloz,930034X,769187,APROBADO
Matias Huemul Veloz,432925X,715420,APROBADO
Pepe Nutria Veloz,35264X,313577,APROBADO
Pancha Puma Rojo,969904X,501590,APROBADO
Lucho Huemul Noble,179394X,697775,APROBADO
Lucho Perro Rojo,736660X,260087,APROBADO
Juan Condor Audaz,794597X,891907,APROBADO
Maria Zorro Audaz,273591X,226874,APROBADO
Lucho Leon Audaz,813966X,487126,APROBADO
Francisco Ballena Salvage,413357X,820509,APROBADO
Coty Gato Salvage,553319X,701363,APROBADO
Maria Gato Audaz,40703X,100243,APROBADO
Matias Leon Sigiloso,383526X,838486,APROBADO
Pepe Puma Salvage,284934X,833433,APROBADO
Maria Puma Audaz,602454X,428467,RECHAZADO (Riesgo Salud/Financiero)
Matias Zorro Gigante,783707X,790640,APROBADO
Sacha Ballena Rojo,996631X,383481,APROBADO
Matias Nutria Salvage,386747X,254866,RECHAZADO (Riesgo Salud/Financiero)
Matias Huemul Audaz,373649X,331826,APROBADO
Coty Nutria Sigiloso,403631X,806167,APROBADO
Lucho Huemul Audaz,49060X,401259,APROBADO
Sacha Ballena Austral,590997X,830631,APROBADO
Pancha Zorro Sigiloso,328858X,535675,APROBADO
Francisco Condor Rojo,48373X,274139,APROBADO
Juan Zorro Austral,523661X,519236,APROBADO
Coty Condor Noble,192803X,199720,APROBADO
Coty Condor Gigante,212321X,838282,APROBADO
Pancha Ballena Sigiloso,778384X,53266,APROBADO
Pepe Perro Gigante,650602X,380549,APROBADO
Lucho Perro Sigiloso,836814X,486406,RECHAZADO (Riesgo Salud/Financiero)
Francisco Puma Audaz,747835X,810018,APROBADO
Coty Perro Gigante,567147X,433547,RECHAZADO (Riesgo Salud/Financiero)
Coty Perro Noble,197910X,262130,RECHAZADO (Riesgo Salud/Financiero)
Maria Zorro Audaz,269454X,664113,APROBADO
Matias Nutria Audaz,183395X,170313,APROBADO
Matias Perro Austral,495216X,377011,APROBADO
Maria Gato Rojo,226364X,856738,APROBADO
Maria Ballena Gigante,839084X,323950,RECHAZADO (Riesgo Salud/Financiero)
Juan Gato Sigiloso,348805X,871872,APROBADO
Pepe Huemul Gigante,543988X,397831,RECHAZADO (Riesgo Salud/Financiero)
Pepe Condor Veloz,169825X,501052,APROBADO
Coty Huemul Noble,857481X,124722,APROBADO
Lucho Ballena Austral,814201X,785898,RECHAZADO (Riesgo Salud/Financiero)
Juan Condor Salvage,790337X,721899,APROBADO
Maria Condor Gigante,90416X,24143,RECHAZADO (Riesgo Salud/Financiero)
Juan Nutria Noble,240002X,454322,APROBADO
Matias Nutria Audaz,735904X,542288,RECHAZADO (Riesgo Salud/Financiero)
Pepe Huemul Noble,48831X,34236,RECHAZADO (Riesgo Salud/Financiero)
Coty Zorro Veloz,415639X,136444,APROBADO
Lucho Condor Noble,296274X,657735,APROBADO
Matias Gato Veloz,195226X,637524,APROBADO
Juan Perro Salvage,212352X,95228,APROBADO
Pancha Nutria Audaz,209889X,340379,APROBADO
Pepe Ballena Austral,818723X,207378,APROBADO
Lucho Gato Salvage,529505X,768025,APROBADO
Lucho Perro Veloz,654721X,288104,RECHAZADO (Riesgo Salud/Financiero)
Francisco Puma Rojo,485907X,645241,APROBADO
Lucho Nutria Salvage,535200X,588148,RECHAZADO (Riesgo Salud/Financiero)
Juan Huemul Gigante,509812X,280581,APROBADO
Lucho Huemul Veloz,592386X,311256,RECHAZADO (Riesgo Salud/Financiero)
Francisco Perro Austral,118876X,693645,APROBADO
Pancha Leon Austral,45843X,640904,APROBADO
Sacha Perro Sigiloso,720645X,253723,APROBADO
Francisco Gato Austral,565404X,652016,APROBADO
Pancha Puma Noble,845532X,554989,APROBADO
Maria Zorro Noble,728102X,278129,RECHAZADO (Riesgo Salud/Financiero)
Francisco Zorro Rojo,894649X,473604,APROBADO
Lucho Nutria Gigante,268955X,702821,RECHAZADO (Riesgo Salud/Financiero)
Maria Zorro Austral,309159X,169121,APROBADO
Pepe Puma Noble,376679X,569051,APROBADO
Pepe Nutria Salvage,634199X,675065,APROBADO
Matias Zorro Veloz,717162X,100443,APROBADO
Maria Leon Noble,824601X,39339,APROBADO
Lucho Ballena Gigante,454285X,519157,APROBADO
Lucho Condor Veloz,646886X,453203,APROBADO
Sacha Huemul Noble,749664X,618293,APROBADO
Lucho Huemul Sigiloso,617833X,671604,RECHAZADO (Riesgo Salud/Financiero)
Matias Puma Salvage,133347X,880297,APROBADO
Maria Gato Salvage,696247X,63573,APROBADO
Juan Condor Rojo,477259X,347981,RECHAZADO (Riesgo Salud/Financiero)
Matias Zorro Gigante,585811X,116718,APROBADO
Coty Condor Salvage,618717X,90888,APROBADO
Juan Nutria Salvage,392484X,236288,APROBADO
Francisco Ballena Gigante,30580X,494643,RECHAZADO (Riesgo Salud/Financiero)
Lucho Leon Noble,736352X,130617,APROBADO
Coty Perro Noble,634133X,389487,APROBADO
Maria Puma Veloz,366274X,277532,APROBADO
Matias Perro Audaz,17382X,96052,RECHAZADO (Riesgo Salud/Financiero)
Lucho Condor Gigante,99072X,862317,APROBADO
Coty Condor Rojo,389812X,164318,APROBADO
Pepe Huemul Austral,238462X,376693,APROBADO
Matias Zorro Audaz,847578X,593885,RECHAZADO (Riesgo Salud/Financiero)
Maria Puma Austral,25408X,387267,APROBADO
Juan Nutria Audaz,896149X,256663,APROBADO
Juan Leon Austral,173439X,732943,APROBADO
Francisco Perro Veloz,445220X,845567,APROBADO
Maria Puma Audaz,120810X,648172,RECHAZADO (Riesgo Salud/Financiero)
Sacha Leon Veloz,451942X,543700,APROBADO
Pancha Gato Audaz,209024X,730127,APROBADO
Francisco Gato Audaz,573928X,789755,APROBADO
Pancha Ballena Veloz,764204X,343341,RECHAZADO (Riesgo Salud/Financiero)
Maria Leon Noble,192052X,689314,RECHAZADO (Riesgo Salud/Financiero)
Juan Zorro Rojo,329078X,795215,APROBADO
Pepe Ballena Gigante,174685X,461352,APROBADO
Matias Zorro Salvage,270236X,509695,APROBADO
Sacha Huemul Audaz,653034X,56950,APROBADO
Coty Perro Audaz,323280X,678084,RECHAZADO (Riesgo Salud/Financiero)
Matias Leon Rojo,572101X,94841,APROBADO
Pepe Ballena Sigiloso,270511X,426617,RECHAZADO (Riesgo Salud/Financiero)
Lucho Zorro Veloz,343035X,446151,APROBADO
Pepe Leon Noble,472730X,316807,APROBADO
Pancha Ballena Sigiloso,803383X,608188,APROBADO
Francisco Leon Noble,491992X,397713,APROBADO
Pancha Nutria Audaz,349055X,836859,RECHAZADO (Riesgo Salud/Financiero)
Pepe Ballena Austral,425624X,76531,APROBADO
Coty Puma Austral,842820X,69258,APROBADO
Coty Leon Austral,225153X,832170,APROBADO
Pepe Zorro Gigante,457529X,703866,APROBADO
Maria Huemul Austral,330379X,575508,APROBADO
Lucho Huemul Veloz,20703X,236988,APROBADO
Lucho Ballena Audaz,304842X,60439,RECHAZADO (Riesgo Salud/Financiero)
Pancha Gato Gigante,700281X,816130,APROBADO
Maria Huemul Gigante,918051X,648453,RECHAZADO (Riesgo Salud/Financiero)
Pepe Huemul Austral,841929X,425412,APROBADO
Lucho Puma Noble,615844X,577370,APROBADO
Francisco Huemul Veloz,699997X,224868,APROBADO
Maria Ballena Sigiloso,820831X,135487,APROBADO
Sacha Condor Noble,421683X,753235,APROBADO
Lucho Perro Sigiloso,612013X,89663,APROBADO
Pancha Ballena Audaz,813534X,819832,RECHAZADO (Riesgo Salud/Financiero)
Matias Huemul Noble,116920X,46411,APROBADO
Francisco Zorro Gigante,733449X,479792,APROBADO
Francisco Zorro Austral,707660X,74062,RECHAZADO (Riesgo Salud/Financiero)
Matias Zorro Audaz,419864X,402864,APROBADO
Sacha Ballena Austral,139334X,409457,APROBADO
Pancha Leon Gigante,915524X,897501,RECHAZADO (Riesgo Salud/Financiero)
Sacha Zorro Gigante,150455X,484901,APROBADO
Pancha Ballena Audaz,379366X,891963,APROBADO
Francisco Huemul Audaz,689556X,284591,APROBADO
Sacha Ballena Audaz,392168X,94086,APROBADO
Lucho Leon Salvage,131879X,708983,APROBADO
Francisco Ballena Salvage,46262X,134299,RECHAZADO (Riesgo Salud/Financiero)
Pancha Condor Sigiloso,847168X,228080,APROBADO
Maria Nutria Veloz,378362X,251131,APROBADO
Maria Gato Audaz,590261X,76976,APROBADO
Pancha Nutria Gigante,77160X,236280,APROBADO
Maria Puma Sigiloso,830555X,808824,APROBADO
Sacha Leon Sigiloso,572949X,544047,RECHAZADO (Riesgo Salud/Financiero)
Juan Zorro Austral,742723X,852077,APROBADO
Francisco Leon Salvage,507414X,857589,APROBADO
Coty Perro Veloz,134476X,16496,APROBADO
Maria Ballena Audaz,420855X,18551,APROBADO
Maria Leon Salvage,694697X,316911,APROBADO
Francisco Perro Veloz,711241X,177573,RECHAZADO (Riesgo Salud/Financiero)
Francisco Nutria Sigiloso,212379X,511775,APROBADO
Maria Condor Rojo,60731X,432866,APROBADO
Matias Huemul Veloz,394986X,808255,APROBADO
Pepe Zorro Veloz,892893X,525307,APROBADO
Juan Huemul Gigante,668982X,232947,APROBADO
Matias Gato Audaz,72347X,138187,APROBADO
Matias Nutria Austral,894178X,899527,APROBADO
Pancha Condor Veloz,486866X,134260,APROBADO
Sacha Leon Gigante,692993X,376976,APROBADO
Matias Gato Gigante,373083X,298310,APROBADO
Coty Ballena Gigante,174613X,214141,APROBADO
Lucho Zorro Austral,411941X,272646,RECHAZADO (Riesgo Salud/Financiero)
Lucho Leon Austral,626743X,851293,APROBADO
Lucho Perro Rojo,664891X,778476,RECHAZADO (Riesgo Salud/Financiero)
Coty Condor Gigante,380382X,475854,APROBADO
Sacha Condor Austral,289495X,16482,RECHAZADO (Riesgo Salud/Financiero)
Coty Perro Gigante,288239X,771578,APROBADO
Sacha Perro Sigiloso,1997X,69486,RECHAZADO (Riesgo Salud/Financiero)
Pancha Ballena Salvage,976788X,559706,APROBADO
Pancha Nutria Rojo,60272X,842476,APROBADO
Matias Perro Veloz,768513X,809556,APROBADO
Coty Huemul Sigiloso,757882X,795556,APROBADO
Juan Puma Rojo,593158X,771872,APROBADO
Lucho Zorro Salvage,29561X,786284,APROBADO
Coty Puma Salvage,966408X,492832,RECHAZADO (Riesgo Salud/Financiero)
Coty Perro Audaz,295468X,601820,APROBADO
Pancha Gato Gigante,507220X,808451,RECHAZADO (Riesgo Salud/Financiero)
Coty Ballena Austral,789047X,331956,APROBADO
Sacha Perro Sigiloso,582527X,819771,APROBADO
Lucho Gato Veloz,947368X,742087,APROBADO
Pepe Perro Austral,33467X,342969,APROBADO
Pepe Ballena Sigiloso,105676X,665365,APROBADO
Pepe Puma Audaz,28445X,528837,APROBADO
Sacha Zorro Sigiloso,323228X,80923,APROBADO
Matias Gato Salvage,359024X,62306,RECHAZADO (Riesgo Salud/Financiero)
Juan Gato Sigiloso,937148X,270695,RECHAZADO (Riesgo Salud/Financiero)
Maria Condor Rojo,205011X,550102,RECHAZADO (Riesgo Salud/Financiero)
Lucho Nutria Sigiloso,750892X,334953,RECHAZADO (Riesgo Salud/Financiero)
Pancha Zorro Veloz,25856X,692712,APROBADO
Pancha Gato Sigiloso,464232X,503319,APROBADO
Lucho Ballena Audaz,116633X,460448,APROBADO
Pepe Perro Audaz,71419X,128958,APROBADO
Pancha Gato Gigante,584325X,704136,APROBADO
Pancha Zorro Veloz,651313X,559484,APROBADO
Pancha Nutria Veloz,458994X,789938,APROBADO
Francisco Huemul Salvage,197503X,415828,APROBADO
Lucho Ballena Rojo,401207X,624344,APROBADO
Coty Leon Sigiloso,719612X,615378,APROBADO
Pepe Gato Noble,267253X,100618,APROBADO
Lucho Huemul Gigante,684227X,559373,APROBADO
Francisco Huemul Rojo,750102X,448516,APROBADO
Francisco Gato Rojo,89491X,412626,RECHAZADO (Riesgo Salud/Financiero)
Sacha Puma Veloz,719958X,376979,RECHAZADO (Riesgo Salud/Financiero)
Matias Zorro Gigante,229325X,274252,RECHAZADO (Riesgo Salud/Financiero)
Francisco Condor Rojo,870624X,235391,APROBADO
Juan Huemul Austral,709232X,656334,APROBADO
Coty Zorro Salvage,370028X,821842,APROBADO
Francisco Zorro Veloz,683461X,46666,APROBADO
Coty Condor Gigante,606024X,484178,RECHAZADO (Riesgo Salud/Financiero)
Pepe Puma Audaz,303514X,697020,APROBADO
Pancha Perro Gigante,302262X,184944,APROBADO
Sacha Perro Salvage,451991X,820032,APROBADO
Francisco Puma Veloz,726781X,143045,APROBADO
Maria Huemul Salvage,942629X,506617,APROBADO
Francisco Gato Salvage,616201X,614940,APROBADO
Juan Perro Rojo,268262X,659658,APROBADO
Matias Perro Noble,848080X,440635,APROBADO
Pancha Ballena Sigiloso,740591X,437496,APROBADO
Pepe Gato Audaz,88272X,142978,APROBADO
Francisco Zorro Sigiloso,221056X,792120,APROBADO
Sacha Puma Gigante,133737X,229009,APROBADO
Francisco Condor Rojo,867906X,782867,APROBADO
Juan Perro Austral,432275X,248226,RECHAZADO (Riesgo Salud/Financiero)
Pancha Zorro Audaz,49542X,589440,APROBADO
Matias Puma Gigante,740200X,563393,APROBADO
Juan Puma Austral,420126X,572108,APROBADO
Pepe Condor Salvage,413859X,409917,APROBADO
Maria Ballena Audaz,597417X,826073,APROBADO
Maria Huemul Rojo,449087X,279631,APROBADO
Matias Huemul Salvage,61725X,427897,RECHAZADO (Riesgo Salud/Financiero)
Lucho Gato Salvage,369160X,153365,RECHAZADO (Riesgo Salud/Financiero)
Pepe Gato Rojo,866075X,169104,APROBADO
Francisco Ballena Audaz,140962X,130443,APROBADO
Maria Puma Veloz,383133X,819373,APROBADO
Pepe Puma Rojo,552373X,383266,RECHAZADO (Riesgo Salud/Financiero)
Francisco Puma Salvage,574138X,594692,APROBADO
Coty Gato Salvage,919256X,115993,APROBADO
Maria Condor Gigante,838091X,473632,RECHAZADO (Riesgo Salud/Financiero)
Pepe Condor Noble,535266X,295778,APROBADO
Lucho Perro Rojo,403563X,765845,APROBADO
Juan Zorro Audaz,244563X,874481,RECHAZADO (Riesgo Salud/Financiero)
Pancha Huemul Sigiloso,815408X,265061,RECHAZADO (Riesgo Salud/Financiero)
Pancha Zorro Rojo,771164X,636646,APROBADO
Sacha Condor Rojo,184155X,210722,APROBADO
Juan Condor Gigante,2881X,415812,APROBADO
Juan Condor Noble,398123X,296405,APROBADO
Pepe Ballena Sigiloso,559942X,802089,RECHAZADO (Riesgo Salud/Financiero)
Lucho Condor Salvage,536525X,809769,APROBADO
Pancha Condor Gigante,280822X,859709,APROBADO
Maria Leon Gigante,280453X,26872,APROBADO
Juan Ballena Audaz,399720X,535894,APROBADO
Francisco Perro Audaz,962659X,138327,APROBADO
Sacha Huemul Austral,679293X,240702,APROBADO
Maria Nutria Noble,300894X,132355,APROBADO
Juan Gato Salvage,79994X,219281,APROBADO
Matias Puma Gigante,77193X,497251,RECHAZADO (Riesgo Salud/Financiero)
Pancha Puma Veloz,553363X,135680,APROBADO
Matias Leon Audaz,368303X,246805,RECHAZADO (Riesgo Salud/Financiero)
Lucho Zorro Salvage,123215X,678829,APROBADO
Sacha Perro Salvage,432824X,742363,APROBADO
Pepe Ballena Audaz,182990X,676150,APROBADO
Lucho Ballena Austral,718426X,197554,APROBADO
Juan Nutria Austral,920792X,477992,APROBADO
Coty Huemul Salvage,919774X,234402,APROBADO
Matias Ballena Rojo,36520X,537362,APROBADO
Coty Zorro Rojo,482621X,470852,APROBADO
Francisco Zorro Audaz,811726X,726324,APROBADO
Coty Ballena Noble,614188X,473242,APROBADO
Maria Huemul Sigiloso,163143X,127920,RECHAZADO (Riesgo Salud/Financiero)
Sacha Condor Audaz,741482X,664283,APROBADO
Coty Ballena Austral,816575X,22720,RECHAZADO (Riesgo Salud/Financiero)
Matias Gato Salvage,883295X,772468,APROBADO
Coty Nutria Veloz,775862X,883077,RECHAZADO (Riesgo Salud/Financiero)
Lucho Gato Noble,363286X,237017,APROBADO
Pancha Puma Noble,290196X,608140,APROBADO
Coty Leon Noble,532419X,239874,APROBADO
Juan Ballena Rojo,88759X,755188,RECHAZADO (Riesgo Salud/Financiero)
Sacha Perro Veloz,978386X,876701,APROBADO
Coty Leon Noble,107919X,47742,APROBADO
Francisco Gato Rojo,919768X,474763,APROBADO
Pancha Huemul Sigiloso,673994X,459620,APROBADO
Pancha Zorro Rojo,302236X,634913,APROBADO
Pancha Condor Noble,350936X,230673,APROBADO
Pepe Puma Veloz,610699X,424128,RECHAZADO (Riesgo Salud/Financiero)
Pancha Nutria Gigante,220740X,860955,APROBADO
Francisco Puma Rojo,942612X,714780,APROBADO
Sacha Puma Audaz,254561X,417537,APROBADO
Coty Gato Salvage,236708X,69080,APROBADO
Pepe Ballena Noble,642425X,65755,APROBADO
Francisco Perro Rojo,844528X,635938,APROBADO
Pancha Nutria Rojo,688910X,89956,APROBADO
Lucho Perro Audaz,864057X,818545,APROBADO
Francisco Puma Gigante,415993X,465662,APROBADO
Sacha Puma Audaz,368365X,733448,APROBADO
Pancha Gato Sigiloso,804624X,94764,APROBADO
Lucho Zorro Salvage,190335X,377357,APROBADO
Matias Puma Noble,323290X,514850,APROBADO
Francisco Nutria Rojo,839292X,581731,RECHAZADO (Riesgo Salud/Financiero)
Francisco Nutria Gigante,301734X,568145,APROBADO
Pancha Gato Salvage,437813X,344080,APROBADO
Matias Condor Veloz,956393X,852398,APROBADO
Sacha Leon Sigiloso,858338X,621589,APROBADO
Francisco Ballena Veloz,383688X,525756,APROBADO
Francisco Leon Noble,745880X,317911,APROBADO
Pepe Gato Noble,519137X,168543,APROBADO
Pancha Leon Gigante,195402X,265300,APROBADO
Pepe Perro Sigiloso,626678X,869495,RECHAZADO (Riesgo Salud/Financiero)
Juan Nutria Sigiloso,763445X,856318,RECHAZADO (Riesgo Salud/Financiero)
Lucho Ballena Veloz,949177X,317393,APROBADO
Francisco Leon Austral,792827X,201279,APROBADO
Pancha Huemul Veloz,138902X,390014,APROBADO
Pepe Zorro Rojo,845564X,809955,APROBADO
Juan Gato Veloz,602232X,328438,APROBADO
Sacha Zorro Gigante,687506X,618125,APROBADO
Lucho Nutria Audaz,747474X,36748,APROBADO
Sacha Ballena Veloz,393477X,553660,APROBADO
Pepe Leon Austral,335333X,894702,APROBADO
Pancha Zorro Veloz,145791X,209823,APROBADO
Coty Perro Gigante,522149X,306444,APROBADO
Matias Puma Rojo,289546X,48692,APROBADO
Juan Condor Veloz,142322X,578408,APROBADO
Pancha Huemul Sigiloso,515404X,678882,RECHAZADO (Riesgo Salud/Financiero)
Maria Perro Sigiloso,580211X,389173,RECHAZADO (Riesgo Salud/Financiero)
Matias Condor Veloz,375594X,894293,APROBADO
Pancha Huemul Austral,557407X,215290,APROBADO
Sacha Huemul Noble,123398X,523455,APROBADO
Juan Huemul Gigante,453994X,290052,RECHAZADO (Riesgo Salud/Financiero)
Maria Nutria Austral,665142X,322854,APROBADO
Pepe Ballena Audaz,784887X,386895,APROBADO
Lucho Zorro Salvage,550462X,584500,APROBADO
Sacha Condor Gigante,353662X,591751,APROBADO
Sacha Leon Veloz,186978X,264113,APROBADO
Lucho Zorro Noble,844201X,46193,RECHAZADO (Riesgo Salud/Financiero)
Lucho Perro Salvage,147074X,41267,APROBADO
Lucho Puma Salvage,493811X,294611,APROBADO
Matias Huemul Salvage,375638X,175452,APROBADO
Coty Condor Salvage,170880X,269737,APROBADO
Maria Leon Veloz,245438X,843533,RECHAZADO (Riesgo Salud/Financiero)
Maria Huemul Rojo,398094X,451758,RECHAZADO (Riesgo Salud/Financiero)
Lucho Puma Austral,979339X,833920,APROBADO
Maria Condor Austral,608713X,468513,APROBADO
Lucho Puma Gigante,541875X,589706,APROBADO
Pepe Puma Austral,980317X,38358,APROBADO
Juan Condor Noble,727992X,380728,RECHAZADO (Riesgo Salud/Financiero)
Pepe Puma Rojo,397298X,510289,APROBADO
Pancha Perro Salvage,675529X,893752,APROBADO
Sacha Condor Audaz,983773X,861537,APROBADO
Coty Nutria Salvage,471465X,693058,APROBADO
Pepe Ballena Audaz,407163X,710401,APROBADO
Lucho Leon Salvage,198671X,350800,APROBADO
Juan Condor Veloz,502870X,599362,APROBADO
Maria Nutria Veloz,708610X,438945,APROBADO
Maria Condor Gigante,353121X,258017,APROBADO
Matias Puma Veloz,199321X,433175,APROBADO
Pancha Perro Noble,461295X,538187,APROBADO
Francisco Huemul Rojo,132787X,222903,APROBADO
Lucho Huemul Veloz,423468X,311878,APROBADO
Pepe Gato Gigante,497555X,358557,APROBADO
Pancha Condor Audaz,56278X,175522,APROBADO
Pancha Ballena Gigante,214114X,519322,APROBADO
Sacha Huemul Noble,290580X,426480,RECHAZADO (Riesgo Salud/Financiero)
Lucho Gato Rojo,363316X,397242,APROBADO
Pancha Nutria Noble,334562X,866923,APROBADO
Pepe Zorro Audaz,314020X,559570,APROBADO
Coty Condor Rojo,687128X,66221,RECHAZADO (Riesgo Salud/Financiero)
Lucho Zorro Salvage,110697X,429652,APROBADO
Sacha Perro Audaz,6471X,531437,APROBADO
Matias Condor Gigante,248156X,352137,APROBADO
Sacha Perro Sigiloso,839198X,780164,APROBADO
Coty Puma Gigante,585725X,371503,APROBADO
Lucho Ballena Audaz,709734X,302447,APROBADO
Sacha Huemul Salvage,826276X,509736,APROBADO
Pancha Nutria Sigiloso,73211X,798123,RECHAZADO (Riesgo Salud/Financiero)
Sacha Zorro Audaz,272261X,591088,APROBADO
Juan Puma Veloz,749249X,226749,APROBADO
Coty Zorro Austral,407406X,685283,APROBADO
Juan Zorro Austral,399894X,741154,APROBADO
Pepe Gato Rojo,883449X,316969,APROBADO
Maria Gato Sigiloso,708736X,49987,APROBADO
Pancha Zorro Sigiloso,776472X,801686,APROBADO
Lucho Nutria Austral,481000X,38085,RECHAZADO (Riesgo Salud/Financiero)
Coty Ballena Gigante,702532X,878580,APROBADO
Matias Leon Veloz,966273X,69725,APROBADO
Juan Ballena Rojo,672757X,703852,APROBADO
Matias Zorro Noble,596611X,197127,APROBADO
Sacha Puma Salvage,359606X,91961,APROBADO
Pepe Leon Audaz,100254X,316712,APROBADO
Coty Leon Audaz,244655X,236174,RECHAZADO (Riesgo Salud/Financiero)
Maria Condor Salvage,162180X,665252,APROBADO
Francisco Ballena Gigante,931176X,157245,APROBADO
Pepe Perro Veloz,486050X,772064,APROBADO
Pancha Ballena Rojo,632063X,664493,APROBADO
Maria Leon Sigiloso,840563X,305896,APROBADO
Juan Nutria Salvage,316494X,231493,APROBADO
Matias Huemul Salvage,786815X,188809,APROBADO
Coty Nutria Austral,797630X,127330,APROBADO
Lucho Zorro Noble,786374X,315161,APROBADO
Sacha Ballena Sigiloso,262419X,758215,APROBADO
Lucho Ballena Veloz,809924X,699224,APROBADO
Coty Ballena Noble,156672X,263053,APROBADO
Pepe Leon Salvage,208178X,214939,APROBADO
Maria Leon Austral,879454X,262740,APROBADO
Coty Zorro Audaz,967405X,522252,APROBADO
Matias Ballena Gigante,789792X,377013,APROBADO
Pepe Condor Noble,853994X,194690,APROBADO
Sacha Puma Noble,124953X,796823,APROBADO
Maria Gato Rojo,33594X,224582,APROBADO
Francisco Huemul Rojo,332321X,784462,APROBADO
Pancha Huemul Noble,357509X,719366,RECHAZADO (Riesgo Salud/Financiero)
Pancha Zorro Sigiloso,101019X,77334,RECHAZADO (Riesgo Salud/Financiero)
Pepe Puma Sigiloso,387854X,765886,APROBADO
Lucho Huemul Rojo,498145X,111012,RECHAZADO (Riesgo Salud/Financiero)
Coty Leon Salvage,250741X,814383,APROBADO
Coty Condor Sigiloso,122646X,220372,APROBADO
Matias Leon Gigante,359162X,836818,APROBADO
Matias Perro Noble,88128X,120155,RECHAZADO (Riesgo Salud/Financiero)
Maria Ballena Rojo,874929X,465986,APROBADO
Maria Condor Veloz,764607X,161711,APROBADO
Juan Nutria Gigante,340673X,174601,APROBADO
Juan Leon Noble,985990X,411029,APROBADO
Juan Perro Noble,909022X,560784,APROBADO
Juan Zorro Audaz,865055X,507236,APROBADO
Francisco Ballena Audaz,184192X,48850,APROBADO
Matias Huemul Salvage,25080X,604615,APROBADO
Sacha Zorro Austral,511462X,599545,APROBADO
Coty Leon Audaz,730073X,481081,APROBADO
Matias Nutria Veloz,690000X,670281,RECHAZADO (Riesgo Salud/Financiero)
Coty Leon Salvage,873586X,402143,APROBADO
Matias Leon Noble,456781X,334287,APROBADO
Sacha Ballena Austral,572168X,465307,APROBADO
Juan Gato Audaz,18735X,873056,APROBADO
Sacha Huemul Gigante,477664X,813915,APROBADO
Coty Condor Salvage,383526X,817118,APROBADO
Matias Puma Rojo,166152X,620611,RECHAZADO (Riesgo Salud/Financiero)
Juan Nutria Sigiloso,344420X,84818,RECHAZADO (Riesgo Salud/Financiero)
Pancha Perro Austral,479449X,724545,APROBADO
Sacha Zorro Austral,162463X,520951,APROBADO
Lucho Perro Austral,18655X,233991,APROBADO
Matias Perro Audaz,830252X,723224,APROBADO
Matias Puma Austral,217884X,525524,APROBADO
Pancha Puma Veloz,306515X,383733,APROBADO
Pepe Puma Noble,150994X,579635,APROBADO
Maria Gato Veloz,454337X,168219,APROBADO
Pancha Gato Audaz,953682X,232874,APROBADO
Sacha Puma Austral,897619X,112036,APROBADO
Sacha Puma Rojo,920182X,331361,APROBADO
Pancha Zorro Austral,278522X,499139,APROBADO
Lucho Puma Veloz,879214X,303063,RECHAZADO (Riesgo Salud/Financiero)
Pancha Leon Sigiloso,702753X,253148,APROBADO
Maria Huemul Noble,789943X,16479,APROBADO
Pancha Perro Audaz,429966X,822419,APROBADO
Maria Nutria Sigiloso,605246X,682000,APROBADO
Maria Nutria Gigante,910607X,428549,APROBADO
Lucho Gato Audaz,23785X,546162,APROBADO
Pancha Ballena Sigiloso,24664X,143363,RECHAZADO (Riesgo Salud/Financiero)
Francisco Leon Veloz,863313X,232897,APROBADO
Matias Puma Audaz,967924X,518371,APROBADO
Pancha Nutria Rojo,47708X,324944,APROBADO
Sacha Nutria Gigante,374890X,657349,RECHAZADO (Riesgo Salud/Financiero)
Maria Condor Rojo,709510X,707664,APROBADO
Coty Nutria Salvage,36299X,829794,RECHAZADO (Riesgo Salud/Financiero)
Sacha Huemul Rojo,133957X,416870,APROBADO
Maria Perro Gigante,651419X,878265,APROBADO
Francisco Perro Austral,544932X,694069,APROBADO
Maria Perro Salvage,829245X,415413,APROBADO
Lucho Perro Audaz,834492X,745525,APROBADO
Pepe Zorro Austral,495880X,822407,APROBADO
Sacha Gato Noble,730953X,787304,APROBADO
Pancha Puma Gigante,513828X,188633,APROBADO
Matias Condor Sigiloso,615070X,378168,APROBADO
Pancha Condor Sigiloso,99382X,272390,RECHAZADO (Riesgo Salud/Financiero)
Pepe Zorro Veloz,37653X,571982,APROBADO
Lucho Ballena Veloz,201809X,707334,APROBADO
Maria Gato Rojo,261915X,823001,APROBADO
Coty Huemul Gigante,526050X,183268,APROBADO
Maria Zorro Salvage,466109X,893508,APROBADO
Francisco Nutria Austral,41216X,319556,RECHAZADO (Riesgo Salud/Financiero)
Lucho Gato Audaz,357735X,597705,APROBADO
Lucho Puma Noble,753689X,300947,APROBADO
Matias Gato Gigante,600760X,833578,RECHAZADO (Riesgo Salud/Financiero)
Pancha Huemul Austral,89618X,257811,APROBADO
Sacha Huemul Sigiloso,413433X,608892,APROBADO
Maria Puma Veloz,119676X,771811,RECHAZADO (Riesgo Salud/Financiero)
Francisco Ballena Rojo,703844X,42432,APROBADO
Francisco Nutria Sigiloso,327374X,351875,APROBADO
Coty Leon Veloz,130868X,744727,APROBADO
Francisco Leon Noble,338476X,741088,APROBADO
Coty Perro Audaz,827050X,879799,APROBADO
Maria Nutria Sigiloso,11883X,722647,APROBADO
Matias Leon Salvage,988516X,146088,APROBADO
Juan Perro Austral,606282X,245395,APROBADO
Maria Leon Veloz,147117X,418209,APROBADO
Pancha Zorro Sigiloso,219918X,479404,APROBADO
Sacha Leon Audaz,95848X,164479,APROBADO
Francisco Leon Veloz,454231X,35734,RECHAZADO (Riesgo Salud/Financiero)
Lucho Ballena Noble,428543X,329422,APROBADO
Pepe Condor Sigiloso,753417X,688189,APROBADO
Lucho Nutria Austral,434241X,186376,APROBADO
Juan Ballena Gigante,978478X,386338,RECHAZADO (Riesgo Salud/Financiero)
Pepe Gato Veloz,332341X,725032,RECHAZADO (Riesgo Salud/Financiero)
Sacha Puma Noble,945565X,177878,APROBADO
Sacha Gato Sigiloso,27482X,168509,APROBADO
Maria Puma Rojo,41689X,366305,APROBADO
Juan Huemul Audaz,142885X,318827,APROBADO
Pepe Gato Rojo,50652X,585848,APROBADO
Juan Ballena Veloz,834703X,346960,RECHAZADO (Riesgo Salud/Financiero)
Pancha Nutria Rojo,955161X,64790,APROBADO
Pancha Condor Salvage,539748X,206987,APROBADO
Matias Huemul Noble,945837X,692482,APROBADO
Matias Zorro Austral,829398X,627736,RECHAZADO (Riesgo Salud/Financiero)
Sacha Ballena Austral,238132X,324971,RECHAZADO (Riesgo Salud/Financiero)
Pancha Condor Sigiloso,817944X,357025,APROBADO
Pancha Huemul Sigiloso,386151X,490246,APROBADO
Maria Ballena Audaz,196728X,120746,APROBADO
Coty Leon Austral,226800X,160919,RECHAZADO (Riesgo Salud/Financiero)
Lucho Perro Veloz,816242X,411125,APROBADO
Maria Condor Noble,678908X,485367,APROBADO
Francisco Huemul Gigante,347354X,790152,RECHAZADO (Riesgo Salud/Financiero)
Juan Puma Noble,959394X,784516,APROBADO
Francisco Ballena Gigante,847689X,740087,RECHAZADO (Riesgo Salud/Financiero)
Sacha Zorro Sigiloso,309596X,809929,RECHAZADO (Riesgo Salud/Financiero)
Coty Puma Sigiloso,430573X,675043,APROBADO
Maria Ballena Veloz,467182X,609124,RECHAZADO (Riesgo Salud/Financiero)
Matias Leon Sigiloso,295895X,715735,APROBADO
Francisco Perro Sigiloso,19404X,552252,RECHAZADO (Riesgo Salud/Financiero)
Coty Leon Gigante,837627X,85742,APROBADO
Francisco Huemul Noble,836588X,471882,RECHAZADO (Riesgo Salud/Financiero)
Matias Leon Gigante,490155X,408961,RECHAZADO (Riesgo Salud/Financiero)
Maria Leon Veloz,323053X,199968,APROBADO
Francisco Puma Audaz,878817X,343645,APROBADO
Coty Perro Rojo,257155X,773007,APROBADO
Maria Perro Audaz,490974X,880623,APROBADO
Lucho Nutria Audaz,412583X,530129,APROBADO
Pepe Zorro Rojo,656440X,848504,APROBADO
Lucho Ballena Audaz,437273X,112888,RECHAZADO (Riesgo Salud/Financiero)
Maria Puma Salvage,32905X,749208,APROBADO
Coty Ballena Salvage,992929X,129546,APROBADO
Francisco Ballena Salvage,591355X,423854,APROBADO
Lucho Gato Veloz,602243X,202869,APROBADO
Matias Ballena Veloz,439976X,895363,APROBADO
Lucho Condor Rojo,786396X,581799,APROBADO
Pancha Zorro Rojo,298073X,128042,APROBADO
Juan Leon Austral,994216X,731885,APROBADO
Juan Ballena Salvage,897672X,548436,APROBADO
Sacha Nutria Salvage,89007X,326037,APROBADO
Juan Puma Austral,890799X,505603,RECHAZADO (Riesgo Salud/Financiero)
Francisco Nutria Veloz,485115X,128606,APROBADO
Juan Perro Noble,674411X,98979,RECHAZADO (Riesgo Salud/Financiero)
Sacha Huemul Noble,186013X,140387,APROBADO
Lucho Huemul Salvage,385701X,830683,RECHAZADO (Riesgo Salud/Financiero)
Francisco Condor Austral,244558X,884927,APROBADO
Sacha Leon Audaz,330592X,220088,APROBADO
Maria Puma Sigiloso,498115X,644142,APROBADO
Pancha Condor Veloz,734328X,855852,APROBADO
Matias Huemul Gigante,241590X,260172,APROBADO
Juan Leon Noble,388500X,500631,APROBADO
Lucho Huemul Audaz,48946X,648095,APROBADO
Pepe Zorro Salvage,176266X,144205,APROBADO
Matias Ballena Noble,305075X,462545,APROBADO
Francisco Perro Rojo,279840X,170306,APROBADO
Pancha Leon Sigiloso,405612X,856921,APROBADO
Pancha Puma Austral,57725X,775072,RECHAZADO (Riesgo Salud/Financiero)
Coty Huemul Austral,955868X,832657,APROBADO
Francisco Perro Austral,353303X,405104,APROBADO
Juan Gato Austral,130948X,375466,APROBADO
Matias Leon Noble,970610X,539406,APROBADO
Lucho Perro Austral,909852X,198594,APROBADO
Pancha Perro Salvage,983535X,44025,APROBADO
Matias Nutria Salvage,440185X,701721,APROBADO
Maria Condor Austral,933363X,655372,APROBADO
Lucho Condor Veloz,824265X,68283,APROBADO
Pancha Perro Rojo,819947X,437316,RECHAZADO (Riesgo Salud/Financiero)
Pancha Ballena Rojo,835955X,302676,RECHAZADO (Riesgo Salud/Financiero)
Pepe Nutria Rojo,937045X,46208,APROBADO
Pepe Huemul Sigiloso,885440X,207765,APROBADO
Sacha Condor Gigante,577714X,192760,APROBADO
Francisco Perro Sigiloso,955073X,795816,APROBADO
Pepe Zorro Rojo,323593X,228706,APROBADO
Matias Nutria Noble,360062X,307498,RECHAZADO (Riesgo Salud/Financiero)
Matias Nutria Austral,315205X,472154,APROBADO
Juan Leon Rojo,667710X,633977,APROBADO
Lucho Huemul Gigante,130476X,119629,APROBADO
Juan Nutria Veloz,370249X,378055,APROBADO
Coty Leon Noble,144950X,751716,APROBADO
Maria Puma Noble,470502X,216130,APROBADO
Pepe Perro Austral,203277X,51518,APROBADO
Pancha Huemul Noble,759900X,331161,APROBADO
Lucho Zorro Salvage,870362X,83436,APROBADO
Pancha Nutria Sigiloso,842394X,149488,APROBADO
Matias Condor Noble,147455X,240032,APROBADO
Pepe Huemul Rojo,892591X,880318,APROBADO
Francisco Huemul Noble,601435X,399155,APROBADO
Coty Huemul Sigiloso,506098X,374914,APROBADO
Coty Zorro Gigante,716169X,149320,RECHAZADO (Riesgo Salud/Financiero)
Lucho Gato Sigiloso,349314X,429347,RECHAZADO (Riesgo Salud/Financiero)
Juan Condor Veloz,997747X,752291,RECHAZADO (Riesgo Salud/Financiero)
Maria Gato Noble,200854X,617189,RECHAZADO (Riesgo Salud/Financiero)
Coty Huemul Austral,83439X,545737,APROBADO
Matias Huemul Veloz,898162X,471096,APROBADO
Coty Puma Veloz,887336X,220160,APROBADO
Coty Puma Veloz,651056X,151197,RECHAZADO (Riesgo Salud/Financiero)
Francisco Puma Rojo,428473X,317669,APROBADO
Lucho Nutria Austral,560963X,484168,APROBADO
Maria Condor Rojo,137699X,856367,APROBADO
Lucho Gato Salvage,107019X,101260,APROBADO
Sacha Huemul Audaz,383628X,446794,APROBADO
Pepe Condor Austral,456023X,397214,APROBADO
Juan Leon Audaz,152180X,606745,APROBADO
Matias Leon Austral,465996X,853995,APROBADO
Pancha Huemul Audaz,541038X,876449,RECHAZADO (Riesgo Salud/Financiero)
Pepe Gato Gigante,330254X,363616,APROBADO
Francisco Zorro Rojo,817691X,110663,APROBADO
Coty Condor Gigante,689876X,869245,RECHAZADO (Riesgo Salud/Financiero)
Juan Puma Noble,947987X,712893,RECHAZADO (Riesgo Salud/Financiero)
Sacha Leon Veloz,687734X,416718,RECHAZADO (Riesgo Salud/Financiero)
Francisco Zorro Gigante,244036X,167167,APROBADO
Maria Ballena Gigante,614338X,395267,RECHAZADO (Riesgo Salud/Financiero)
Pancha Huemul Sigiloso,86546X,553243,RECHAZADO (Riesgo Salud/Financiero)
Pepe Condor Austral,995255X,81673,APROBADO
Coty Huemul Veloz,91515X,467369,APROBADO
Coty Perro Austral,424564X,688701,APROBADO
Coty Nutria Audaz,581219X,749599,APROBADO
Matias Condor Salvage,546328X,897777,APROBADO
Coty Puma Sigiloso,554488X,89645,APROBADO
Pancha Leon Gigante,750432X,881647,RECHAZADO (Riesgo Salud/Financiero)
Pancha Perro Sigiloso,516847X,146171,APROBADO
Pancha Condor Austral,608785X,831247,APROBADO
Matias Condor Salvage,113012X,554951,APROBADO
Pepe Nutria Rojo,944546X,581647,APROBADO
Matias Nutria Veloz,288211X,424224,APROBADO
Francisco Puma Rojo,844162X,199137,APROBADO
Pepe Zorro Salvage,325837X,41010,APROBADO
Sacha Huemul Rojo,109872X,235600,APROBADO
Matias Zorro Sigiloso,311312X,538562,APROBADO
Lucho Condor Audaz,405880X,68575,APROBADO
Pepe Condor Austral,639655X,393806,APROBADO
Maria Huemul Salvage,443468X,434921,APROBADO
Francisco Ballena Gigante,359613X,552742,APROBADO
Sacha Zorro Audaz,66863X,710419,APROBADO
Francisco Huemul Gigante,924379X,807806,RECHAZADO (Riesgo Salud/Financiero)
Pepe Condor Austral,423814X,249965,APROBADO
Pancha Perro Salvage,871902X,456379,APROBADO
Pancha Gato Austral,338766X,450226,APROBADO
Maria Leon Austral,595001X,753776,APROBADO
Francisco Nutria Rojo,842511X,772364,APROBADO
Pancha Perro Veloz,33311X,282396,APROBADO
Lucho Ballena Rojo,370349X,22908,APROBADO
Pepe Nutria Salvage,656983X,144665,APROBADO
Coty Gato Gigante,99384X,865095,APROBADO
Juan Leon Noble,262659X,409754,APROBADO
Lucho Huemul Sigiloso,386279X,120759,APROBADO
Matias Huemul Audaz,843337X,191712,APROBADO
Coty Perro Veloz,136975X,310725,APROBADO
Lucho Gato Gigante,339471X,24084,APROBADO
Sacha Ballena Audaz,767892X,290586,APROBADO
Maria Huemul Audaz,312340X,71571,APROBADO
Sacha Puma Salvage,325489X,750065,APROBADO
Sacha Gato Noble,62075X,672181,APROBADO
Juan Huemul Noble,925441X,213827,APROBADO
Pepe Condor Rojo,326181X,695346,APROBADO
Maria Gato Rojo,647790X,381056,APROBADO
Juan Leon Noble,497095X,817769,APROBADO
Pepe Leon Veloz,350581X,289199,APROBADO
Maria Huemul Noble,916690X,301846,APROBADO
Sacha Leon Audaz,302434X,435054,APROBADO
Pepe Ballena Salvage,117264X,143483,RECHAZADO (Riesgo Salud/Financiero)
Lucho Perro Salvage,799605X,51371,APROBADO
Francisco Perro Audaz,557435X,298880,RECHAZADO (Riesgo Salud/Financiero)
Lucho Zorro Veloz,688571X,429352,APROBADO
Francisco Ballena Audaz,476429X,835228,APROBADO
Coty Gato Audaz,301502X,869417,RECHAZADO (Riesgo Salud/Financiero)
Pancha Condor Noble,879255X,254831,APROBADO
Matias Huemul Veloz,443643X,556151,APROBADO
Lucho Gato Rojo,913456X,442894,APROBADO
Maria Perro Rojo,15758X,211092,RECHAZADO (Riesgo Salud/Financiero)
Francisco Ballena Rojo,975279X,512041,APROBADO
Matias Leon Austral,633782X,286042,APROBADO
Coty Gato Rojo,501719X,827200,RECHAZADO (Riesgo Salud/Financiero)
Pepe Gato Rojo,546766X,186832,APROBADO
Sacha Gato Rojo,924568X,741895,RECHAZADO (Riesgo Salud/Financiero)
Pepe Puma Salvage,127616X,498810,APROBADO
Lucho Ballena Veloz,769938X,371775,APROBADO
Francisco Leon Noble,219133X,400786,RECHAZADO (Riesgo Salud/Financiero)
Juan Condor Noble,912944X,410125,RECHAZADO (Riesgo Salud/Financiero)
Francisco Nutria Veloz,585740X,479113,RECHAZADO (Riesgo Salud/Financiero)
Pepe Huemul Austral,185908X,112773,RECHAZADO (Riesgo Salud/Financiero)
Matias Huemul Audaz,305073X,731498,APROBADO
Sacha Ballena Audaz,426826X,763230,APROBADO
Pepe Zorro Audaz,124024X,593454,APROBADO
Maria Leon Austral,889325X,616188,APROBADO
Matias Zorro Rojo,795739X,372570,APROBADO
Sacha Condor Salvage,804588X,338690,APROBADO
Pancha Condor Veloz,392007X,257298,APROBADO
Pepe Condor Rojo,768052X,472340,APROBADO
Pancha Perro Sigiloso,108893X,723216,APROBADO
Sacha Huemul Austral,295764X,322283,APROBADO
Pancha Condor Noble,593852X,762001,APROBADO
Coty Huemul Veloz,634508X,96086,APROBADO
Lucho Gato Sigiloso,525378X,63633,APROBADO
Maria Huemul Sigiloso,743863X,600512,APROBADO
Pepe Zorro Veloz,353891X,243059,APROBADO
Lucho Leon Salvage,320189X,869983,RECHAZADO (Riesgo Salud/Financiero)
Coty Puma Sigiloso,269019X,250665,APROBADO
Matias Condor Austral,180076X,563832,APROBADO
Sacha Leon Rojo,569169X,899066,RECHAZADO (Riesgo Salud/Financiero)
Francisco Huemul Noble,25431X,471558,APROBADO
Matias Huemul Sigiloso,763518X,202993,APROBADO
Pepe Zorro Veloz,597802X,712709,RECHAZADO (Riesgo Salud/Financiero)
Matias Gato Rojo,612269X,307179,APROBADO
Pepe Gato Noble,807453X,291132,APROBADO
Juan Perro Salvage,88089X,178057,APROBADO
Lucho Perro Austral,188282X,275057,RECHAZADO (Riesgo Salud/Financiero)
Lucho Gato Austral,758742X,93023,RECHAZADO (Riesgo Salud/Financiero)
Pepe Puma Sigiloso,775085X,537901,APROBADO
Pepe Puma Sigiloso,620352X,226021,APROBADO
Matias Perro Noble,563728X,741712,RECHAZADO (Riesgo Salud/Financiero)
Sacha Condor Sigiloso,519229X,322250,APROBADO
Francisco Leon Gigante,638804X,626777,APROBADO
Juan Condor Veloz,58249X,665992,APROBADO
Juan Ballena Rojo,973967X,848683,APROBADO
Pepe Nutria Sigiloso,891515X,157679,RECHAZADO (Riesgo Salud/Financiero)
Sacha Gato Noble,869470X,274993,APROBADO
Pancha Gato Veloz,784178X,700953,APROBADO
Lucho Zorro Gigante,209551X,573251,RECHAZADO (Riesgo Salud/Financiero)
Pancha Leon Salvage,432706X,43028,APROBADO
Pancha Ballena Rojo,156877X,724561,APROBADO
Pepe Huemul Gigante,115362X,860110,APROBADO
Lucho Leon Rojo,808019X,645600,APROBADO
Lucho Ballena Audaz,600981X,125303,APROBADO
Sacha Ballena Gigante,836424X,759539,APROBADO
Coty Leon Noble,599816X,580205,APROBADO
Coty Leon Noble,293604X,254403,APROBADO
Francisco Condor Austral,688800X,698369,APROBADO
Sacha Gato Rojo,909636X,352700,APROBADO
Pancha Ballena Veloz,296195X,232619,APROBADO
Matias Zorro Sigiloso,822747X,115650,APROBADO
Lucho Condor Salvage,554511X,170814,APROBADO
Coty Zorro Austral,997384X,334369,APROBADO
Pepe Ballena Sigiloso,215890X,661719,APROBADO
Matias Leon Noble,516909X,199539,APROBADO
Lucho Zorro Rojo,935776X,416943,RECHAZADO (Riesgo Salud/Financiero)
Matias Gato Rojo,122760X,885392,APROBADO
Sacha Leon Salvage,594858X,601907,APROBADO
Pepe Gato Noble,209215X,532465,APROBADO
Francisco Perro Salvage,655129X,655792,APROBADO
Matias Condor Salvage,124699X,287501,APROBADO
Matias Huemul Sigiloso,47406X,179796,APROBADO
Juan Puma Rojo,805410X,838198,APROBADO
Lucho Condor Noble,877375X,883201,APROBADO
Maria Huemul Audaz,970975X,122735,APROBADO
Coty Perro Sigiloso,755889X,281082,APROBADO
Lucho Ballena Sigiloso,477796X,590943,APROBADO
Sacha Condor Gigante,291905X,406093,APROBADO
Sacha Puma Veloz,109813X,414247,APROBADO
Matias Gato Austral,526557X,64757,RECHAZADO (Riesgo Salud/Financiero)
Lucho Zorro Salvage,791930X,800621,APROBADO
Matias Gato Noble,881448X,658714,APROBADO
Matias Condor Sigiloso,964800X,608214,APROBADO
Pepe Puma Austral,729882X,674892,RECHAZADO (Riesgo Salud/Financiero)
Juan Ballena Salvage,750116X,359564,APROBADO
Sacha Huemul Gigante,89988X,169726,APROBADO
Pancha Nutria Austral,296417X,391127,APROBADO
Pepe Huemul Noble,95643X,113714,APROBADO
Lucho Huemul Gigante,386334X,61424,RECHAZADO (Riesgo Salud/Financiero)
Maria Gato Veloz,459616X,627226,RECHAZADO (Riesgo Salud/Financiero)
Pepe Huemul Gigante,85368X,63672,APROBADO
Sacha Ballena Audaz,52252X,272066,APROBADO
Maria Perro Audaz,138899X,837494,APROBADO
Maria Leon Gigante,364052X,761256,APROBADO
Maria Huemul Rojo,928579X,341738,APROBADO
Coty Puma Veloz,487961X,158801,APROBADO
Coty Gato Noble,372599X,452016,APROBADO
Pepe Nutria Rojo,294372X,850705,APROBADO
Sacha Ballena Rojo,462604X,436815,APROBADO
Maria Zorro Veloz,365637X,257079,APROBADO
Juan Gato Veloz,62387X,583723,APROBADO
Coty Puma Rojo,809323X,814387,RECHAZADO (Riesgo Salud/Financiero)
Sacha Huemul Rojo,528861X,681034,APROBADO
Sacha Huemul Rojo,77394X,393649,RECHAZADO (Riesgo Salud/Financiero)
Pepe Condor Gigante,16697X,400406,APROBADO
Francisco Nutria Veloz,56433X,899296,RECHAZADO (Riesgo Salud/Financiero)
Pancha Leon Austral,521467X,872427,APROBADO
Pancha Condor Audaz,935171X,534989,APROBADO
Francisco Puma Gigante,739055X,201849,APROBADO
Juan Perro Gigante,326740X,885307,APROBADO
Matias Nutria Austral,975252X,39215,APROBADO
Sacha Gato Gigante,737731X,178269,APROBADO
Lucho Zorro Noble,152468X,407897,APROBADO
Pancha Condor Austral,315688X,616756,APROBADO
Pancha Ballena Rojo,774385X,437598,APROBADO
Juan Huemul Salvage,304432X,477445,APROBADO
Pepe Huemul Rojo,631919X,64011,APROBADO
Pepe Zorro Salvage,835832X,69338,RECHAZADO (Riesgo Salud/Financiero)
Maria Nutria Rojo,946055X,148674,APROBADO
Lucho Nutria Austral,793120X,855105,APROBADO
Matias Ballena Gigante,458678X,789546,APROBADO
Pancha Leon Salvage,596286X,40714,RECHAZADO (Riesgo Salud/Financiero)
Coty Ballena Salvage,674752X,519852,APROBADO
Juan Huemul Austral,524374X,617495,APROBADO
Pepe Puma Noble,795830X,510855,RECHAZADO (Riesgo Salud/Financiero)
Sacha Puma Salvage,341122X,247732,APROBADO
Matias Leon Noble,416011X,840465,RECHAZADO (Riesgo Salud/Financiero)
Matias Nutria Austral,417446X,220304,APROBADO
Sacha Gato Salvage,804214X,264715,APROBADO
Sacha Leon Rojo,339225X,728283,APROBADO
Pancha Condor Veloz,768639X,220433,APROBADO
Lucho Nutria Austral,65987X,411880,APROBADO
Pancha Condor Rojo,357141X,802884,APROBADO
Maria Zorro Salvage,869797X,205333,APROBADO
Sacha Ballena Salvage,698813X,403236,APROBADO
Coty Ballena Noble,624272X,566553,APROBADO
Sacha Puma Salvage,266459X,18006,RECHAZADO (Riesgo Salud/Financiero)
Francisco Zorro Salvage,952067X,332466,APROBADO
Matias Leon Veloz,720133X,631265,APROBADO
Lucho Nutria Noble,159352X,706912,RECHAZADO (Riesgo Salud/Financiero)
Lucho Nutria Audaz,631599X,143442,APROBADO
Juan Perro Gigante,915615X,56830,RECHAZADO (Riesgo Salud/Financiero)
Francisco Zorro Noble,835032X,326676,APROBADO
Coty Gato Audaz,957452X,195745,APROBADO
Maria Condor Veloz,339012X,357338,RECHAZADO (Riesgo Salud/Financiero)
Lucho Ballena Salvage,999042X,851341,APROBADO
Juan Leon Rojo,407775X,379256,APROBADO
Juan Ballena Salvage,385111X,830264,APROBADO
Pepe Perro Gigante,596941X,239794,APROBADO
Matias Huemul Noble,370832X,105110,APROBADO
Pepe Puma Gigante,295328X,568450,APROBADO
Lucho Nutria Audaz,366624X,742088,APROBADO
Matias Condor Austral,605539X,326241,APROBADO
Juan Condor Noble,588629X,15429,RECHAZADO (Riesgo Salud/Financiero)
Maria Ballena Rojo,219637X,350053,APROBADO
Francisco Zorro Veloz,372220X,381037,APROBADO
Maria Huemul Rojo,946743X,128447,APROBADO
Juan Leon Gigante,262217X,526309,APROBADO
Francisco Leon Sigiloso,36673X,320897,APROBADO
Pancha Huemul Rojo,383592X,830720,APROBADO
Juan Puma Audaz,732399X,754940,APROBADO
Lucho Zorro Rojo,627804X,484233,APROBADO
Pancha Huemul Sigiloso,48061X,607159,APROBADO
Juan Condor Austral,660794X,737247,RECHAZADO (Riesgo Salud/Financiero)
Sacha Huemul Rojo,676558X,810238,APROBADO
Francisco Puma Gigante,332248X,142447,APROBADO
Francisco Condor Sigiloso,758240X,646838,APROBADO
Pancha Gato Sigiloso,16774X,16490,APROBADO
Lucho Nutria Sigiloso,411567X,464225,APROBADO
Francisco Gato Gigante,267888X,184596,APROBADO
Francisco Gato Salvage,207585X,573948,APROBADO
Juan Gato Austral,427162X,194997,APROBADO
Coty Leon Noble,448440X,652654,APROBADO
Matias Gato Rojo,447048X,680719,RECHAZADO (Riesgo Salud/Financiero)
Coty Perro Audaz,868946X,583103,APROBADO
Pepe Leon Salvage,559386X,65862,APROBADO
Sacha Ballena Salvage,521931X,479646,RECHAZADO (Riesgo Salud/Financiero)
Lucho Gato Rojo,879192X,888871,APROBADO
Sacha Leon Veloz,924276X,450291,APROBADO
Juan Perro Gigante,823631X,77730,APROBADO
Lucho Leon Austral,73916X,736466,APROBADO
Coty Puma Salvage,953951X,49918,APROBADO
Pancha Condor Noble,430903X,213808,RECHAZADO (Riesgo Salud/Financiero)
Pancha Perro Austral,965466X,729558,APROBADO
Pepe Huemul Audaz,412417X,118590,APROBADO
Pepe Ballena Rojo,144534X,493676,APROBADO
Pepe Leon Austral,159343X,91805,APROBADO
Francisco Nutria Audaz,762285X,280848,APROBADO
Francisco Nutria Audaz,821984X,333784,APROBADO
Pepe Puma Rojo,743792X,279115,APROBADO
Pepe Leon Austral,970238X,74744,RECHAZADO (Riesgo Salud/Financiero)
Francisco Condor Sigiloso,287568X,593421,RECHAZADO (Riesgo Salud/Financiero)
Juan Ballena Salvage,533996X,15791,RECHAZADO (Riesgo Salud/Financiero)
Sacha Ballena Austral,581535X,754682,APROBADO
Pancha Perro Rojo,632155X,124318,RECHAZADO (Riesgo Salud/Financiero)
Lucho Gato Veloz,939263X,762987,APROBADO
Coty Leon Noble,537443X,738800,APROBADO
Pepe Nutria Salvage,765111X,345289,APROBADO
Matias Zorro Sigiloso,732061X,140970,APROBADO
Lucho Condor Austral,172993X,40673,RECHAZADO (Riesgo Salud/Financiero)
Coty Gato Veloz,884171X,590217,APROBADO
Pancha Zorro Audaz,925337X,684563,APROBADO
Juan Condor Gigante,533158X,844731,APROBADO
Juan Leon Audaz,352897X,410936,APROBADO
Coty Leon Veloz,405811X,292140,APROBADO
Juan Huemul Rojo,284121X,243923,APROBADO
Maria Perro Rojo,222022X,891624,APROBADO
Lucho Zorro Austral,407095X,232064,APROBADO
Francisco Nutria Gigante,799683X,125783,RECHAZADO (Riesgo Salud/Financiero)
Sacha Zorro Gigante,410816X,393510,APROBADO
Coty Zorro Austral,471189X,694238,RECHAZADO (Riesgo Salud/Financiero)
Lucho Leon Audaz,705969X,616312,APROBADO
Lucho Puma Veloz,997701X,856961,RECHAZADO (Riesgo Salud/Financiero)
Pancha Ballena Veloz,378685X,47546,APROBADO
Sacha Ballena Salvage,178099X,423342,APROBADO
Maria Condor Austral,533176X,50134,RECHAZADO (Riesgo Salud/Financiero)
Juan Leon Sigiloso,731697X,597588,APROBADO
Pepe Condor Salvage,170699X,551602,APROBADO
Pancha Ballena Audaz,210033X,815700,APROBADO
Sacha Leon Austral,92060X,348290,RECHAZADO (Riesgo Salud/Financiero)
Pepe Perro Sigiloso,528052X,438144,APROBADO
Francisco Puma Sigiloso,258878X,46134,APROBADO
Coty Ballena Noble,230274X,240378,APROBADO
Sacha Leon Salvage,944130X,844582,APROBADO
Juan Perro Salvage,758049X,557908,APROBADO
Francisco Perro Gigante,331880X,806871,APROBADO
Maria Leon Salvage,82319X,173533,APROBADO
Lucho Leon Austral,133299X,18367,RECHAZADO (Riesgo Salud/Financiero)
Pepe Nutria Salvage,392800X,346660,APROBADO
Matias Ballena Veloz,361449X,116804,APROBADO
Sacha Condor Sigiloso,253725X,555752,APROBADO
Coty Gato Gigante,381356X,55503,APROBADO
Lucho Puma Rojo,979880X,182714,APROBADO
Pancha Puma Noble,137259X,331203,APROBADO
Pepe Puma Austral,767316X,756809,APROBADO
Matias Nutria Audaz,26412X,486726,APROBADO
Sacha Nutria Audaz,593859X,584401,RECHAZADO (Riesgo Salud/Financiero)
Sacha Perro Sigiloso,642186X,272913,APROBADO
Lucho Huemul Austral,544576X,307895,APROBADO
Sacha Puma Salvage,610096X,599911,APROBADO
Pancha Huemul Noble,378479X,125762,APROBADO
Juan Zorro Salvage,771620X,765622,APROBADO
Sacha Perro Sigiloso,627334X,390412,APROBADO
Maria Nutria Salvage,58573X,695176,APROBADO
Maria Gato Veloz,804477X,25833,RECHAZADO (Riesgo Salud/Financiero)
Juan Zorro Gigante,279728X,446835,RECHAZADO (Riesgo Salud/Financiero)
Francisco Nutria Austral,752964X,131862,APROBADO
Francisco Leon Rojo,584894X,459536,RECHAZADO (Riesgo Salud/Financiero)
Sacha Nutria Austral,206240X,642766,APROBADO
Francisco Perro Sigiloso,882721X,848142,APROBADO
Francisco Zorro Sigiloso,598924X,265593,APROBADO
Pepe Puma Rojo,84275X,238526,APROBADO
Lucho Perro Veloz,377054X,490407,APROBADO
Maria Nutria Noble,313419X,630744,APROBADO
Pepe Ballena Rojo,605011X,742292,APROBADO
Pepe Nutria Noble,668469X,444611,APROBADO
Francisco Condor Audaz,794420X,86289,APROBADO
Coty Ballena Gigante,380731X,525362,APROBADO
Pepe Puma Rojo,663315X,127689,APROBADO
Coty Leon Veloz,300821X,468467,APROBADO
Sacha Zorro Austral,347283X,347596,APROBADO
Sacha Condor Rojo,21268X,849297,APROBADO
Coty Zorro Austral,541934X,411371,RECHAZADO (Riesgo Salud/Financiero)
Pancha Gato Austral,776637X,213200,APROBADO
Maria Huemul Rojo,882343X,265139,RECHAZADO (Riesgo Salud/Financiero)
Pepe Zorro Salvage,933170X,721069,APROBADO
Maria Leon Gigante,904852X,723324,APROBADO
Maria Condor Audaz,55152X,58471,APROBADO
Juan Zorro Noble,687546X,548250,APROBADO
Coty Leon Rojo,529906X,823683,APROBADO
Coty Leon Rojo,915291X,395267,APROBADO
Pepe Puma Gigante,413909X,237964,APROBADO
Matias Condor Audaz,214457X,488826,APROBADO
Maria Zorro Rojo,513398X,514946,APROBADO
Maria Nutria Gigante,27917X,170438,RECHAZADO (Riesgo Salud/Financiero)
Pepe Nutria Veloz,942177X,610513,APROBADO
Maria Ballena Austral,202110X,421470,APROBADO
Maria Ballena Rojo,185542X,503995,RECHAZADO (Riesgo Salud/Financiero)
Maria Huemul Audaz,550447X,107766,APROBADO
Pancha Gato Audaz,827398X,547807,APROBADO
Francisco Leon Salvage,86274X,58284,APROBADO
Francisco Ballena Noble,872905X,125905,APROBADO
Francisco Condor Austral,315751X,290591,APROBADO
Pancha Leon Noble,848211X,680607,APROBADO
Pancha Perro Gigante,879458X,63331,APROBADO
Maria Gato Sigiloso,880647X,846281,RECHAZADO (Riesgo Salud/Financiero)
Lucho Nutria Austral,229103X,830288,APROBADO
Sacha Nutria Noble,251986X,717619,APROBADO
Francisco Puma Veloz,647428X,223370,RECHAZADO (Riesgo Salud/Financiero)
Sacha Condor Austral,488292X,143166,APROBADO
Maria Nutria Noble,20282X,271550,APROBADO
Maria Zorro Austral,482140X,789279,APROBADO
Pancha Zorro Noble,738116X,297063,RECHAZADO (Riesgo Salud/Financiero)
Coty Puma Noble,365048X,36006,APROBADO
Juan Condor Veloz,866548X,529791,APROBADO
Juan Condor Rojo,574446X,605349,APROBADO
Juan Zorro Rojo,929180X,144945,RECHAZADO (Riesgo Salud/Financiero)
Juan Perro Veloz,900698X,251189,APROBADO
Matias Leon Rojo,853511X,431455,RECHAZADO (Riesgo Salud/Financiero)
Maria Puma Austral,464891X,271429,APROBADO
Coty Leon Austral,395348X,239582,APROBADO
Sacha Condor Rojo,429134X,702965,APROBADO
Coty Ballena Salvage,504356X,50249,APROBADO
Pepe Gato Audaz,377011X,30950,APROBADO
Sacha Puma Veloz,952089X,344583,APROBADO
Coty Leon Rojo,891195X,662476,APROBADO
Sacha Gato Salvage,994711X,216148,APROBADO
Lucho Condor Rojo,276979X,679640,APROBADO
Francisco Gato Gigante,404447X,79662,APROBADO
Pepe Huemul Audaz,372629X,850921,APROBADO
Coty Nutria Audaz,924893X,814002,APROBADO
Coty Condor Gigante,357311X,365040,APROBADO
Juan Ballena Salvage,820674X,376839,APROBADO
Lucho Nutria Veloz,119256X,64859,APROBADO
Pancha Ballena Gigante,849864X,219048,RECHAZADO (Riesgo Salud/Financiero)
Matias Puma Sigiloso,500222X,148818,APROBADO
Maria Ballena Salvage,874373X,594293,APROBADO
Lucho Nutria Audaz,344694X,281277,RECHAZADO (Riesgo Salud/Financiero)
Lucho Perro Noble,726894X,841880,APROBADO
Pancha Zorro Noble,707122X,443090,APROBADO
Pepe Huemul Veloz,779439X,772887,APROBADO
Maria Perro Austral,606915X,37828,APROBADO
Coty Puma Audaz,117792X,756535,APROBADO
Francisco Zorro Austral,825497X,398812,APROBADO
Lucho Perro Noble,649037X,839658,APROBADO
Pancha Leon Veloz,542924X,212981,RECHAZADO (Riesgo Salud/Financiero)
Lucho Huemul Noble,875986X,560988,RECHAZADO (Riesgo Salud/Financiero)
Sacha Nutria Rojo,335009X,193839,APROBADO
Coty Perro Rojo,484208X,433814,RECHAZADO (Riesgo Salud/Financiero)
Maria Perro Salvage,77218X,141429,RECHAZADO (Riesgo Salud/Financiero)
Juan Huemul Gigante,348268X,339888,RECHAZADO (Riesgo Salud/Financiero)
Matias Huemul Salvage,148935X,140320,APROBADO
Pancha Perro Austral,611234X,351272,APROBADO
Lucho Perro Salvage,714117X,644085,APROBADO
Juan Zorro Austral,870719X,461874,APROBADO
Matias Condor Gigante,782505X,158352,APROBADO
Pancha Zorro Gigante,597903X,865757,APROBADO
Juan Ballena Audaz,446224X,106492,RECHAZADO (Riesgo Salud/Financiero)
Pepe Ballena Sigiloso,847304X,300046,APROBADO
Juan Leon Audaz,222443X,566571,APROBADO
Pancha Perro Noble,522377X,450654,APROBADO
Maria Perro Rojo,570760X,452068,APROBADO
Sacha Huemul Rojo,567864X,416811,APROBADO
Maria Gato Austral,83956X,37206,APROBADO
Matias Gato Veloz,692521X,796666,APROBADO
Coty Puma Rojo,760367X,789677,APROBADO
Pepe Huemul Veloz,120168X,872837,APROBADO
Francisco Gato Rojo,49444X,805548,APROBADO
Francisco Perro Audaz,816746X,501107,APROBADO
Coty Nutria Veloz,211013X,137491,APROBADO
Pancha Huemul Sigiloso,895274X,198042,APROBADO
Pancha Zorro Veloz,582702X,471139,RECHAZADO (Riesgo Salud/Financiero)
Maria Gato Noble,903029X,412400,APROBADO
Pancha Leon Noble,666393X,839059,RECHAZADO (Riesgo Salud/Financiero)
Sacha Ballena Gigante,420382X,226522,APROBADO
Coty Gato Audaz,520438X,589443,RECHAZADO (Riesgo Salud/Financiero)
Francisco Nutria Audaz,678690X,87674,APROBADO
Matias Puma Austral,93442X,718125,APROBADO
Coty Ballena Rojo,999892X,382205,RECHAZADO (Riesgo Salud/Financiero)
Coty Nutria Rojo,787119X,100163,APROBADO
Coty Zorro Noble,733345X,599934,APROBADO
Pancha Nutria Austral,702128X,713443,APROBADO
Maria Gato Gigante,636831X,173079,APROBADO
Pepe Puma Veloz,370687X,32943,RECHAZADO (Riesgo Salud/Financiero)
Juan Huemul Gigante,402379X,621431,APROBADO
Matias Zorro Rojo,28523X,474349,APROBADO
Coty Condor Veloz,8556X,438353,APROBADO
Francisco Ballena Austral,175744X,587879,RECHAZADO (Riesgo Salud/Financiero)
Maria Huemul Austral,802994X,881386,APROBADO
Maria Leon Salvage,734299X,168320,APROBADO
Maria Gato Audaz,438268X,165918,APROBADO
Matias Huemul Austral,873159X,69704,APROBADO
Juan Ballena Salvage,275476X,896677,RECHAZADO (Riesgo Salud/Financiero)
Francisco Condor Sigiloso,290860X,403378,APROBADO
Lucho Huemul Sigiloso,148953X,103759,APROBADO
Pancha Puma Austral,839346X,766582,APROBADO
Juan Condor Veloz,547946X,536268,APROBADO
Pancha Gato Rojo,62406X,778497,RECHAZADO (Riesgo Salud/Financiero)
Maria Leon Sigiloso,184630X,173146,APROBADO
Juan Puma Sigiloso,15005X,377975,APROBADO
Lucho Gato Gigante,165437X,135739,APROBADO
Pancha Puma Sigiloso,2031X,321789,APROBADO
Matias Puma Noble,633138X,208539,RECHAZADO (Riesgo Salud/Financiero)
Coty Zorro Austral,555739X,643484,APROBADO
Pepe Condor Austral,576328X,618483,APROBADO
Francisco Puma Rojo,575617X,418798,APROBADO
Maria Gato Salvage,675450X,440213,APROBADO
Matias Nutria Noble,268607X,741506,APROBADO
Francisco Nutria Gigante,486553X,661408,APROBADO
Lucho Zorro Salvage,894576X,386586,APROBADO
Lucho Condor Rojo,844686X,404209,RECHAZADO (Riesgo Salud/Financiero)
Sacha Condor Rojo,228758X,547012,RECHAZADO (Riesgo Salud/Financiero)
Matias Zorro Salvage,573063X,79937,APROBADO
Lucho Puma Rojo,68443X,143949,APROBADO
Coty Condor Audaz,613388X,855200,APROBADO
Maria Nutria Audaz,430799X,886398,APROBADO
Juan Condor Noble,135436X,770149,APROBADO
Pancha Huemul Gigante,629059X,595884,APROBADO
Juan Nutria Rojo,628864X,816663,RECHAZADO (Riesgo Salud/Financiero)
Lucho Puma Rojo,952449X,429681,APROBADO
Maria Puma Sigiloso,842258X,795411,RECHAZADO (Riesgo Salud/Financiero)
Sacha Zorro Noble,519554X,835776,APROBADO
Maria Leon Gigante,849012X,301563,APROBADO
Juan Gato Sigiloso,907631X,841339,APROBADO
Pancha Condor Gigante,505787X,286903,APROBADO
Juan Nutria Noble,125454X,209962,APROBADO
Sacha Huemul Austral,889682X,309180,APROBADO
Juan Huemul Gigante,991965X,413735,RECHAZADO (Riesgo Salud/Financiero)
Francisco Zorro Austral,965045X,784828,APROBADO
Pepe Gato Veloz,536834X,585312,APROBADO
Matias Ballena Austral,76620X,751404,RECHAZADO (Riesgo Salud/Financiero)
Matias Condor Audaz,778752X,202106,APROBADO
Lucho Nutria Sigiloso,363570X,843873,APROBADO
Matias Puma Gigante,196348X,372518,APROBADO
Coty Puma Audaz,261561X,221923,RECHAZADO (Riesgo Salud/Financiero)
Sacha Leon Gigante,927790X,718633,RECHAZADO (Riesgo Salud/Financiero)
Francisco Gato Sigiloso,830769X,20283,APROBADO
Sacha Condor Audaz,696874X,312105,RECHAZADO (Riesgo Salud/Financiero)
Matias Perro Gigante,39178X,439273,APROBADO
Maria Huemul Salvage,241114X,653735,APROBADO
Juan Puma Audaz,389788X,369643,APROBADO
Coty Ballena Rojo,659389X,436486,RECHAZADO (Riesgo Salud/Financiero)
Lucho Condor Rojo,538998X,15748,APROBADO
Pancha Puma Audaz,513037X,518769,APROBADO
Coty Zorro Noble,707483X,229515,RECHAZADO (Riesgo Salud/Financiero)
Lucho Huemul Veloz,705999X,212686,APROBADO
Maria Puma Rojo,623007X,863209,RECHAZADO (Riesgo Salud/Financiero)
Matias Gato Noble,87428X,244319,RECHAZADO (Riesgo Salud/Financiero)
Lucho Leon Gigante,706955X,583461,RECHAZADO (Riesgo Salud/Financiero)
Lucho Zorro Rojo,630832X,680034,RECHAZADO (Riesgo Salud/Financiero)
Matias Nutria Sigiloso,343235X,373292,APROBADO
Francisco Perro Salvage,926078X,708370,RECHAZADO (Riesgo Salud/Financiero)
Juan Zorro Audaz,302559X,188431,APROBADO
Matias Condor Noble,787130X,17530,RECHAZADO (Riesgo Salud/Financiero)
Pancha Nutria Noble,834425X,828340,RECHAZADO (Riesgo Salud/Financiero)
Pepe Perro Salvage,287089X,799340,APROBADO
Sacha Perro Noble,143435X,461785,APROBADO
Matias Nutria Noble,819734X,894808,APROBADO
Pancha Nutria Gigante,174729X,359425,APROBADO
Pepe Nutria Sigiloso,978512X,66958,APROBADO
Lucho Leon Veloz,435409X,597584,RECHAZADO (Riesgo Salud/Financiero)
Coty Nutria Salvage,726382X,724114,APROBADO
Lucho Leon Austral,529322X,697628,RECHAZADO (Riesgo Salud/Financiero)
Juan Puma Sigiloso,194099X,206966,APROBADO
Juan Ballena Audaz,868313X,224147,APROBADO
Francisco Nutria Sigiloso,812849X,641046,APROBADO
Francisco Huemul Noble,157922X,586186,APROBADO
Sacha Nutria Audaz,205596X,332064,APROBADO
Lucho Leon Gigante,500681X,778767,APROBADO
Matias Nutria Salvage,625459X,129644,APROBADO
Pancha Leon Audaz,431927X,732619,APROBADO
Coty Nutria Noble,36728X,707777,APROBADO
Maria Condor Rojo,885313X,859792,APROBADO
Pancha Ballena Rojo,601163X,862271,APROBADO
Pancha Huemul Gigante,907525X,513327,RECHAZADO (Riesgo Salud/Financiero)
Sacha Gato Salvage,938780X,314068,RECHAZADO (Riesgo Salud/Financiero)
Sacha Leon Austral,211181X,443951,APROBADO
Pepe Ballena Sigiloso,9284X,267439,APROBADO
Pepe Leon Salvage,50300X,555761,APROBADO
Pepe Puma Austral,264976X,120246,APROBADO
Coty Leon Salvage,388452X,657576,APROBADO
Juan Puma Noble,669738X,869890,APROBADO
Coty Zorro Austral,548079X,296853,APROBADO
Sacha Zorro Salvage,685241X,360386,APROBADO
Coty Puma Audaz,17484X,531485,APROBADO
Francisco Zorro Sigiloso,461212X,42068,RECHAZADO (Riesgo Salud/Financiero)
Sacha Leon Veloz,657944X,567541,RECHAZADO (Riesgo Salud/Financiero)
Francisco Huemul Noble,575202X,306571,APROBADO
Matias Condor Rojo,471272X,814781,RECHAZADO (Riesgo Salud/Financiero)
Matias Condor Audaz,813733X,48958,RECHAZADO (Riesgo Salud/Financiero)
Francisco Perro Gigante,849773X,127296,APROBADO
Lucho Gato Noble,503273X,696672,RECHAZADO (Riesgo Salud/Financiero)
Matias Condor Audaz,282715X,686889,APROBADO
Matias Gato Rojo,657317X,649448,APROBADO
Francisco Zorro Gigante,310178X,276178,APROBADO
Matias Nutria Austral,69623X,150623,RECHAZADO (Riesgo Salud/Financiero)
Francisco Leon Rojo,439506X,883124,RECHAZADO (Riesgo Salud/Financiero)
Pancha Puma Noble,6692X,668200,APROBADO
Pancha Gato Rojo,459336X,308085,APROBADO
Matias Gato Rojo,78460X,404981,APROBADO
Matias Huemul Audaz,201558X,698857,APROBADO
Juan Zorro Veloz,43496X,39734,APROBADO
Francisco Nutria Gigante,330427X,91227,APROBADO
Matias Ballena Veloz,668628X,820231,APROBADO
Matias Nutria Veloz,812150X,832221,APROBADO
Juan Gato Veloz,404227X,793380,RECHAZADO (Riesgo Salud/Financiero)
Juan Huemul Salvage,966208X,114862,APROBADO
Juan Nutria Veloz,622364X,878898,APROBADO
Matias Condor Audaz,339515X,773377,APROBADO
Lucho Gato Veloz,893002X,296518,RECHAZADO (Riesgo Salud/Financiero)
Pancha Ballena Audaz,818979X,313876,APROBADO
Juan Zorro Veloz,910414X,604005,APROBADO
Pancha Gato Salvage,160972X,499152,APROBADO
Maria Gato Audaz,936670X,531469,APROBADO
Lucho Gato Noble,234448X,464963,APROBADO
Lucho Huemul Sigiloso,798479X,845608,APROBADO
Pepe Gato Gigante,535358X,573762,APROBADO
Coty Leon Austral,668836X,82433,APROBADO
Matias Ballena Gigante,974761X,444840,APROBADO
Pancha Nutria Salvage,598725X,254840,APROBADO
Juan Zorro Salvage,993513X,318657,APROBADO
Sacha Zorro Audaz,247537X,850048,APROBADO
Lucho Zorro Austral,947166X,241554,APROBADO
Matias Puma Austral,558225X,671996,APROBADO
Maria Ballena Salvage,884172X,287988,APROBADO
Coty Leon Austral,909176X,501063,APROBADO
Coty Huemul Austral,34104X,240792,RECHAZADO (Riesgo Salud/Financiero)
Sacha Ballena Gigante,486713X,115979,APROBADO
Maria Leon Sigiloso,642574X,394550,APROBADO
Juan Nutria Sigiloso,403355X,238634,RECHAZADO (Riesgo Salud/Financiero)
Lucho Ballena Noble,299693X,94978,APROBADO
Sacha Zorro Rojo,447558X,839774,APROBADO
Juan Leon Gigante,899711X,829673,APROBADO
Juan Leon Noble,647223X,209239,APROBADO
Coty Gato Sigiloso,146093X,298646,APROBADO
Francisco Perro Audaz,225039X,67241,APROBADO
Coty Perro Gigante,738801X,301404,APROBADO
Maria Puma Noble,973527X,264776,APROBADO
Pepe Leon Salvage,288754X,438601,APROBADO
Pepe Zorro Rojo,967131X,665179,APROBADO
Maria Perro Salvage,372374X,110512,APROBADO
Sacha Huemul Noble,719303X,530401,RECHAZADO (Riesgo Salud/Financiero)
Matias Nutria Austral,863010X,635127,RECHAZADO (Riesgo Salud/Financiero)
Juan Ballena Noble,443936X,774223,APROBADO
Coty Puma Audaz,994433X,125072,APROBADO
Coty Nutria Veloz,9817X,103135,APROBADO
Pancha Huemul Gigante,932756X,209149,APROBADO
Maria Ballena Austral,387177X,852142,APROBADO
Matias Ballena Salvage,833592X,428708,APROBADO
Pancha Condor Veloz,802040X,820426,APROBADO
Sacha Nutria Audaz,2755X,588540,RECHAZADO (Riesgo Salud/Financiero)
Juan Nutria Audaz,697543X,711349,APROBADO
Maria Perro Veloz,23147X,874507,RECHAZADO (Riesgo Salud/Financiero)
Coty Nutria Gigante,403224X,276491,APROBADO
Sacha Zorro Audaz,454716X,765036,APROBADO
Lucho Perro Noble,964333X,706621,APROBADO
Pancha Leon Sigiloso,430117X,197957,APROBADO
Maria Perro Sigiloso,834601X,627879,RECHAZADO (Riesgo Salud/Financiero)
Juan Zorro Rojo,547152X,44855,APROBADO
Pepe Condor Sigiloso,438209X,259734,APROBADO
Francisco Puma Veloz,163933X,739741,APROBADO
Francisco Condor Austral,378644X,126859,RECHAZADO (Riesgo Salud/Financiero)
Francisco Condor Rojo,758154X,388941,APROBADO
Maria Zorro Sigiloso,274104X,761961,RECHAZADO (Riesgo Salud/Financiero)
Matias Zorro Veloz,873823X,126597,APROBADO
Pepe Condor Audaz,600354X,345658,APROBADO
Pancha Huemul Salvage,162784X,755295,APROBADO
Maria Puma Veloz,385494X,474954,APROBADO
Sacha Huemul Austral,416428X,852940,APROBADO
Pepe Nutria Noble,325298X,478535,APROBADO
Francisco Perro Austral,175970X,772039,APROBADO
Coty Nutria Austral,160040X,99026,APROBADO
Pancha Leon Salvage,844253X,433592,APROBADO
Pancha Nutria Noble,340802X,507808,APROBADO
Matias Ballena Salvage,207580X,344706,APROBADO
Maria Puma Veloz,901707X,591740,RECHAZADO (Riesgo Salud/Financiero)
Coty Leon Noble,773854X,451735,RECHAZADO (Riesgo Salud/Financiero)
Maria Condor Veloz,883360X,31203,APROBADO
Francisco Gato Rojo,5980X,166552,APROBADO
Maria Condor Salvage,514684X,694986,APROBADO
Sacha Perro Salvage,481923X,363835,APROBADO
Francisco Ballena Gigante,784897X,517231,RECHAZADO (Riesgo Salud/Financiero)
Francisco Zorro Austral,15734X,831416,APROBADO
Pancha Ballena Rojo,599821X,18007,RECHAZADO (Riesgo Salud/Financiero)
Pepe Perro Veloz,311443X,518651,APROBADO
Juan Perro Austral,867435X,763190,APROBADO
Lucho Ballena Veloz,752961X,107644,APROBADO
Sacha Zorro Veloz,887390X,160347,APROBADO
Sacha Condor Salvage,322277X,321728,APROBADO
Juan Puma Audaz,722694X,800173,APROBADO
Matias Condor Noble,682569X,641003,APROBADO
Lucho Perro Rojo,556538X,541905,APROBADO
Matias Perro Gigante,335692X,566485,APROBADO
Matias Perro Rojo,464084X,254662,APROBADO
Pepe Condor Sigiloso,484839X,312965,APROBADO
Pepe Ballena Audaz,524413X,553549,APROBADO
Pepe Ballena Noble,154213X,104035,APROBADO
Pepe Condor Gigante,1527X,819210,RECHAZADO (Riesgo Salud/Financiero)
Pepe Nutria Sigiloso,497930X,166032,APROBADO
Pepe Nutria Sigiloso,942084X,698923,APROBADO
Maria Gato Gigante,720952X,724304,APROBADO
Juan Gato Veloz,304627X,105170,APROBADO
Coty Puma Salvage,669510X,741637,APROBADO
Francisco Perro Sigiloso,287372X,885466,RECHAZADO (Riesgo Salud/Financiero)
Maria Nutria Veloz,834755X,161371,RECHAZADO (Riesgo Salud/Financiero)
Sacha Huemul Rojo,37164X,581603,RECHAZADO (Riesgo Salud/Financiero)
Sacha Perro Sigiloso,828453X,194531,RECHAZADO (Riesgo Salud/Financiero)
Maria Puma Rojo,475674X,63676,APROBADO
Juan Puma Austral,965294X,838858,APROBADO
Francisco Leon Veloz,491474X,733448,RECHAZADO (Riesgo Salud/Financiero)
Lucho Puma Veloz,882883X,782635,APROBADO
Matias Ballena Sigiloso,399897X,768836,APROBADO
Juan Gato Veloz,419549X,898052,APROBADO
Maria Puma Audaz,91941X,203586,RECHAZADO (Riesgo Salud/Financiero)
Pancha Leon Veloz,468646X,49771,APROBADO
Lucho Gato Noble,914057X,863135,RECHAZADO (Riesgo Salud/Financiero)
Pepe Huemul Rojo,619512X,277289,APROBADO
Matias Ballena Sigiloso,725043X,55670,APROBADO
Lucho Gato Audaz,224853X,783480,APROBADO
Pancha Leon Salvage,656931X,394198,APROBADO
Juan Ballena Noble,556440X,258270,RECHAZADO (Riesgo Salud/Financiero)
Lucho Leon Veloz,245938X,158455,RECHAZADO (Riesgo Salud/Financiero)
Coty Huemul Rojo,674860X,585753,APROBADO
Francisco Puma Audaz,439612X,468827,APROBADO
Matias Perro Veloz,69906X,352263,APROBADO
Sacha Perro Audaz,685253X,87364,RECHAZADO (Riesgo Salud/Financiero)
Matias Zorro Gigante,820186X,179485,RECHAZADO (Riesgo Salud/Financiero)
Pancha Ballena Gigante,484195X,195373,RECHAZADO (Riesgo Salud/Financiero)
Pepe Leon Gigante,221663X,466058,RECHAZADO (Riesgo Salud/Financiero)
Pancha Puma Audaz,659136X,803150,RECHAZADO (Riesgo Salud/Financiero)
Pepe Leon Gigante,651092X,211539,RECHAZADO (Riesgo Salud/Financiero)
Lucho Zorro Sigiloso,6828X,170819,APROBADO
Pancha Leon Gigante,571958X,580710,APROBADO
Maria Ballena Sigiloso,873778X,123083,APROBADO
Matias Condor Noble,749304X,536532,APROBADO
Pepe Nutria Audaz,486648X,623446,APROBADO
Matias Huemul Salvage,51987X,617886,APROBADO
Pepe Nutria Rojo,137584X,378070,APROBADO
Pepe Nutria Audaz,688349X,39823,APROBADO
Maria Condor Austral,114627X,244286,APROBADO
Francisco Huemul Austral,512735X,474251,APROBADO
Matias Perro Gigante,442254X,711615,APROBADO
Matias Nutria Gigante,195158X,886870,APROBADO
Matias Nutria Salvage,876115X,894525,APROBADO
Sacha Gato Veloz,741307X,75351,APROBADO
Matias Leon Audaz,457139X,314658,RECHAZADO (Riesgo Salud/Financiero)
Pancha Nutria Austral,349805X,579472,APROBADO
Pancha Zorro Salvage,497321X,623623,APROBADO
Juan Gato Salvage,93582X,143217,APROBADO
Juan Huemul Rojo,410799X,379353,APROBADO
Coty Zorro Gigante,995031X,153888,APROBADO
Matias Nutria Veloz,2012X,585831,RECHAZADO (Riesgo Salud/Financiero)
Maria Ballena Audaz,235272X,191415,APROBADO
Sacha Nutria Audaz,67533X,532511,APROBADO
Sacha Perro Rojo,999820X,513040,APROBADO
Francisco Perro Sigiloso,73600X,577027,APROBADO
Sacha Zorro Austral,990639X,484497,APROBADO
Coty Ballena Rojo,486577X,669940,APROBADO
Maria Perro Rojo,636316X,35224,APROBADO
Pepe Perro Rojo,822098X,532312,APROBADO
Matias Leon Veloz,362503X,436537,APROBADO
Juan Puma Austral,103295X,247490,APROBADO
Maria Gato Sigiloso,44757X,52631,RECHAZADO (Riesgo Salud/Financiero)
Pancha Zorro Gigante,440394X,801377,APROBADO
Maria Leon Noble,880740X,310090,APROBADO
Matias Condor Salvage,191528X,625674,APROBADO
Maria Ballena Noble,373141X,574176,APROBADO
Francisco Zorro Salvage,649695X,490999,APROBADO
Pepe Perro Noble,937319X,701963,APROBADO
Sacha Puma Veloz,425959X,396796,APROBADO
Pepe Leon Veloz,402007X,859456,APROBADO
Pancha Leon Audaz,299790X,685169,APROBADO
Maria Huemul Salvage,744799X,800012,APROBADO
Pancha Zorro Austral,704181X,450415,APROBADO
Pancha Ballena Noble,59324X,629553,RECHAZADO (Riesgo Salud/Financiero)
Juan Gato Gigante,54024X,402501,APROBADO
Lucho Gato Salvage,760201X,429271,APROBADO
Francisco Nutria Audaz,146941X,835473,APROBADO
Matias Ballena Noble,588490X,518488,APROBADO
Pancha Perro Austral,617808X,459329,APROBADO
Lucho Ballena Rojo,604009X,202736,APROBADO
Matias Puma Veloz,990950X,668541,APROBADO
Maria Puma Gigante,719559X,876594,APROBADO
Sacha Nutria Sigiloso,471822X,867458,RECHAZADO (Riesgo Salud/Financiero)
Pepe Huemul Audaz,591489X,371960,RECHAZADO (Riesgo Salud/Financiero)
Pepe Puma Rojo,914139X,711962,APROBADO
Matias Ballena Veloz,582765X,444464,APROBADO
Juan Condor Veloz,943796X,41184,APROBADO
Lucho Leon Rojo,260375X,675527,APROBADO
Sacha Nutria Audaz,136261X,657650,APROBADO
Lucho Ballena Salvage,768833X,748018,APROBADO
Coty Zorro Rojo,112802X,521143,APROBADO
Lucho Puma Noble,869500X,373181,APROBADO
Pepe Nutria Salvage,106741X,20658,APROBADO
Coty Ballena Noble,852748X,836433,APROBADO
Juan Puma Audaz,730958X,150884,APROBADO
Coty Zorro Veloz,734846X,69212,RECHAZADO (Riesgo Salud/Financiero)
Juan Leon Noble,319375X,785676,APROBADO
Matias Perro Veloz,161165X,385347,APROBADO
Pepe Zorro Salvage,510901X,187734,APROBADO
Maria Condor Austral,269391X,524039,APROBADO
Lucho Huemul Veloz,910387X,272205,APROBADO
Coty Ballena Salvage,842638X,589248,APROBADO
Maria Perro Austral,523415X,367319,APROBADO
Juan Gato Salvage,433195X,707262,APROBADO
Maria Huemul Gigante,213678X,683332,APROBADO
Matias Nutria Austral,191965X,108214,APROBADO
Matias Condor Sigiloso,638284X,377856,APROBADO
Maria Ballena Noble,108005X,72947,APROBADO
Pepe Gato Salvage,710176X,498500,APROBADO
Pepe Condor Sigiloso,952603X,480682,APROBADO
Coty Condor Noble,321362X,837044,APROBADO
Matias Puma Noble,712158X,432082,APROBADO
Maria Nutria Veloz,45843X,126732,APROBADO
Matias Condor Rojo,508402X,518882,APROBADO
Matias Nutria Austral,11346X,751693,RECHAZADO (Riesgo Salud/Financiero)
Maria Gato Salvage,629408X,19586,APROBADO
Coty Zorro Noble,424735X,445703,APROBADO
Sacha Perro Rojo,474529X,369124,RECHAZADO (Riesgo Salud/Financiero)
Pepe Nutria Audaz,379082X,806249,APROBADO
Pepe Condor Gigante,402626X,725830,RECHAZADO (Riesgo Salud/Financiero)
Maria Gato Gigante,767594X,684082,APROBADO
Juan Puma Rojo,764051X,892639,APROBADO
Francisco Nutria Audaz,447126X,105439,RECHAZADO (Riesgo Salud/Financiero)
Matias Huemul Austral,14713X,836600,APROBADO
Coty Perro Rojo,145698X,751845,APROBADO
Francisco Ballena Gigante,263114X,823545,APROBADO
Sacha Huemul Audaz,116821X,155725,APROBADO
Pancha Ballena Salvage,615568X,819525,APROBADO
Maria Huemul Veloz,225527X,738468,APROBADO
Matias Zorro Noble,140631X,592651,APROBADO
Maria Leon Audaz,938991X,528031,APROBADO
Pepe Nutria Noble,51795X,587794,APROBADO
Pepe Condor Audaz,780760X,186698,APROBADO
Maria Condor Rojo,812593X,600719,APROBADO
Matias Puma Austral,683384X,40595,APROBADO
Francisco Leon Noble,815047X,602024,APROBADO
Francisco Gato Veloz,298115X,889862,APROBADO
Juan Perro Veloz,934198X,449903,RECHAZADO (Riesgo Salud/Financiero)
Francisco Ballena Noble,91249X,170374,APROBADO
Juan Gato Audaz,810228X,785902,APROBADO
Maria Nutria Audaz,387833X,26301,APROBADO
Sacha Nutria Rojo,524531X,153339,APROBADO
Pepe Huemul Veloz,239956X,72052,APROBADO
Lucho Ballena Audaz,584817X,432801,APROBADO
Francisco Huemul Audaz,492925X,241541,APROBADO
Francisco Leon Sigiloso,48695X,74072,APROBADO
Lucho Perro Audaz,697929X,222371,APROBADO
Juan Perro Rojo,919537X,422073,RECHAZADO (Riesgo Salud/Financiero)
Sacha Ballena Noble,418136X,691608,APROBADO
Sacha Gato Veloz,547076X,154454,APROBADO
Coty Condor Salvage,111441X,223919,RECHAZADO (Riesgo Salud/Financiero)
Juan Leon Audaz,694707X,543339,APROBADO
Pepe Ballena Veloz,781219X,576251,RECHAZADO (Riesgo Salud/Financiero)
Pepe Leon Rojo,772411X,49045,APROBADO
Lucho Gato Salvage,607949X,239288,APROBADO
Maria Zorro Gigante,819931X,594066,APROBADO
Coty Puma Sigiloso,591999X,351423,APROBADO
Juan Condor Sigiloso,856096X,144346,APROBADO
Coty Puma Salvage,307058X,170873,RECHAZADO (Riesgo Salud/Financiero)
Francisco Huemul Audaz,636137X,599565,APROBADO
Maria Condor Noble,294561X,556415,APROBADO
Coty Nutria Gigante,535450X,282213,RECHAZADO (Riesgo Salud/Financiero)
Francisco Perro Austral,418928X,93150,APROBADO
Francisco Nutria Rojo,216811X,695508,APROBADO
Juan Zorro Austral,145705X,98829,APROBADO
Pepe Huemul Rojo,170313X,423086,APROBADO
Juan Condor Audaz,912841X,776845,APROBADO
Lucho Zorro Gigante,339208X,246585,APROBADO
Matias Nutria Rojo,735978X,414392,RECHAZADO (Riesgo Salud/Financiero)
Coty Huemul Noble,241370X,670813,APROBADO
Lucho Perro Veloz,693022X,817814,APROBADO
Maria Nutria Salvage,990233X,572107,APROBADO
Francisco Huemul Sigiloso,501609X,871346,RECHAZADO (Riesgo Salud/Financiero)
Juan Ballena Sigiloso,9856X,813630,APROBADO
Coty Perro Austral,820892X,166042,RECHAZADO (Riesgo Salud/Financiero)
Sacha Gato Veloz,64076X,36477,APROBADO
Lucho Huemul Rojo,49887X,722105,RECHAZADO (Riesgo Salud/Financiero)
Coty Ballena Rojo,748640X,248545,APROBADO
Maria Ballena Veloz,944755X,836502,APROBADO
Matias Zorro Salvage,655098X,376199,APROBADO
Coty Ballena Noble,757526X,248541,APROBADO
Juan Ballena Austral,459178X,787871,RECHAZADO (Riesgo Salud/Financiero)
Pancha Zorro Sigiloso,815007X,667507,APROBADO
Francisco Zorro Gigante,165979X,404845,APROBADO
Francisco Zorro Audaz,582274X,339883,APROBADO
Lucho Condor Gigante,765269X,449176,APROBADO
Francisco Puma Salvage,71137X,388066,RECHAZADO (Riesgo Salud/Financiero)
Matias Zorro Salvage,427981X,32226,APROBADO
Francisco Ballena Veloz,22821X,151681,RECHAZADO (Riesgo Salud/Financiero)
Maria Leon Austral,160293X,464856,APROBADO
Coty Leon Rojo,199348X,210162,RECHAZADO (Riesgo Salud/Financiero)
Matias Huemul Rojo,93231X,568377,APROBADO
Juan Nutria Rojo,137673X,20892,APROBADO
Lucho Perro Austral,635490X,793136,APROBADO
Pepe Nutria Veloz,678251X,36110,APROBADO
Francisco Zorro Salvage,712155X,577658,RECHAZADO (Riesgo Salud/Financiero)
Maria Perro Noble,49310X,583698,APROBADO
Maria Huemul Gigante,106038X,161772,APROBADO
Pepe Gato Audaz,820661X,19009,APROBADO
Francisco Perro Austral,628825X,610982,APROBADO
Sacha Nutria Noble,472808X,683348,RECHAZADO (Riesgo Salud/Financiero)
Maria Nutria Audaz,499150X,518542,APROBADO
Juan Zorro Austral,599773X,548932,APROBADO
Pepe Puma Veloz,536156X,787146,RECHAZADO (Riesgo Salud/Financiero)
Pepe Condor Salvage,506074X,404714,APROBADO
Francisco Gato Rojo,819406X,595102,APROBADO
Coty Ballena Salvage,861974X,433520,RECHAZADO (Riesgo Salud/Financiero)
Matias Nutria Salvage,847629X,513477,APROBADO
Sacha Gato Noble,902216X,328093,APROBADO
Juan Zorro Rojo,515780X,699705,APROBADO
Francisco Huemul Gigante,110854X,817682,APROBADO
Maria Gato Rojo,876597X,580974,APROBADO
Sacha Leon Veloz,642363X,302720,RECHAZADO (Riesgo Salud/Financiero)
Juan Gato Salvage,495159X,593307,APROBADO
Pancha Ballena Sigiloso,777107X,167830,APROBADO
Lucho Ballena Veloz,122225X,684718,APROBADO
Coty Nutria Rojo,333041X,220531,APROBADO
Lucho Puma Rojo,621910X,390728,RECHAZADO (Riesgo Salud/Financiero)
Francisco Ballena Rojo,822678X,556921,APROBADO
Matias Huemul Gigante,255378X,364649,APROBADO
Lucho Leon Sigiloso,81580X,461868,APROBADO
Maria Leon Salvage,532770X,231007,APROBADO
Pancha Nutria Sigiloso,96828X,583147,APROBADO
Coty Perro Rojo,260595X,644695,APROBADO
Francisco Nutria Audaz,42280X,100219,APROBADO
Coty Puma Noble,56143X,77781,RECHAZADO (Riesgo Salud/Financiero)
Coty Puma Salvage,370623X,232525,APROBADO
Matias Ballena Veloz,162092X,19478,APROBADO
Matias Nutria Audaz,786467X,596474,APROBADO
Francisco Gato Rojo,329441X,300928,APROBADO
Juan Perro Audaz,949514X,729600,APROBADO
Matias Perro Noble,77671X,48446,RECHAZADO (Riesgo Salud/Financiero)
Pepe Huemul Veloz,339273X,73704,APROBADO
Matias Nutria Austral,927973X,31586,APROBADO
Pancha Condor Noble,584588X,230305,APROBADO
Francisco Gato Austral,119759X,687604,APROBADO
Francisco Condor Sigiloso,327252X,268715,APROBADO
Lucho Gato Salvage,613032X,763845,APROBADO
Matias Huemul Rojo,435664X,712500,RECHAZADO (Riesgo Salud/Financiero)
Pancha Nutria Rojo,369391X,243869,RECHAZADO (Riesgo Salud/Financiero)
Coty Puma Noble,82783X,56364,RECHAZADO (Riesgo Salud/Financiero)
Pepe Leon Salvage,804263X,133865,APROBADO
Juan Zorro Salvage,289363X,650603,APROBADO
Pancha Puma Noble,826290X,738096,APROBADO
Pepe Condor Veloz,636241X,460306,APROBADO
Maria Leon Salvage,7478X,172731,APROBADO
Coty Zorro Audaz,222696X,589181,APROBADO
Lucho Perro Rojo,953911X,188550,APROBADO
Pepe Huemul Audaz,976270X,435719,APROBADO
Matias Zorro Salvage,215797X,386836,APROBADO
Lucho Perro Veloz,273495X,452033,RECHAZADO (Riesgo Salud/Financiero)
Pancha Perro Rojo,436372X,656951,RECHAZADO (Riesgo Salud/Financiero)
Juan Ballena Audaz,700117X,302359,RECHAZADO (Riesgo Salud/Financiero)
Matias Gato Gigante,726140X,670685,APROBADO
Juan Nutria Salvage,969687X,651614,APROBADO
Matias Puma Gigante,646366X,848798,APROBADO
Sacha Huemul Salvage,644380X,406487,APROBADO
Juan Condor Rojo,413190X,24904,APROBADO
Coty Ballena Austral,632499X,306557,APROBADO
Francisco Zorro Rojo,535059X,297188,APROBADO
Lucho Gato Audaz,245725X,476468,APROBADO
Francisco Gato Audaz,173022X,18108,APROBADO
Matias Huemul Veloz,478928X,102247,APROBADO
Maria Condor Sigiloso,725386X,856873,APROBADO
Matias Huemul Noble,583229X,322142,APROBADO
Sacha Huemul Audaz,748616X,380857,APROBADO
Francisco Puma Rojo,371171X,885198,APROBADO
Pepe Puma Audaz,479002X,673019,APROBADO
Francisco Zorro Noble,928270X,121191,APROBADO
Matias Condor Veloz,472124X,390271,APROBADO
Lucho Condor Veloz,96933X,222625,APROBADO
Francisco Huemul Noble,219987X,217647,APROBADO
Pancha Perro Noble,254804X,81476,APROBADO
Francisco Gato Austral,631543X,413603,APROBADO
Lucho Zorro Veloz,794664X,397022,APROBADO
Lucho Leon Veloz,642861X,435684,APROBADO
Maria Huemul Audaz,215293X,729981,APROBADO
Coty Ballena Sigiloso,375222X,17142,APROBADO
Sacha Condor Audaz,471191X,377696,RECHAZADO (Riesgo Salud/Financiero)
Coty Ballena Veloz,288947X,408560,APROBADO
Maria Condor Sigiloso,843950X,83116,APROBADO
Pepe Perro Noble,523448X,863343,APROBADO
Coty Leon Sigiloso,520468X,266163,APROBADO
Pepe Condor Salvage,73253X,366583,APROBADO
Pancha Huemul Salvage,794294X,729818,APROBADO
Coty Nutria Noble,447676X,323915,APROBADO
Lucho Ballena Gigante,349699X,866538,RECHAZADO (Riesgo Salud/Financiero)
Juan Puma Audaz,601177X,140211,APROBADO
Sacha Perro Audaz,460722X,619232,RECHAZADO (Riesgo Salud/Financiero)
Francisco Gato Sigiloso,344648X,454755,APROBADO
Sacha Condor Noble,161349X,832225,APROBADO
Lucho Leon Veloz,638069X,41567,APROBADO
Juan Leon Audaz,366862X,567659,APROBADO
Juan Condor Sigiloso,111173X,179422,APROBADO
Francisco Condor Gigante,64535X,113233,APROBADO
Matias Zorro Austral,957062X,702930,APROBADO
Juan Gato Salvage,500760X,297369,APROBADO
Juan Zorro Veloz,299375X,431295,APROBADO
Maria Perro Noble,302898X,369392,APROBADO
Lucho Perro Austral,505015X,403695,APROBADO
Matias Nutria Gigante,407194X,76512,APROBADO
Lucho Puma Veloz,869511X,622749,APROBADO
Coty Zorro Austral,241299X,590154,RECHAZADO (Riesgo Salud/Financiero)
Francisco Leon Sigiloso,271580X,312106,APROBADO
Matias Ballena Audaz,200492X,648762,RECHAZADO (Riesgo Salud/Financiero)
Francisco Nutria Rojo,65077X,579756,APROBADO
Francisco Condor Rojo,287358X,100157,APROBADO
Pancha Puma Veloz,472120X,393137,APROBADO
Lucho Nutria Austral,867247X,366208,APROBADO
Maria Condor Veloz,707237X,116469,APROBADO
Pepe Zorro Noble,433195X,616023,RECHAZADO (Riesgo Salud/Financiero)
Matias Gato Rojo,381153X,519805,RECHAZADO (Riesgo Salud/Financiero)
Juan Perro Salvage,662646X,775198,APROBADO
Lucho Condor Sigiloso,664814X,680398,APROBADO
Matias Ballena Noble,455299X,22629,APROBADO
Matias Puma Noble,477811X,145118,APROBADO
Francisco Condor Austral,111731X,361309,APROBADO
Pancha Puma Salvage,725467X,319941,APROBADO
Lucho Perro Audaz,881626X,621382,APROBADO
Coty Zorro Gigante,754682X,763897,RECHAZADO (Riesgo Salud/Financiero)
Pancha Nutria Rojo,816778X,245582,RECHAZADO (Riesgo Salud/Financiero)
Sacha Perro Gigante,430699X,695545,APROBADO
Lucho Leon Audaz,143268X,721482,RECHAZADO (Riesgo Salud/Financiero)
Maria Nutria Gigante,961708X,48320,RECHAZADO (Riesgo Salud/Financiero)
Juan Zorro Noble,146428X,172909,RECHAZADO (Riesgo Salud/Financiero)
Coty Condor Noble,903743X,177150,APROBADO
Juan Perro Audaz,54967X,169202,APROBADO
Pancha Gato Salvage,110360X,728838,APROBADO
Sacha Puma Audaz,981961X,644223,RECHAZADO (Riesgo Salud/Financiero)
Coty Condor Veloz,372052X,562523,APROBADO
Coty Ballena Audaz,807447X,771361,RECHAZADO (Riesgo Salud/Financiero)
Maria Huemul Gigante,941978X,701310,APROBADO
Matias Leon Sigiloso,949871X,231043,RECHAZADO (Riesgo Salud/Financiero)
Lucho Perro Rojo,427736X,771570,APROBADO
Maria Perro Austral,892105X,433379,APROBADO
Juan Puma Veloz,323900X,872288,RECHAZADO (Riesgo Salud/Financiero)
Francisco Ballena Noble,668433X,417068,APROBADO
Maria Gato Austral,811943X,362137,APROBADO
Matias Huemul Noble,806625X,36469,APROBADO
Coty Puma Gigante,279988X,27493,APROBADO
Pepe Leon Veloz,449132X,143399,APROBADO
Francisco Leon Noble,863513X,897655,APROBADO
Sacha Perro Rojo,695213X,890298,RECHAZADO (Riesgo Salud/Financiero)
Lucho Condor Gigante,186803X,538023,APROBADO
Juan Gato Sigiloso,277061X,493127,RECHAZADO (Riesgo Salud/Financiero)
Matias Puma Gigante,898257X,459656,APROBADO
Francisco Leon Sigiloso,306622X,135947,APROBADO
Francisco Nutria Noble,943085X,682777,APROBADO
Maria Puma Salvage,799923X,675725,APROBADO
Coty Perro Sigiloso,350294X,806007,APROBADO
Francisco Gato Austral,108785X,68880,RECHAZADO (Riesgo Salud/Financiero)
Pepe Zorro Sigiloso,908563X,345121,RECHAZADO (Riesgo Salud/Financiero)
Matias Ballena Audaz,698717X,37253,APROBADO
Francisco Puma Rojo,603041X,366961,APROBADO
Sacha Ballena Salvage,395679X,371205,APROBADO
Sacha Leon Salvage,560030X,694317,APROBADO
Coty Leon Salvage,805193X,777082,APROBADO
Pancha Ballena Rojo,130074X,840532,APROBADO
Maria Gato Austral,239067X,252563,APROBADO
Maria Nutria Audaz,681473X,295365,RECHAZADO (Riesgo Salud/Financiero)
Sacha Perro Audaz,686053X,549784,APROBADO
Pepe Gato Veloz,107597X,362533,RECHAZADO (Riesgo Salud/Financiero)
Francisco Puma Salvage,104136X,743413,RECHAZADO (Riesgo Salud/Financiero)
Pepe Puma Gigante,961138X,263869,APROBADO
Pepe Gato Noble,645732X,328980,APROBADO
Maria Zorro Sigiloso,491270X,252390,APROBADO
Lucho Ballena Noble,960505X,314407,APROBADO
Coty Leon Austral,829911X,765786,APROBADO
Coty Huemul Noble,266590X,699158,APROBADO
Juan Zorro Veloz,313675X,191574,APROBADO
Lucho Huemul Salvage,126978X,521460,APROBADO
Coty Nutria Salvage,50468X,842763,APROBADO
Maria Huemul Sigiloso,158985X,834398,APROBADO
Pepe Condor Austral,78070X,202768,APROBADO
Pepe Puma Gigante,959962X,272456,APROBADO
Juan Ballena Rojo,994364X,186526,RECHAZADO (Riesgo Salud/Financiero)
Lucho Huemul Austral,500408X,778822,APROBADO
Coty Gato Salvage,61137X,105589,APROBADO
Maria Leon Veloz,110824X,344516,APROBADO
Coty Condor Sigiloso,485138X,590505,APROBADO
Pepe Condor Audaz,96809X,168952,RECHAZADO (Riesgo Salud/Financiero)
Maria Condor Audaz,877442X,244731,RECHAZADO (Riesgo Salud/Financiero)
Sacha Gato Sigiloso,309930X,467114,APROBADO
Francisco Ballena Veloz,280858X,772505,RECHAZADO (Riesgo Salud/Financiero)
Pancha Nutria Salvage,676017X,610433,RECHAZADO (Riesgo Salud/Financiero)
Francisco Zorro Sigiloso,295751X,390899,RECHAZADO (Riesgo Salud/Financiero)
Francisco Condor Gigante,353498X,744425,APROBADO
Pancha Zorro Gigante,254327X,187602,RECHAZADO (Riesgo Salud/Financiero)
Pancha Huemul Rojo,135953X,471161,APROBADO
Pancha Leon Audaz,998119X,750326,APROBADO
Juan Perro Austral,797135X,230682,APROBADO
Matias Ballena Sigiloso,813585X,554683,RECHAZADO (Riesgo Salud/Financiero)
Coty Gato Sigiloso,243855X,580601,APROBADO
Pancha Gato Salvage,730095X,98320,APROBADO
Maria Nutria Austral,287576X,602903,RECHAZADO (Riesgo Salud/Financiero)
Pepe Condor Gigante,665360X,457147,APROBADO
Coty Perro Veloz,334410X,225005,APROBADO
Francisco Gato Noble,255209X,236819,APROBADO
Sacha Huemul Austral,951698X,218783,APROBADO
Pancha Zorro Audaz,196206X,808625,RECHAZADO (Riesgo Salud/Financiero)
Juan Zorro Audaz,537692X,429875,APROBADO
Pancha Gato Gigante,25323X,562452,RECHAZADO (Riesgo Salud/Financiero)
Francisco Condor Sigiloso,495775X,749690,APROBADO
Juan Zorro Noble,385320X,705161,APROBADO
Lucho Perro Noble,28654X,746898,APROBADO
Matias Gato Noble,405805X,816786,RECHAZADO (Riesgo Salud/Financiero)
Juan Gato Rojo,710675X,894972,APROBADO
Coty Ballena Veloz,957178X,396757,APROBADO
Pepe Ballena Rojo,967109X,135851,APROBADO
Matias Leon Salvage,795415X,483806,APROBADO
Coty Nutria Audaz,908936X,260525,APROBADO
Matias Nutria Veloz,604168X,820991,APROBADO
Pancha Huemul Noble,623795X,103739,RECHAZADO (Riesgo Salud/Financiero)
Pepe Ballena Sigiloso,178723X,325885,APROBADO
Pepe Perro Veloz,752384X,84515,RECHAZADO (Riesgo Salud/Financiero)
Juan Zorro Audaz,443130X,282758,APROBADO
Juan Leon Salvage,678403X,839312,APROBADO
Pepe Nutria Austral,475530X,758301,APROBADO
Pancha Leon Austral,87162X,201072,RECHAZADO (Riesgo Salud/Financiero)
Maria Huemul Audaz,364523X,365840,APROBADO
Pepe Gato Noble,885653X,429330,APROBADO
Lucho Leon Rojo,116410X,257033,APROBADO
Pepe Zorro Gigante,89216X,745191,APROBADO
Coty Huemul Sigiloso,420847X,437624,APROBADO
Maria Ballena Audaz,436648X,247482,APROBADO
Pancha Ballena Sigiloso,301916X,861814,APROBADO
Maria Puma Noble,39180X,489123,APROBADO
Juan Perro Audaz,802130X,705206,APROBADO
Coty Puma Audaz,900353X,341369,APROBADO
Coty Condor Salvage,165604X,586144,RECHAZADO (Riesgo Salud/Financiero)
Coty Leon Austral,395591X,410754,APROBADO
Matias Huemul Veloz,711252X,784936,RECHAZADO (Riesgo Salud/Financiero)
Francisco Nutria Austral,702649X,635454,RECHAZADO (Riesgo Salud/Financiero)
Pancha Condor Salvage,685737X,603138,APROBADO
Sacha Leon Sigiloso,88896X,783853,APROBADO
Maria Gato Rojo,787412X,837192,APROBADO
Coty Puma Audaz,343499X,712788,APROBADO
Pancha Huemul Salvage,390787X,325525,APROBADO
Matias Condor Sigiloso,14921X,72136,APROBADO
Pancha Huemul Noble,972291X,730521,APROBADO
Juan Ballena Rojo,845674X,434763,APROBADO
Lucho Condor Austral,972283X,671430,RECHAZADO (Riesgo Salud/Financiero)
Pepe Zorro Austral,282265X,166800,APROBADO
Maria Huemul Austral,237901X,527088,APROBADO
Maria Zorro Austral,207322X,812334,RECHAZADO (Riesgo Salud/Financiero)
Francisco Perro Salvage,786231X,342428,APROBADO
Sacha Condor Rojo,829092X,756995,APROBADO
Maria Zorro Austral,113097X,285039,APROBADO
Francisco Huemul Gigante,350729X,389851,APROBADO
Juan Condor Rojo,409013X,508479,APROBADO
Matias Nutria Sigiloso,648628X,609777,APROBADO
Maria Perro Austral,4142X,541663,APROBADO
Coty Nutria Gigante,588619X,86329,APROBADO
Sacha Perro Audaz,197473X,843387,APROBADO
Juan Nutria Veloz,630721X,492137,RECHAZADO (Riesgo Salud/Financiero)
Coty Perro Noble,702688X,450852,RECHAZADO (Riesgo Salud/Financiero)
Matias Puma Salvage,968320X,337419,APROBADO
Pepe Huemul Veloz,57747X,511186,APROBADO
Pancha Zorro Sigiloso,947690X,99274,APROBADO
Matias Zorro Rojo,441958X,494488,APROBADO
Pancha Leon Noble,267317X,463368,APROBADO
Lucho Huemul Veloz,679465X,495162,APROBADO
Pancha Gato Veloz,921507X,843092,APROBADO
Matias Leon Sigiloso,280846X,126930,APROBADO
Juan Leon Salvage,607167X,230729,APROBADO
Pancha Zorro Sigiloso,362897X,358057,APROBADO
Francisco Puma Noble,689113X,271693,RECHAZADO (Riesgo Salud/Financiero)
Pancha Ballena Austral,977074X,846296,APROBADO
Juan Huemul Audaz,144998X,71289,APROBADO
Sacha Perro Veloz,395022X,463349,APROBADO
Coty Gato Sigiloso,908706X,771144,RECHAZADO (Riesgo Salud/Financiero)
Sacha Perro Audaz,317725X,893380,APROBADO
Matias Leon Salvage,421165X,893923,APROBADO
Lucho Zorro Veloz,731972X,295820,APROBADO
Matias Huemul Sigiloso,230253X,479409,RECHAZADO (Riesgo Salud/Financiero)
Lucho Perro Gigante,465164X,631297,APROBADO
Lucho Zorro Rojo,396060X,342356,RECHAZADO (Riesgo Salud/Financiero)
Coty Puma Rojo,529343X,118692,APROBADO
Francisco Zorro Rojo,226135X,784659,APROBADO
Sacha Condor Veloz,387635X,202855,APROBADO
Lucho Nutria Sigiloso,528883X,367338,APROBADO
Maria Puma Austral,725617X,142763,APROBADO
Pancha Condor Gigante,525705X,372259,APROBADO
Pancha Condor Salvage,31398X,61627,APROBADO
Juan Leon Veloz,209198X,442794,APROBADO
Lucho Nutria Noble,957783X,73655,APROBADO
Pancha Puma Austral,470603X,695129,APROBADO
Juan Condor Rojo,316941X,75980,RECHAZADO (Riesgo Salud/Financiero)
Matias Zorro Sigiloso,982871X,843292,APROBADO
Juan Zorro Rojo,899174X,523413,APROBADO
Francisco Gato Veloz,653804X,552015,APROBADO
Sacha Perro Gigante,489292X,853332,APROBADO
Juan Leon Veloz,298445X,502652,APROBADO
Pepe Ballena Rojo,686752X,678678,APROBADO
Lucho Huemul Rojo,529061X,261585,APROBADO
Lucho Puma Gigante,831069X,156565,APROBADO
Sacha Zorro Gigante,948601X,748526,APROBADO
Pepe Zorro Rojo,580126X,458621,APROBADO
Lucho Zorro Salvage,534036X,148568,APROBADO
Maria Huemul Audaz,569278X,172067,RECHAZADO (Riesgo Salud/Financiero)
Lucho Ballena Salvage,359379X,496921,RECHAZADO (Riesgo Salud/Financiero)
Pepe Puma Salvage,523871X,287847,RECHAZADO (Riesgo Salud/Financiero)
Coty Nutria Noble,415258X,527767,APROBADO
Pancha Puma Veloz,568083X,376907,APROBADO
Matias Perro Noble,62617X,235761,APROBADO
Coty Ballena Gigante,41719X,525397,RECHAZADO (Riesgo Salud/Financiero)
Coty Leon Audaz,326625X,775793,APROBADO
Maria Condor Salvage,301257X,440110,APROBADO
Maria Huemul Austral,371927X,216173,APROBADO
Sacha Ballena Veloz,541790X,541079,APROBADO
Pepe Condor Austral,360251X,458032,APROBADO
Lucho Huemul Gigante,862369X,825638,APROBADO
Francisco Ballena Noble,616954X,264798,APROBADO
Matias Puma Rojo,972486X,101954,APROBADO
Lucho Gato Gigante,379059X,441100,APROBADO
Francisco Condor Veloz,733537X,747645,APROBADO
Sacha Ballena Noble,312166X,423320,APROBADO
Lucho Ballena Rojo,660562X,839822,APROBADO
Juan Condor Veloz,818829X,795841,APROBADO
Pancha Nutria Veloz,405871X,657374,RECHAZADO (Riesgo Salud/Financiero)
Juan Huemul Noble,82235X,502131,APROBADO
Pepe Nutria Noble,868894X,355099,RECHAZADO (Riesgo Salud/Financiero)
Pancha Ballena Sigiloso,937408X,264548,APROBADO
Juan Perro Gigante,86839X,715839,APROBADO
Francisco Puma Audaz,157282X,786881,APROBADO
Pepe Gato Rojo,652939X,134394,APROBADO
Pancha Ballena Sigiloso,979038X,591444,APROBADO
Pancha Huemul Salvage,346039X,498347,APROBADO
Pepe Condor Sigiloso,377266X,495709,RECHAZADO (Riesgo Salud/Financiero)
Coty Zorro Salvage,585604X,703518,APROBADO
Pepe Gato Audaz,753141X,326219,APROBADO
Maria Huemul Salvage,66387X,444427,APROBADO
Sacha Nutria Noble,905361X,152927,APROBADO
Lucho Perro Noble,125095X,544320,APROBADO
Lucho Nutria Rojo,83202X,797773,RECHAZADO (Riesgo Salud/Financiero)
Pancha Leon Sigiloso,935034X,558490,APROBADO
Sacha Zorro Austral,925029X,619646,APROBADO
Matias Huemul Salvage,539584X,594074,APROBADO
Matias Puma Salvage,26953X,679021,APROBADO
Sacha Perro Austral,437250X,643117,APROBADO
Pancha Ballena Gigante,948340X,629480,APROBADO
Pepe Ballena Rojo,137690X,173561,APROBADO
Pancha Ballena Sigiloso,681131X,897699,APROBADO
Francisco Zorro Austral,569606X,799484,RECHAZADO (Riesgo Salud/Financiero)
Francisco Ballena Veloz,171365X,835285,RECHAZADO (Riesgo Salud/Financiero)
Pepe Nutria Veloz,523820X,426813,APROBADO
Sacha Zorro Sigiloso,38903X,899336,RECHAZADO (Riesgo Salud/Financiero)
Francisco Zorro Austral,4604X,566129,APROBADO
Francisco Puma Gigante,463139X,190745,APROBADO
Maria Perro Gigante,226336X,605409,APROBADO
Sacha Nutria Gigante,316481X,148180,RECHAZADO (Riesgo Salud/Financiero)
Pepe Leon Noble,406452X,889778,APROBADO
Lucho Perro Rojo,337801X,343450,APROBADO
Matias Nutria Veloz,136095X,535845,APROBADO
Pepe Nutria Gigante,984755X,327710,RECHAZADO (Riesgo Salud/Financiero)
Maria Gato Noble,116054X,393462,APROBADO
Sacha Huemul Sigiloso,428984X,887416,APROBADO
Sacha Zorro Gigante,560469X,501985,APROBADO
Francisco Huemul Sigiloso,303713X,297219,APROBADO
Pancha Huemul Sigiloso,552837X,823435,RECHAZADO (Riesgo Salud/Financiero)
Lucho Huemul Sigiloso,58309X,671364,APROBADO
Sacha Gato Salvage,166661X,569471,APROBADO
Pancha Nutria Rojo,214622X,495162,APROBADO
Sacha Gato Veloz,434057X,532235,APROBADO
Maria Perro Salvage,245889X,660051,APROBADO
Lucho Perro Salvage,855267X,586006,APROBADO
Juan Perro Rojo,562735X,79562,APROBADO
Francisco Gato Gigante,93035X,683549,RECHAZADO (Riesgo Salud/Financiero)
Sacha Gato Noble,302317X,63705,RECHAZADO (Riesgo Salud/Financiero)
Pepe Leon Noble,855555X,386435,APROBADO
Sacha Zorro Sigiloso,936524X,788816,RECHAZADO (Riesgo Salud/Financiero)
Pancha Condor Gigante,678075X,652306,APROBADO
Sacha Condor Noble,71109X,771394,APROBADO
Maria Nutria Rojo,609763X,278137,RECHAZADO (Riesgo Salud/Financiero)
Maria Zorro Rojo,830413X,413799,APROBADO
Coty Huemul Salvage,899147X,209074,APROBADO
Sacha Leon Noble,892556X,265807,APROBADO
Pepe Puma Veloz,816226X,700212,APROBADO
Francisco Zorro Gigante,516489X,490640,RECHAZADO (Riesgo Salud/Financiero)
Maria Puma Austral,596954X,173838,APROBADO
Sacha Gato Austral,297773X,193043,APROBADO
Pancha Perro Austral,439553X,756868,APROBADO
Sacha Zorro Audaz,228399X,229805,APROBADO
Juan Huemul Gigante,511373X,827381,APROBADO
Lucho Huemul Veloz,271533X,32793,RECHAZADO (Riesgo Salud/Financiero)
Matias Huemul Noble,103788X,513313,APROBADO
Maria Huemul Austral,665512X,421292,APROBADO
Coty Puma Gigante,17222X,457659,APROBADO
Matias Gato Austral,180025X,445716,RECHAZADO (Riesgo Salud/Financiero)
Matias Perro Veloz,630789X,311498,APROBADO
Sacha Puma Audaz,743813X,620556,APROBADO
Maria Perro Veloz,51650X,643088,APROBADO
Maria Perro Gigante,165975X,437263,APROBADO
Matias Leon Veloz,161911X,310751,APROBADO
Coty Gato Austral,454977X,124034,RECHAZADO (Riesgo Salud/Financiero)
Coty Gato Salvage,758317X,408017,APROBADO
Matias Condor Austral,575401X,488559,APROBADO
Francisco Perro Sigiloso,941117X,837390,RECHAZADO (Riesgo Salud/Financiero)
Francisco Condor Salvage,263365X,116558,APROBADO
Coty Leon Sigiloso,888265X,543388,APROBADO
Juan Condor Veloz,385104X,228582,APROBADO
Francisco Zorro Gigante,814543X,760453,APROBADO
Matias Condor Salvage,36488X,474544,RECHAZADO (Riesgo Salud/Financiero)
Coty Nutria Rojo,333719X,595191,APROBADO
Coty Zorro Audaz,222408X,163907,RECHAZADO (Riesgo Salud/Financiero)
Matias Ballena Rojo,31321X,685388,APROBADO
Francisco Perro Noble,828173X,609326,APROBADO
Francisco Nutria Gigante,102677X,338682,RECHAZADO (Riesgo Salud/Financiero)
Pancha Condor Noble,315984X,425703,APROBADO
Juan Ballena Noble,375247X,68662,APROBADO
Francisco Condor Sigiloso,975858X,165067,APROBADO
Sacha Ballena Noble,383347X,796398,APROBADO
Lucho Condor Noble,17502X,881764,APROBADO
Juan Zorro Noble,24918X,148742,APROBADO
Juan Condor Austral,256562X,867760,RECHAZADO (Riesgo Salud/Financiero)
Sacha Perro Sigiloso,691121X,333527,APROBADO
Coty Gato Salvage,588551X,687952,APROBADO
Matias Condor Salvage,774591X,625059,APROBADO
Pancha Perro Sigiloso,790091X,866332,RECHAZADO (Riesgo Salud/Financiero)
Sacha Nutria Audaz,946335X,597942,RECHAZADO (Riesgo Salud/Financiero)
Matias Zorro Noble,945915X,796413,APROBADO
Matias Huemul Sigiloso,141341X,410826,APROBADO
Pancha Perro Audaz,937563X,107574,RECHAZADO (Riesgo Salud/Financiero)
Lucho Condor Salvage,922417X,339786,APROBADO
Coty Zorro Veloz,813439X,396554,APROBADO
Juan Huemul Veloz,831032X,593492,RECHAZADO (Riesgo Salud/Financiero)
Sacha Gato Veloz,920028X,580385,APROBADO
Francisco Ballena Gigante,844834X,221528,APROBADO
Maria Zorro Audaz,16391X,357776,APROBADO
Pancha Gato Austral,677374X,486561,APROBADO
Francisco Leon Noble,158116X,603448,APROBADO
Pepe Condor Sigiloso,711649X,584369,APROBADO
Pancha Puma Rojo,390119X,406680,APROBADO
Pancha Ballena Salvage,551597X,344284,RECHAZADO (Riesgo Salud/Financiero)
Pepe Nutria Rojo,239096X,81138,RECHAZADO (Riesgo Salud/Financiero)
Juan Puma Austral,341736X,263972,APROBADO
Francisco Gato Veloz,101298X,47275,RECHAZADO (Riesgo Salud/Financiero)
Pancha Perro Audaz,935126X,593205,APROBADO
Sacha Nutria Gigante,574584X,569948,APROBADO
Maria Gato Austral,771726X,651704,APROBADO
Matias Gato Audaz,583096X,30629,APROBADO
Sacha Nutria Veloz,487117X,346642,APROBADO
Matias Condor Audaz,881800X,487069,RECHAZADO (Riesgo Salud/Financiero)
Matias Gato Audaz,187582X,421499,APROBADO
Juan Ballena Rojo,212532X,635433,APROBADO
Lucho Condor Austral,520362X,317555,APROBADO
Matias Condor Austral,106152X,415495,APROBADO
Matias Condor Austral,722107X,634648,APROBADO
Matias Huemul Veloz,718976X,54495,RECHAZADO (Riesgo Salud/Financiero)
Coty Perro Audaz,229659X,169536,APROBADO
Coty Puma Veloz,433513X,785073,APROBADO
Matias Condor Gigante,457741X,546829,APROBADO
Maria Gato Gigante,34203X,406776,RECHAZADO (Riesgo Salud/Financiero)
Matias Leon Austral,383553X,279633,APROBADO
Pepe Leon Veloz,133391X,201304,APROBADO
Francisco Huemul Noble,845935X,873938,APROBADO
Coty Zorro Rojo,502529X,627492,RECHAZADO (Riesgo Salud/Financiero)
Francisco Perro Salvage,262713X,246434,RECHAZADO (Riesgo Salud/Financiero)
Lucho Perro Noble,350159X,426971,APROBADO
Sacha Puma Rojo,59672X,801657,APROBADO
Pepe Huemul Austral,82593X,136388,APROBADO
Pepe Leon Audaz,666535X,51428,APROBADO
Sacha Gato Austral,504023X,443473,APROBADO
Sacha Puma Rojo,176836X,436856,APROBADO
Lucho Perro Rojo,278684X,624420,RECHAZADO (Riesgo Salud/Financiero)
Coty Zorro Salvage,615396X,172448,APROBADO
Juan Huemul Audaz,527889X,346028,RECHAZADO (Riesgo Salud/Financiero)
Francisco Perro Audaz,813443X,153235,APROBADO
Pepe Huemul Noble,405430X,209551,APROBADO
Coty Huemul Sigiloso,299305X,471522,APROBADO
Pancha Nutria Noble,336737X,610762,APROBADO
Maria Perro Salvage,300814X,754694,APROBADO
Pepe Huemul Rojo,385987X,820028,APROBADO
Juan Gato Salvage,299674X,784951,APROBADO
Francisco Leon Sigiloso,332396X,92545,RECHAZADO (Riesgo Salud/Financiero)
Matias Zorro Rojo,197494X,629440,APROBADO
Pancha Leon Austral,377374X,203144,APROBADO
Lucho Zorro Sigiloso,344896X,442375,APROBADO
Francisco Puma Veloz,977019X,131470,APROBADO
Francisco Gato Gigante,565872X,688335,APROBADO
Matias Zorro Salvage,161214X,869158,APROBADO
Pancha Huemul Noble,783659X,324308,RECHAZADO (Riesgo Salud/Financiero)
Pancha Condor Audaz,313683X,566741,APROBADO
Juan Perro Sigiloso,630593X,716604,APROBADO
Francisco Leon Veloz,619452X,478895,APROBADO
Coty Zorro Veloz,40549X,844278,APROBADO
Pancha Puma Sigiloso,153586X,885834,RECHAZADO (Riesgo Salud/Financiero)
Pepe Zorro Noble,154829X,265250,APROBADO
Francisco Gato Rojo,84885X,185580,APROBADO
Juan Leon Veloz,533058X,608878,APROBADO
Maria Perro Audaz,209249X,222883,APROBADO
Maria Leon Audaz,153123X,489475,APROBADO
Lucho Gato Rojo,209847X,510123,APROBADO
Lucho Huemul Audaz,679755X,326741,APROBADO
Juan Perro Audaz,938518X,511538,RECHAZADO (Riesgo Salud/Financiero)
Lucho Perro Sigiloso,703116X,145015,RECHAZADO (Riesgo Salud/Financiero)
Lucho Gato Salvage,531964X,211609,APROBADO
Juan Zorro Austral,625725X,574011,APROBADO
Pepe Puma Gigante,54563X,660484,RECHAZADO (Riesgo Salud/Financiero)
Maria Leon Audaz,945097X,55109,APROBADO
Maria Condor Rojo,901820X,517537,RECHAZADO (Riesgo Salud/Financiero)
Maria Huemul Audaz,62880X,146692,APROBADO
Coty Condor Gigante,252841X,420385,APROBADO
Pancha Zorro Audaz,574508X,759279,APROBADO
Pepe Perro Noble,546134X,181634,APROBADO
Juan Condor Sigiloso,538175X,403835,RECHAZADO (Riesgo Salud/Financiero)
Sacha Gato Veloz,739901X,17910,RECHAZADO (Riesgo Salud/Financiero)
Maria Huemul Noble,474300X,308286,APROBADO
Francisco Ballena Rojo,718515X,217198,APROBADO
Matias Perro Veloz,446390X,522099,APROBADO
Maria Gato Sigiloso,640007X,534557,APROBADO
Juan Ballena Veloz,741117X,557872,APROBADO
Matias Gato Veloz,287980X,632339,APROBADO
Coty Zorro Gigante,796698X,553034,APROBADO
Sacha Perro Austral,21006X,345306,APROBADO
Maria Puma Veloz,54381X,78932,APROBADO
Matias Puma Veloz,68322X,100141,RECHAZADO (Riesgo Salud/Financiero)
Sacha Condor Noble,377321X,120803,APROBADO
Juan Perro Austral,672328X,304614,APROBADO
Pepe Perro Salvage,263124X,284301,APROBADO
Sacha Nutria Veloz,591011X,695542,RECHAZADO (Riesgo Salud/Financiero)
Sacha Gato Noble,346319X,51812,APROBADO
Lucho Ballena Gigante,976899X,66792,RECHAZADO (Riesgo Salud/Financiero)
Pancha Zorro Audaz,306521X,624433,APROBADO
Matias Condor Gigante,789549X,375057,APROBADO
Pepe Perro Veloz,478638X,224604,RECHAZADO (Riesgo Salud/Financiero)
Sacha Perro Gigante,237341X,93545,APROBADO
Maria Perro Sigiloso,788937X,387357,APROBADO
Coty Condor Salvage,212262X,332748,APROBADO
Francisco Ballena Noble,561622X,259023,RECHAZADO (Riesgo Salud/Financiero)
Francisco Nutria Noble,903500X,701166,APROBADO
Maria Gato Veloz,11003X,675015,RECHAZADO (Riesgo Salud/Financiero)
Juan Zorro Audaz,274671X,560857,APROBADO
Francisco Perro Sigiloso,705867X,279585,APROBADO
Juan Perro Gigante,822860X,304220,APROBADO
Lucho Gato Noble,872178X,845489,APROBADO
Coty Perro Salvage,194360X,582437,APROBADO
Pancha Zorro Rojo,142343X,449495,APROBADO
Matias Nutria Rojo,120611X,846505,APROBADO
Sacha Leon Rojo,66874X,742643,RECHAZADO (Riesgo Salud/Financiero)
Lucho Perro Gigante,962894X,661051,APROBADO
Pepe Condor Austral,686533X,525277,APROBADO
Matias Perro Rojo,176575X,794820,RECHAZADO (Riesgo Salud/Financiero)
Lucho Puma Rojo,5044X,140767,APROBADO
Pepe Zorro Gigante,223513X,770995,APROBADO
Francisco Perro Salvage,588206X,363447,APROBADO
Pepe Puma Veloz,544398X,662380,APROBADO
Maria Nutria Veloz,910637X,520630,APROBADO
Sacha Perro Audaz,747079X,138966,RECHAZADO (Riesgo Salud/Financiero)
Matias Huemul Gigante,154414X,161396,APROBADO
Maria Gato Sigiloso,815304X,709137,APROBADO
Maria Puma Noble,816487X,721966,APROBADO
Francisco Leon Salvage,999814X,800019,APROBADO
Coty Gato Gigante,301670X,616552,APROBADO
Coty Ballena Salvage,296687X,831229,APROBADO
Pepe Zorro Audaz,405002X,825397,APROBADO
Pepe Huemul Salvage,895098X,465517,APROBADO
Francisco Leon Gigante,945901X,854099,APROBADO
Francisco Condor Sigiloso,35289X,76722,APROBADO
Sacha Gato Noble,483444X,213421,RECHAZADO (Riesgo Salud/Financiero)
Lucho Nutria Noble,75209X,687024,APROBADO
Lucho Zorro Austral,659224X,445420,APROBADO
Coty Condor Sigiloso,151389X,823847,APROBADO
Matias Condor Salvage,550792X,612493,RECHAZADO (Riesgo Salud/Financiero)
Maria Perro Veloz,478885X,648455,APROBADO
Sacha Leon Salvage,121602X,377224,RECHAZADO (Riesgo Salud/Financiero)
Juan Puma Audaz,51520X,805556,RECHAZADO (Riesgo Salud/Financiero)
Juan Ballena Rojo,371424X,214464,APROBADO
Pepe Puma Gigante,142218X,852693,APROBADO
Pancha Condor Sigiloso,814153X,883642,APROBADO
Lucho Zorro Noble,395769X,413753,APROBADO
Francisco Condor Veloz,221090X,754926,APROBADO
Francisco Leon Gigante,136395X,359354,APROBADO
Juan Leon Gigante,318723X,574777,RECHAZADO (Riesgo Salud/Financiero)
Sacha Ballena Gigante,183909X,712514,APROBADO
Sacha Perro Veloz,335432X,816990,APROBADO
Sacha Gato Gigante,253071X,610506,RECHAZADO (Riesgo Salud/Financiero)
Coty Zorro Audaz,53777X,601816,APROBADO
Pepe Puma Austral,500885X,827289,APROBADO
Pepe Gato Noble,911874X,418650,APROBADO
Francisco Perro Rojo,216308X,276777,RECHAZADO (Riesgo Salud/Financiero)
Pepe Ballena Veloz,7060X,316155,APROBADO
Pepe Gato Rojo,970638X,81396,RECHAZADO (Riesgo Salud/Financiero)
Sacha Nutria Salvage,729475X,464393,APROBADO
Matias Ballena Veloz,904053X,723020,APROBADO
Sacha Puma Rojo,478686X,275439,RECHAZADO (Riesgo Salud/Financiero)
Lucho Leon Noble,419433X,464071,APROBADO
Pepe Ballena Rojo,57951X,19780,APROBADO
Matias Puma Gigante,892716X,73159,APROBADO
Pancha Nutria Austral,598905X,735991,APROBADO
Lucho Puma Noble,697405X,87591,APROBADO
Pancha Gato Austral,979443X,26320,APROBADO
Juan Puma Audaz,968918X,617687,RECHAZADO (Riesgo Salud/Financiero)
Lucho Zorro Noble,669977X,817402,RECHAZADO (Riesgo Salud/Financiero)
Sacha Condor Audaz,264159X,178226,APROBADO
Francisco Huemul Rojo,380003X,876260,RECHAZADO (Riesgo Salud/Financiero)
Juan Gato Austral,592969X,473551,APROBADO
Sacha Perro Noble,788321X,693126,APROBADO
Pancha Huemul Noble,362198X,40345,APROBADO
Matias Gato Salvage,850057X,466868,APROBADO
Sacha Nutria Noble,850924X,845803,APROBADO
Pepe Leon Salvage,177753X,640889,APROBADO
Juan Gato Veloz,886639X,300022,APROBADO
Pepe Leon Rojo,217028X,627703,APROBADO
Pepe Puma Gigante,607438X,307700,APROBADO
Juan Puma Audaz,115662X,602312,APROBADO
Maria Perro Gigante,925556X,885494,RECHAZADO (Riesgo Salud/Financiero)
Coty Huemul Audaz,420546X,701234,RECHAZADO (Riesgo Salud/Financiero)
Coty Nutria Audaz,743492X,299697,APROBADO
Pancha Ballena Austral,112592X,880672,APROBADO
Lucho Puma Noble,279890X,657502,APROBADO
Maria Nutria Gigante,980124X,495680,APROBADO
Pepe Huemul Austral,342202X,854406,APROBADO
Lucho Gato Veloz,555940X,353768,RECHAZADO (Riesgo Salud/Financiero)
Matias Nutria Salvage,780858X,260774,APROBADO
Sacha Gato Noble,782347X,813988,APROBADO
Pancha Puma Salvage,659482X,376496,APROBADO
Sacha Zorro Sigiloso,697878X,564751,RECHAZADO (Riesgo Salud/Financiero)
Lucho Ballena Veloz,689156X,114973,APROBADO
Coty Gato Salvage,376492X,525568,APROBADO
Francisco Nutria Salvage,680746X,93219,APROBADO
Coty Gato Rojo,714752X,837549,APROBADO
Pepe Huemul Rojo,14782X,60714,APROBADO
Maria Leon Veloz,108226X,592205,RECHAZADO (Riesgo Salud/Financiero)
Sacha Perro Rojo,358278X,290760,RECHAZADO (Riesgo Salud/Financiero)
Francisco Ballena Audaz,79643X,704595,APROBADO
Maria Puma Veloz,85614X,307887,RECHAZADO (Riesgo Salud/Financiero)
Sacha Zorro Rojo,309749X,66262,APROBADO
Juan Leon Audaz,617299X,515345,RECHAZADO (Riesgo Salud/Financiero)
Pancha Nutria Sigiloso,338144X,877581,APROBADO
Pancha Condor Veloz,287546X,471902,APROBADO
Matias Puma Veloz,247841X,426213,RECHAZADO (Riesgo Salud/Financiero)
Pepe Puma Salvage,75296X,660244,APROBADO
Pancha Puma Rojo,705950X,376610,RECHAZADO (Riesgo Salud/Financiero)
Francisco Perro Sigiloso,729570X,455674,APROBADO
Maria Puma Rojo,190632X,434310,RECHAZADO (Riesgo Salud/Financiero)
Francisco Perro Salvage,154682X,788513,APROBADO
Matias Gato Salvage,710309X,618302,APROBADO
Lucho Huemul Audaz,216147X,593584,APROBADO
Pepe Puma Gigante,350162X,415957,RECHAZADO (Riesgo Salud/Financiero)
Lucho Nutria Sigiloso,383211X,371420,APROBADO
Coty Ballena Austral,452021X,266439,APROBADO
Juan Leon Austral,299116X,880878,APROBADO
Pepe Zorro Audaz,165690X,30699,APROBADO
Matias Huemul Audaz,427787X,453706,APROBADO
Pepe Ballena Sigiloso,559750X,66877,APROBADO
Matias Zorro Sigiloso,614522X,564523,APROBADO
Juan Leon Noble,266350X,150276,APROBADO
Coty Ballena Rojo,639809X,876300,APROBADO
Lucho Condor Noble,677933X,508900,APROBADO
Coty Ballena Audaz,9395X,879625,RECHAZADO (Riesgo Salud/Financiero)
Lucho Zorro Veloz,627627X,383691,APROBADO
Lucho Perro Salvage,537646X,663828,RECHAZADO (Riesgo Salud/Financiero)
Juan Nutria Salvage,563909X,307259,APROBADO
Francisco Huemul Veloz,294875X,18781,APROBADO
Juan Perro Austral,286435X,234934,RECHAZADO (Riesgo Salud/Financiero)
Pepe Puma Noble,623865X,865524,APROBADO
Matias Zorro Veloz,865379X,612449,APROBADO
Pancha Ballena Salvage,242904X,129075,APROBADO
Coty Zorro Sigiloso,160034X,439496,RECHAZADO (Riesgo Salud/Financiero)
Maria Leon Sigiloso,804490X,389364,APROBADO
Maria Perro Sigiloso,907017X,215359,RECHAZADO (Riesgo Salud/Financiero)
Lucho Gato Salvage,999630X,272947,APROBADO
Maria Ballena Salvage,232010X,517725,RECHAZADO (Riesgo Salud/Financiero)
Pepe Zorro Noble,310323X,343980,RECHAZADO (Riesgo Salud/Financiero)
Pancha Condor Noble,884545X,538238,APROBADO
Lucho Zorro Audaz,211067X,871256,APROBADO
Sacha Perro Audaz,16667X,700279,RECHAZADO (Riesgo Salud/Financiero)
Juan Leon Rojo,765837X,830283,APROBADO
Juan Puma Veloz,445059X,118422,APROBADO
Sacha Nutria Austral,292551X,880768,APROBADO
Maria Perro Veloz,331720X,736923,APROBADO
Lucho Condor Audaz,958998X,717777,APROBADO
Matias Ballena Salvage,462917X,59298,APROBADO
Maria Condor Sigiloso,658737X,242249,APROBADO
Francisco Puma Gigante,509429X,825448,APROBADO
Sacha Perro Noble,283459X,282013,APROBADO
Juan Ballena Veloz,677012X,224354,APROBADO
Sacha Zorro Sigiloso,964971X,183796,APROBADO
Lucho Ballena Sigiloso,899781X,178105,APROBADO
Pancha Puma Sigiloso,54992X,351246,APROBADO
Juan Condor Austral,733834X,127667,RECHAZADO (Riesgo Salud/Financiero)
Juan Puma Veloz,430717X,513250,APROBADO
Pepe Perro Audaz,962067X,731249,APROBADO
Juan Leon Salvage,597446X,552453,APROBADO
Juan Perro Gigante,515281X,350356,RECHAZADO (Riesgo Salud/Financiero)
Matias Condor Noble,573317X,382626,RECHAZADO (Riesgo Salud/Financiero)
Pepe Nutria Salvage,571477X,728857,APROBADO
Juan Ballena Austral,191548X,850942,APROBADO
Pepe Puma Rojo,235674X,728263,APROBADO
Matias Zorro Austral,741764X,318082,APROBADO
Matias Leon Rojo,869313X,592460,APROBADO
Sacha Perro Rojo,450691X,805389,RECHAZADO (Riesgo Salud/Financiero)
Pepe Zorro Gigante,494066X,585651,APROBADO
Sacha Puma Audaz,854975X,767503,APROBADO
Matias Ballena Noble,265017X,786151,RECHAZADO (Riesgo Salud/Financiero)
Juan Zorro Austral,390289X,474548,APROBADO
Coty Ballena Salvage,29895X,773660,APROBADO
Pepe Zorro Audaz,63308X,356121,RECHAZADO (Riesgo Salud/Financiero)
Pepe Nutria Austral,451405X,128368,APROBADO
Juan Ballena Noble,944717X,383701,APROBADO
Coty Puma Veloz,744142X,59671,APROBADO
Pancha Ballena Noble,813786X,121191,APROBADO
Pancha Ballena Austral,817554X,734057,APROBADO
Sacha Nutria Salvage,239027X,142352,APROBADO
Francisco Zorro Veloz,184208X,113528,APROBADO
Sacha Leon Austral,756895X,719864,APROBADO
Pepe Condor Gigante,562272X,704691,APROBADO
Lucho Puma Gigante,512294X,474235,APROBADO
Lucho Gato Austral,731767X,465021,APROBADO
Sacha Nutria Rojo,768506X,653166,RECHAZADO (Riesgo Salud/Financiero)
Pepe Condor Salvage,418811X,139184,APROBADO
Lucho Ballena Gigante,432702X,156808,APROBADO
Maria Leon Veloz,730051X,858509,RECHAZADO (Riesgo Salud/Financiero)
Lucho Nutria Audaz,340521X,767275,RECHAZADO (Riesgo Salud/Financiero)
Maria Perro Austral,266459X,91602,APROBADO
Maria Leon Salvage,355608X,203694,APROBADO
Francisco Leon Salvage,360311X,736665,APROBADO
Pepe Puma Salvage,713459X,695541,APROBADO
Pancha Puma Sigiloso,606485X,230466,APROBADO
Sacha Zorro Audaz,568774X,59835,APROBADO
Coty Perro Gigante,427000X,690304,APROBADO
Pepe Puma Salvage,19061X,400263,APROBADO
Pepe Ballena Audaz,814642X,29602,APROBADO
Francisco Ballena Noble,703280X,26813,APROBADO
Francisco Condor Salvage,595917X,886158,APROBADO
Sacha Gato Sigiloso,621412X,290450,APROBADO
Francisco Ballena Audaz,895896X,366102,APROBADO
Maria Zorro Audaz,43639X,686835,APROBADO
Pancha Zorro Rojo,837273X,18834,RECHAZADO (Riesgo Salud/Financiero)
Maria Zorro Sigiloso,87361X,539837,APROBADO
Matias Gato Rojo,772608X,655772,APROBADO
Pancha Ballena Austral,432906X,776608,APROBADO
Matias Leon Rojo,212457X,846230,APROBADO
Lucho Ballena Salvage,670000X,795777,RECHAZADO (Riesgo Salud/Financiero)
Matias Ballena Veloz,848532X,711313,RECHAZADO (Riesgo Salud/Financiero)
Juan Puma Austral,442962X,234583,APROBADO
Juan Huemul Austral,576656X,462566,APROBADO
Lucho Puma Gigante,389384X,202868,APROBADO
Francisco Ballena Audaz,452786X,643689,APROBADO
Matias Puma Audaz,627041X,637286,RECHAZADO (Riesgo Salud/Financiero)
Lucho Puma Sigiloso,956373X,693350,APROBADO
Sacha Perro Audaz,116653X,885906,APROBADO
Francisco Perro Noble,137135X,73077,RECHAZADO (Riesgo Salud/Financiero)
Pancha Zorro Veloz,825317X,400518,APROBADO
Coty Condor Audaz,34184X,441120,RECHAZADO (Riesgo Salud/Financiero)
Pancha Condor Sigiloso,13238X,322578,RECHAZADO (Riesgo Salud/Financiero)
Maria Ballena Noble,796022X,598549,APROBADO
Lucho Leon Veloz,589609X,484800,APROBADO
Maria Zorro Austral,273977X,834363,APROBADO
Maria Zorro Noble,558182X,741577,APROBADO
Sacha Huemul Veloz,900117X,172102,APROBADO
Matias Gato Austral,938357X,203416,APROBADO
Lucho Gato Noble,289622X,733435,APROBADO
Lucho Gato Rojo,643094X,708535,RECHAZADO (Riesgo Salud/Financiero)
Pepe Condor Austral,517109X,229664,APROBADO
Coty Huemul Sigiloso,126221X,432409,APROBADO
Francisco Nutria Noble,985319X,779731,APROBADO
Juan Condor Sigiloso,323765X,349875,RECHAZADO (Riesgo Salud/Financiero)
Matias Puma Salvage,806614X,515902,APROBADO
Francisco Zorro Salvage,596910X,654834,APROBADO
Coty Huemul Audaz,773701X,93405,APROBADO
Juan Gato Audaz,246638X,127319,APROBADO
Maria Zorro Sigiloso,319359X,291020,APROBADO
Juan Perro Austral,660578X,887281,APROBADO
Coty Leon Audaz,14542X,200792,APROBADO
Lucho Condor Salvage,455203X,800665,APROBADO
Maria Ballena Austral,251991X,249854,APROBADO
Juan Ballena Austral,863427X,129864,APROBADO
Juan Puma Sigiloso,823235X,353371,APROBADO
Pepe Gato Gigante,788541X,789617,APROBADO
Sacha Nutria Veloz,804159X,286165,APROBADO
Coty Zorro Gigante,452224X,597770,APROBADO
Pancha Nutria Veloz,659975X,184516,APROBADO
Maria Perro Rojo,312760X,65392,RECHAZADO (Riesgo Salud/Financiero)
Juan Ballena Audaz,213957X,626309,RECHAZADO (Riesgo Salud/Financiero)
Matias Condor Gigante,894425X,175325,RECHAZADO (Riesgo Salud/Financiero)
Coty Perro Rojo,599136X,711982,APROBADO
Francisco Leon Audaz,419434X,811415,APROBADO
Juan Gato Audaz,922480X,238069,APROBADO
Pancha Huemul Rojo,581083X,171150,RECHAZADO (Riesgo Salud/Financiero)
Juan Gato Salvage,82928X,609675,APROBADO
Matias Puma Gigante,235472X,728913,APROBADO
Francisco Zorro Salvage,793423X,852712,APROBADO
Coty Puma Noble,268920X,231650,APROBADO
Pancha Perro Sigiloso,96185X,780177,APROBADO
Matias Zorro Gigante,470518X,25785,APROBADO
Maria Huemul Veloz,711887X,514022,APROBADO
Sacha Huemul Noble,399871X,365616,APROBADO
Lucho Condor Audaz,605749X,94922,APROBADO
Sacha Puma Austral,262864X,302248,APROBADO
Matias Zorro Noble,695057X,707397,APROBADO
Pancha Ballena Gigante,1768X,766942,APROBADO
Lucho Gato Veloz,109281X,602426,APROBADO
Lucho Perro Audaz,151427X,746493,APROBADO
Sacha Ballena Sigiloso,491920X,858350,APROBADO
Juan Puma Salvage,494094X,722412,RECHAZADO (Riesgo Salud/Financiero)
Francisco Perro Austral,918470X,764831,APROBADO
Juan Perro Rojo,483386X,430205,APROBADO
Lucho Huemul Veloz,812358X,161934,APROBADO
Juan Gato Rojo,469937X,597526,APROBADO
Maria Zorro Sigiloso,973032X,51032,APROBADO
Pancha Gato Rojo,969730X,107901,APROBADO
Juan Huemul Gigante,443928X,630541,APROBADO
Sacha Gato Rojo,672252X,108350,APROBADO
Lucho Ballena Sigiloso,922521X,607637,APROBADO
Francisco Ballena Gigante,10506X,519955,APROBADO
Pancha Zorro Audaz,540501X,175418,APROBADO
Pancha Huemul Audaz,773594X,139719,APROBADO
Sacha Leon Gigante,799686X,700876,APROBADO
Sacha Nutria Salvage,145693X,377963,RECHAZADO (Riesgo Salud/Financiero)
Pepe Nutria Veloz,895176X,25933,APROBADO
Coty Gato Austral,534948X,360625,APROBADO
Pancha Leon Audaz,38921X,19051,RECHAZADO (Riesgo Salud/Financiero)
Matias Zorro Noble,359162X,870374,APROBADO
Matias Ballena Austral,211674X,510285,APROBADO
Maria Ballena Salvage,764579X,465052,APROBADO
Pepe Leon Noble,515784X,149372,APROBADO
Sacha Nutria Noble,843507X,754025,RECHAZADO (Riesgo Salud/Financiero)
Lucho Perro Gigante,375723X,250622,RECHAZADO (Riesgo Salud/Financiero)
Maria Gato Gigante,635427X,263873,APROBADO
Juan Gato Sigiloso,839713X,114367,APROBADO
Coty Leon Salvage,176157X,132496,APROBADO
Juan Huemul Rojo,607155X,411650,RECHAZADO (Riesgo Salud/Financiero)
Lucho Puma Rojo,17029X,836334,APROBADO
Sacha Puma Rojo,273038X,899445,RECHAZADO (Riesgo Salud/Financiero)
Juan Zorro Austral,522335X,250035,APROBADO
Pepe Puma Veloz,635105X,154947,APROBADO
Juan Nutria Sigiloso,233592X,130811,RECHAZADO (Riesgo Salud/Financiero)
Francisco Gato Noble,873953X,559741,APROBADO
Matias Gato Austral,177793X,624192,APROBADO
Matias Condor Austral,824696X,305374,APROBADO
Juan Zorro Noble,993354X,652716,APROBADO
Juan Zorro Sigiloso,480523X,716589,APROBADO
Juan Ballena Austral,105339X,670625,RECHAZADO (Riesgo Salud/Financiero)
Maria Puma Rojo,455375X,626511,APROBADO
Pancha Ballena Salvage,650736X,561668,APROBADO
Maria Huemul Audaz,339624X,828142,APROBADO
Sacha Zorro Veloz,588423X,301918,APROBADO
Matias Nutria Rojo,873417X,94281,APROBADO
Sacha Huemul Gigante,157993X,480871,APROBADO
Juan Condor Veloz,326268X,250918,APROBADO
Lucho Condor Austral,734379X,369928,APROBADO
Sacha Leon Austral,564098X,350012,APROBADO
Coty Gato Sigiloso,611937X,470359,APROBADO
Sacha Puma Rojo,731701X,765392,APROBADO
Pepe Gato Sigiloso,83298X,770908,APROBADO
Maria Huemul Salvage,51571X,381880,APROBADO
Coty Condor Audaz,848261X,672974,RECHAZADO (Riesgo Salud/Financiero)
Coty Ballena Salvage,588659X,541224,APROBADO
Juan Nutria Noble,161511X,449670,APROBADO
Juan Nutria Sigiloso,748421X,392669,APROBADO
Maria Zorro Austral,802320X,610078,APROBADO
Juan Condor Audaz,729877X,474926,APROBADO
Maria Gato Sigiloso,948713X,404355,APROBADO
Maria Huemul Audaz,666162X,722460,RECHAZADO (Riesgo Salud/Financiero)
Coty Puma Noble,439811X,416915,APROBADO
Matias Puma Austral,712826X,75242,RECHAZADO (Riesgo Salud/Financiero)
Coty Ballena Salvage,133975X,399383,RECHAZADO (Riesgo Salud/Financiero)
Lucho Leon Noble,954209X,255007,APROBADO
Francisco Leon Rojo,946666X,464737,APROBADO
Pancha Ballena Sigiloso,561781X,430139,RECHAZADO (Riesgo Salud/Financiero)
Lucho Ballena Audaz,708383X,635337,APROBADO
Matias Perro Sigiloso,910621X,760270,APROBADO
Matias Leon Rojo,37709X,540153,RECHAZADO (Riesgo Salud/Financiero)
Francisco Zorro Sigiloso,579784X,530849,APROBADO
Juan Perro Austral,174088X,591342,APROBADO
Pancha Huemul Audaz,447052X,745342,APROBADO
Matias Perro Rojo,32099X,461580,RECHAZADO (Riesgo Salud/Financiero)
Francisco Ballena Rojo,131718X,276939,APROBADO
Pepe Condor Salvage,544248X,152233,APROBADO
Lucho Nutria Salvage,650164X,239011,APROBADO
Juan Condor Gigante,488238X,870341,APROBADO
Juan Huemul Rojo,863331X,574575,APROBADO
Juan Zorro Noble,140873X,184476,APROBADO
Pancha Gato Austral,353608X,483894,RECHAZADO (Riesgo Salud/Financiero)
Coty Zorro Austral,336917X,147804,APROBADO
Pancha Ballena Veloz,790614X,176687,APROBADO
Pepe Puma Sigiloso,703194X,727736,APROBADO
Matias Zorro Sigiloso,292468X,316547,APROBADO
Matias Perro Austral,151984X,632915,APROBADO
Pancha Puma Salvage,494205X,253577,APROBADO
Juan Condor Audaz,490096X,402640,APROBADO
Pancha Zorro Veloz,501292X,388507,APROBADO
Pepe Gato Gigante,479132X,761663,APROBADO
Sacha Huemul Austral,521068X,430862,APROBADO
Matias Perro Gigante,333532X,590025,APROBADO
Pepe Perro Gigante,2774X,882675,RECHAZADO (Riesgo Salud/Financiero)
Lucho Nutria Audaz,699527X,693005,APROBADO
Juan Ballena Audaz,33253X,538548,RECHAZADO (Riesgo Salud/Financiero)
Pancha Gato Gigante,881485X,205590,RECHAZADO (Riesgo Salud/Financiero)
Pancha Zorro Audaz,739303X,703416,RECHAZADO (Riesgo Salud/Financiero)
Juan Perro Salvage,810379X,155502,APROBADO
Francisco Zorro Audaz,582539X,392773,APROBADO
Maria Huemul Gigante,647587X,191417,APROBADO
Matias Zorro Rojo,973371X,639933,APROBADO
Pancha Nutria Rojo,575456X,200579,APROBADO
Sacha Gato Sigiloso,277702X,437482,APROBADO
Francisco Perro Rojo,893305X,416384,APROBADO
Francisco Gato Salvage,774917X,594145,APROBADO
Matias Puma Rojo,763631X,698782,APROBADO
Lucho Perro Gigante,704754X,596017,RECHAZADO (Riesgo Salud/Financiero)
Pancha Ballena Noble,419289X,229419,RECHAZADO (Riesgo Salud/Financiero)
Coty Condor Gigante,491862X,837534,APROBADO
Pepe Perro Austral,69675X,856824,APROBADO
Juan Puma Salvage,711252X,252164,APROBADO
Sacha Zorro Audaz,290711X,59898,APROBADO
Lucho Gato Audaz,873443X,645888,APROBADO
Matias Huemul Veloz,407268X,354522,RECHAZADO (Riesgo Salud/Financiero)
Pancha Puma Sigiloso,620164X,638073,RECHAZADO (Riesgo Salud/Financiero)
Pepe Puma Audaz,281005X,707061,APROBADO
Sacha Nutria Austral,570723X,808887,RECHAZADO (Riesgo Salud/Financiero)
Maria Condor Gigante,354961X,865449,APROBADO
Pancha Zorro Salvage,140609X,191812,APROBADO
Coty Zorro Audaz,260538X,383736,RECHAZADO (Riesgo Salud/Financiero)
Sacha Perro Noble,582954X,593768,RECHAZADO (Riesgo Salud/Financiero)
Maria Huemul Austral,83126X,841930,APROBADO
Juan Gato Austral,886294X,183103,RECHAZADO (Riesgo Salud/Financiero)
Lucho Ballena Noble,498744X,440615,APROBADO
Francisco Perro Noble,34505X,746230,APROBADO
Sacha Condor Noble,791090X,772473,RECHAZADO (Riesgo Salud/Financiero)
Pancha Leon Austral,26089X,53921,RECHAZADO (Riesgo Salud/Financiero)
Matias Leon Noble,261261X,59529,APROBADO
Lucho Gato Gigante,669635X,341481,APROBADO
Maria Zorro Noble,879856X,245154,APROBADO
Juan Nutria Austral,350940X,483835,APROBADO
Pepe Puma Sigiloso,892109X,213496,APROBADO
Lucho Ballena Rojo,810235X,338550,APROBADO
Pancha Ballena Rojo,157933X,25235,APROBADO
Maria Zorro Rojo,543237X,234218,APROBADO
Matias Perro Audaz,106065X,776786,APROBADO
Francisco Puma Noble,310981X,96812,APROBADO
Sacha Leon Audaz,357941X,295841,APROBADO
Maria Zorro Gigante,74678X,729464,APROBADO
Sacha Leon Austral,758866X,552072,RECHAZADO (Riesgo Salud/Financiero)
Lucho Perro Salvage,578933X,316954,RECHAZADO (Riesgo Salud/Financiero)
Coty Perro Audaz,361722X,134523,APROBADO
Pancha Zorro Gigante,947413X,589668,APROBADO
Coty Leon Sigiloso,460855X,738853,APROBADO
Maria Puma Rojo,555009X,47729,APROBADO
Francisco Zorro Noble,648553X,321433,APROBADO
Matias Condor Sigiloso,27276X,824535,APROBADO
Pepe Gato Veloz,10919X,34189,APROBADO
Maria Gato Veloz,468030X,275447,APROBADO
Coty Puma Austral,469635X,787994,APROBADO
Pancha Huemul Gigante,767705X,867878,APROBADO
Coty Gato Austral,309924X,723357,APROBADO
Maria Leon Audaz,763644X,720822,APROBADO
Francisco Gato Salvage,732166X,327635,APROBADO
Coty Leon Rojo,964259X,526487,RECHAZADO (Riesgo Salud/Financiero)
Sacha Ballena Veloz,269295X,600647,APROBADO
Matias Huemul Veloz,974801X,258359,APROBADO
Lucho Ballena Rojo,300298X,580705,APROBADO
Sacha Zorro Salvage,618784X,763713,RECHAZADO (Riesgo Salud/Financiero)
Juan Perro Noble,246818X,354568,APROBADO
Coty Gato Rojo,351550X,145074,APROBADO
Francisco Zorro Sigiloso,850608X,757193,RECHAZADO (Riesgo Salud/Financiero)
Coty Nutria Audaz,102873X,310184,RECHAZADO (Riesgo Salud/Financiero)
Maria Ballena Gigante,718630X,442925,APROBADO
Sacha Puma Noble,774375X,344242,APROBADO
Coty Puma Salvage,191826X,345283,APROBADO
Francisco Zorro Veloz,693549X,314901,APROBADO
Coty Huemul Rojo,177556X,831408,APROBADO
Pancha Condor Sigiloso,459632X,861398,APROBADO
Francisco Puma Audaz,461415X,438848,APROBADO
Francisco Ballena Gigante,329614X,708860,RECHAZADO (Riesgo Salud/Financiero)
Juan Huemul Audaz,607174X,269806,APROBADO
Pancha Condor Austral,980931X,483017,RECHAZADO (Riesgo Salud/Financiero)
Matias Puma Gigante,157413X,517431,RECHAZADO (Riesgo Salud/Financiero)
Maria Nutria Noble,173865X,310784,APROBADO
Coty Nutria Salvage,937968X,819085,RECHAZADO (Riesgo Salud/Financiero)
Juan Puma Rojo,956551X,677740,APROBADO
Coty Zorro Austral,26247X,494820,APROBADO
Juan Huemul Sigiloso,647447X,37027,APROBADO
Matias Leon Rojo,433658X,261145,APROBADO
Maria Gato Veloz,980698X,623214,APROBADO
Coty Huemul Veloz,560942X,348201,APROBADO
Sacha Huemul Gigante,879535X,355123,APROBADO
Francisco Puma Rojo,279232X,620225,APROBADO
Sacha Leon Veloz,646967X,26874,APROBADO
Lucho Condor Noble,914628X,137864,APROBADO
Coty Perro Austral,721153X,93070,APROBADO
Juan Huemul Gigante,897759X,700847,APROBADO
Matias Puma Veloz,421682X,573511,APROBADO
Coty Puma Veloz,895990X,796342,RECHAZADO (Riesgo Salud/Financiero)
Maria Perro Audaz,302913X,106012,APROBADO
Francisco Nutria Salvage,290316X,393445,APROBADO
Maria Condor Noble,360146X,157473,APROBADO
Coty Condor Audaz,45007X,272509,APROBADO
Juan Ballena Gigante,421054X,589192,APROBADO
Lucho Perro Rojo,968707X,306028,APROBADO
Juan Leon Sigiloso,553829X,332211,APROBADO
Pepe Perro Austral,521245X,137150,RECHAZADO (Riesgo Salud/Financiero)
Lucho Leon Austral,726755X,595934,APROBADO
Matias Gato Salvage,551945X,79603,APROBADO
Maria Ballena Rojo,892602X,271935,APROBADO
Lucho Leon Austral,100728X,231767,APROBADO
Matias Leon Audaz,7553X,236090,RECHAZADO (Riesgo Salud/Financiero)
Coty Leon Sigiloso,979952X,226264,APROBADO
Coty Leon Sigiloso,493016X,45858,APROBADO
Pepe Huemul Austral,535603X,863975,RECHAZADO (Riesgo Salud/Financiero)
Pancha Ballena Sigiloso,31265X,269961,APROBADO
Coty Huemul Audaz,917191X,22159,APROBADO
Juan Puma Rojo,226766X,165761,APROBADO
Pancha Ballena Audaz,428153X,782603,APROBADO
Juan Nutria Audaz,581319X,335612,APROBADO
Francisco Ballena Austral,882405X,311313,APROBADO
Francisco Puma Rojo,514113X,717015,RECHAZADO (Riesgo Salud/Financiero)
Juan Nutria Austral,295589X,99442,RECHAZADO (Riesgo Salud/Financiero)
Lucho Gato Audaz,395151X,472922,RECHAZADO (Riesgo Salud/Financiero)
Juan Gato Gigante,966791X,710319,APROBADO
Francisco Leon Veloz,465417X,399275,APROBADO
Francisco Condor Veloz,6263X,284087,APROBADO
Maria Zorro Rojo,83538X,446618,RECHAZADO (Riesgo Salud/Financiero)
Matias Condor Rojo,967416X,365149,APROBADO
Maria Leon Austral,451340X,422767,APROBADO
Matias Zorro Audaz,699505X,42396,APROBADO
Matias Gato Rojo,246087X,166249,RECHAZADO (Riesgo Salud/Financiero)
Matias Puma Gigante,734428X,499164,APROBADO
Lucho Ballena Salvage,90425X,205822,APROBADO
Matias Puma Veloz,230007X,692813,APROBADO
Pancha Condor Noble,788437X,232831,APROBADO
Coty Condor Sigiloso,13375X,475021,APROBADO
Pepe Ballena Rojo,649705X,444983,APROBADO
Maria Ballena Veloz,407619X,406510,APROBADO
Pancha Huemul Salvage,469022X,810473,APROBADO
Maria Nutria Veloz,214305X,370154,RECHAZADO (Riesgo Salud/Financiero)
Francisco Zorro Austral,790646X,573553,APROBADO
Maria Leon Veloz,24072X,429281,APROBADO
Matias Huemul Sigiloso,328633X,434661,APROBADO
Coty Perro Rojo,528567X,273741,APROBADO
Lucho Nutria Salvage,650165X,597462,APROBADO
Lucho Leon Sigiloso,471697X,869599,APROBADO
Juan Leon Gigante,707811X,232827,APROBADO
Matias Leon Rojo,520326X,743866,APROBADO
Maria Nutria Audaz,63711X,212433,APROBADO
Pancha Huemul Rojo,328566X,121580,RECHAZADO (Riesgo Salud/Financiero)
Francisco Ballena Veloz,987824X,302221,APROBADO
Lucho Ballena Sigiloso,365696X,697202,APROBADO
Sacha Puma Salvage,552667X,415489,APROBADO
Francisco Ballena Noble,110512X,65481,RECHAZADO (Riesgo Salud/Financiero)
Lucho Gato Sigiloso,945445X,216434,APROBADO
Pancha Condor Audaz,315745X,870993,RECHAZADO (Riesgo Salud/Financiero)
Coty Gato Sigiloso,551317X,178302,APROBADO
Pepe Nutria Sigiloso,640200X,640554,APROBADO
Juan Huemul Audaz,25004X,628861,APROBADO
Maria Condor Austral,496072X,488543,RECHAZADO (Riesgo Salud/Financiero)
Francisco Perro Audaz,704391X,608058,APROBADO
Pepe Puma Noble,480064X,121954,APROBADO
Maria Nutria Salvage,802973X,457931,APROBADO
Coty Puma Gigante,432248X,734850,APROBADO
Maria Huemul Salvage,806958X,114818,APROBADO
Francisco Perro Austral,500495X,541373,RECHAZADO (Riesgo Salud/Financiero)
Francisco Puma Noble,675058X,21597,APROBADO
Maria Perro Salvage,732557X,71342,APROBADO
Lucho Condor Audaz,40944X,759825,APROBADO
Lucho Ballena Veloz,427353X,522566,APROBADO
Francisco Huemul Rojo,336983X,182332,APROBADO
Francisco Leon Noble,935490X,67407,APROBADO
Francisco Leon Audaz,976725X,671231,APROBADO
Lucho Ballena Austral,256264X,416100,APROBADO
Francisco Zorro Austral,190831X,690190,APROBADO
Pancha Huemul Veloz,45871X,790478,RECHAZADO (Riesgo Salud/Financiero)
Sacha Puma Audaz,600877X,185792,APROBADO
Maria Perro Sigiloso,885538X,340844,RECHAZADO (Riesgo Salud/Financiero)
Pancha Huemul Gigante,245057X,427015,APROBADO
Lucho Gato Veloz,30842X,809792,APROBADO
Coty Ballena Gigante,612372X,41802,APROBADO
Juan Ballena Rojo,450883X,768989,APROBADO
Pancha Condor Veloz,440221X,378949,APROBADO
Pancha Gato Austral,908960X,569011,APROBADO
Lucho Zorro Gigante,259675X,637792,APROBADO
Juan Leon Noble,983197X,773269,RECHAZADO (Riesgo Salud/Financiero)
Maria Nutria Gigante,488198X,465573,APROBADO
Lucho Puma Audaz,585456X,811770,APROBADO
Francisco Gato Audaz,300332X,444099,APROBADO
Pancha Perro Rojo,332800X,578682,APROBADO
Juan Puma Noble,748869X,319946,RECHAZADO (Riesgo Salud/Financiero)
Sacha Nutria Gigante,375700X,629235,APROBADO
Coty Gato Noble,485766X,407648,APROBADO
Juan Zorro Audaz,792832X,896968,APROBADO
Maria Huemul Sigiloso,553240X,305713,APROBADO
Matias Leon Audaz,652198X,451760,APROBADO
Maria Huemul Sigiloso,279486X,548442,APROBADO
Coty Ballena Veloz,593215X,628443,APROBADO
Juan Condor Audaz,960365X,631877,APROBADO
Lucho Gato Rojo,717309X,275864,APROBADO
Juan Huemul Salvage,261620X,342020,APROBADO
Pepe Ballena Veloz,282705X,802346,APROBADO
Coty Puma Audaz,874718X,779561,RECHAZADO (Riesgo Salud/Financiero)
Pepe Ballena Noble,419441X,61539,APROBADO
Francisco Puma Rojo,277008X,496838,APROBADO
Juan Huemul Audaz,973334X,815498,APROBADO
Francisco Condor Austral,241905X,46289,RECHAZADO (Riesgo Salud/Financiero)
Francisco Perro Sigiloso,925529X,464884,APROBADO
Lucho Gato Audaz,848541X,294381,APROBADO
Sacha Leon Salvage,886989X,307585,APROBADO
Matias Nutria Veloz,631888X,27524,APROBADO
Juan Ballena Noble,222561X,516060,APROBADO
Maria Puma Gigante,446508X,284431,APROBADO
Pepe Huemul Salvage,888422X,176107,APROBADO
Maria Condor Audaz,225169X,602258,APROBADO
Maria Leon Sigiloso,310796X,879928,APROBADO
Juan Leon Audaz,649070X,395522,APROBADO
Juan Ballena Gigante,97379X,198812,APROBADO
Coty Perro Audaz,152381X,572243,APROBADO
Pancha Condor Austral,969772X,888591,APROBADO
Francisco Condor Gigante,215982X,263073,RECHAZADO (Riesgo Salud/Financiero)
Maria Puma Salvage,198265X,134863,RECHAZADO (Riesgo Salud/Financiero)
Pancha Condor Sigiloso,438578X,107158,APROBADO
Francisco Huemul Audaz,187521X,505174,APROBADO
Pancha Ballena Sigiloso,781837X,872893,APROBADO
Pepe Gato Sigiloso,289108X,617228,APROBADO
Maria Condor Gigante,816157X,548713,APROBADO
Maria Condor Noble,31968X,566400,APROBADO
Francisco Condor Sigiloso,79838X,614513,RECHAZADO (Riesgo Salud/Financiero)
Coty Nutria Rojo,958352X,17218,APROBADO
Coty Zorro Austral,130706X,890003,APROBADO
Francisco Zorro Audaz,918280X,839581,APROBADO
Coty Puma Sigiloso,41563X,347003,APROBADO
Maria Huemul Sigiloso,390505X,36023,APROBADO
Matias Ballena Gigante,506699X,720102,APROBADO
Sacha Nutria Noble,234087X,819594,RECHAZADO (Riesgo Salud/Financiero)
Matias Puma Gigante,26636X,610723,APROBADO
Pepe Ballena Noble,391028X,238304,RECHAZADO (Riesgo Salud/Financiero)
Maria Gato Austral,722829X,852828,APROBADO
Coty Condor Austral,2174X,818049,APROBADO
Pepe Zorro Audaz,444836X,23609,APROBADO
Coty Zorro Austral,302962X,672803,APROBADO
Sacha Puma Salvage,838277X,81218,APROBADO
Matias Gato Salvage,630160X,825954,APROBADO
Pepe Perro Rojo,870643X,418428,APROBADO
Pancha Nutria Audaz,855108X,804377,APROBADO
Pancha Gato Sigiloso,925012X,308730,RECHAZADO (Riesgo Salud/Financiero)
Maria Leon Gigante,374020X,286869,APROBADO
Francisco Perro Sigiloso,585262X,525098,RECHAZADO (Riesgo Salud/Financiero)
Juan Gato Gigante,671716X,848452,APROBADO
Pepe Perro Gigante,938046X,324124,APROBADO
Matias Ballena Sigiloso,713378X,762611,APROBADO
Francisco Ballena Sigiloso,631223X,203281,APROBADO
Pancha Condor Sigiloso,296617X,110824,APROBADO
Francisco Nutria Rojo,610409X,223730,APROBADO
Sacha Perro Gigante,952962X,410228,RECHAZADO (Riesgo Salud/Financiero)
Coty Gato Sigiloso,493584X,511838,APROBADO
Juan Gato Austral,722718X,638490,RECHAZADO (Riesgo Salud/Financiero)
Juan Gato Austral,735662X,550280,APROBADO
Sacha Zorro Gigante,862007X,165825,RECHAZADO (Riesgo Salud/Financiero)
Juan Nutria Austral,616456X,33380,RECHAZADO (Riesgo Salud/Financiero)
Matias Gato Audaz,396965X,791091,APROBADO
Matias Gato Gigante,617994X,184373,RECHAZADO (Riesgo Salud/Financiero)
Coty Leon Salvage,22261X,871793,RECHAZADO (Riesgo Salud/Financiero)
Juan Nutria Audaz,625837X,71025,APROBADO
Juan Condor Gigante,842919X,93318,APROBADO
Matias Perro Veloz,986549X,491788,APROBADO
Coty Huemul Noble,67712X,897309,APROBADO
Pancha Zorro Austral,862957X,633338,RECHAZADO (Riesgo Salud/Financiero)
Pepe Nutria Noble,441617X,105788,RECHAZADO (Riesgo Salud/Financiero)
Pepe Leon Noble,814017X,358542,RECHAZADO (Riesgo Salud/Financiero)
Lucho Condor Noble,844261X,619537,APROBADO
Pancha Ballena Salvage,363448X,306670,APROBADO
Juan Huemul Veloz,87098X,31715,RECHAZADO (Riesgo Salud/Financiero)
Sacha Ballena Salvage,90049X,843393,APROBADO
Maria Zorro Austral,241052X,123697,APROBADO
Pepe Nutria Gigante,321779X,304500,APROBADO
Sacha Nutria Noble,444391X,253107,APROBADO
Pepe Nutria Audaz,282090X,700222,APROBADO
Maria Perro Austral,401062X,275566,APROBADO
Pancha Perro Audaz,338015X,798944,RECHAZADO (Riesgo Salud/Financiero)
Pepe Condor Rojo,858824X,622421,RECHAZADO (Riesgo Salud/Financiero)
Matias Ballena Austral,754369X,846844,APROBADO
Juan Gato Sigiloso,131947X,302355,APROBADO
Lucho Leon Austral,330767X,295075,APROBADO
Juan Nutria Rojo,376405X,509619,APROBADO
Pancha Nutria Sigiloso,144372X,861519,APROBADO
Juan Nutria Rojo,867148X,824843,APROBADO
Lucho Perro Rojo,764037X,15953,RECHAZADO (Riesgo Salud/Financiero)
Pepe Perro Gigante,461960X,153164,APROBADO
Pepe Nutria Noble,119511X,192521,APROBADO
Pepe Leon Austral,611767X,709935,APROBADO
Sacha Puma Veloz,706651X,40347,APROBADO
Pepe Leon Veloz,481551X,762981,APROBADO
Juan Nutria Noble,967594X,679267,RECHAZADO (Riesgo Salud/Financiero)
Francisco Puma Austral,105635X,100618,APROBADO
Pancha Puma Noble,151748X,18733,RECHAZADO (Riesgo Salud/Financiero)
Matias Huemul Gigante,8741X,692426,APROBADO
Maria Gato Gigante,240866X,367775,APROBADO
Pepe Condor Rojo,120277X,36857,APROBADO
Maria Ballena Gigante,440574X,102477,RECHAZADO (Riesgo Salud/Financiero)
Lucho Leon Veloz,500271X,276353,APROBADO
Maria Perro Audaz,924874X,780729,APROBADO
Pancha Condor Audaz,669109X,487004,APROBADO
Pancha Puma Sigiloso,764303X,787118,APROBADO
Pancha Perro Salvage,993912X,808572,APROBADO
Coty Puma Gigante,557839X,139618,APROBADO
Pancha Gato Austral,184417X,715293,APROBADO
Francisco Leon Salvage,101051X,883304,APROBADO
Maria Gato Veloz,203593X,233298,APROBADO
Coty Ballena Veloz,514067X,878391,APROBADO
Sacha Nutria Noble,969425X,130100,APROBADO
Sacha Huemul Rojo,569299X,886843,APROBADO
Pancha Leon Noble,327857X,531906,RECHAZADO (Riesgo Salud/Financiero)
Sacha Ballena Noble,384301X,756964,RECHAZADO (Riesgo Salud/Financiero)
Maria Nutria Austral,94939X,856718,APROBADO
Francisco Ballena Noble,866272X,60781,APROBADO
Coty Gato Noble,994959X,640794,APROBADO
Francisco Huemul Austral,448674X,86113,APROBADO
Lucho Puma Noble,602184X,66213,APROBADO
Juan Gato Audaz,592127X,563331,APROBADO
Matias Perro Rojo,474584X,240335,APROBADO
Pepe Condor Audaz,576157X,378060,APROBADO
Lucho Puma Salvage,155245X,220820,APROBADO
Juan Gato Austral,180841X,542670,APROBADO
Juan Condor Gigante,855819X,583725,APROBADO
Pepe Huemul Gigante,81385X,770928,APROBADO
Pancha Perro Audaz,924459X,173568,RECHAZADO (Riesgo Salud/Financiero)
Pepe Huemul Salvage,909127X,452647,RECHAZADO (Riesgo Salud/Financiero)
Lucho Perro Noble,490486X,705458,APROBADO
Sacha Gato Austral,687440X,263800,RECHAZADO (Riesgo Salud/Financiero)
Coty Puma Salvage,872142X,505444,APROBADO
Juan Ballena Audaz,165430X,697204,APROBADO
Pancha Nutria Salvage,842540X,464161,APROBADO
Maria Condor Gigante,978936X,426200,APROBADO
Coty Leon Veloz,401622X,278300,APROBADO
Matias Zorro Noble,207665X,561034,APROBADO
Pepe Leon Gigante,164655X,829748,APROBADO
Matias Condor Gigante,605300X,702705,APROBADO
Coty Gato Rojo,874650X,564713,APROBADO
Pancha Puma Audaz,70111X,287472,APROBADO
Matias Puma Sigiloso,955889X,200668,RECHAZADO (Riesgo Salud/Financiero)
Pancha Nutria Gigante,993381X,623916,APROBADO
Matias Puma Sigiloso,576632X,16546,APROBADO
Coty Gato Gigante,726692X,515275,APROBADO
Pepe Nutria Gigante,430699X,833940,APROBADO
Coty Gato Audaz,957145X,488823,APROBADO
Coty Leon Sigiloso,697577X,401874,APROBADO
Juan Leon Austral,251290X,717348,APROBADO
Matias Huemul Rojo,855868X,534150,RECHAZADO (Riesgo Salud/Financiero)
Francisco Nutria Gigante,594931X,596714,APROBADO
Sacha Gato Rojo,35508X,306664,RECHAZADO (Riesgo Salud/Financiero)
Juan Nutria Gigante,839671X,261901,RECHAZADO (Riesgo Salud/Financiero)
Pancha Huemul Veloz,387849X,358341,APROBADO
Coty Huemul Rojo,219930X,782547,RECHAZADO (Riesgo Salud/Financiero)
Francisco Huemul Austral,550031X,423739,APROBADO
Pepe Condor Austral,173213X,596719,APROBADO
Matias Condor Noble,953074X,220609,APROBADO
Maria Zorro Gigante,553552X,616384,APROBADO
Juan Perro Salvage,612126X,682724,APROBADO
Sacha Huemul Audaz,957601X,190060,APROBADO
Francisco Gato Veloz,478694X,185229,APROBADO
Juan Gato Noble,415829X,141689,APROBADO
Coty Ballena Salvage,357595X,575780,APROBADO
Pepe Zorro Audaz,699553X,526133,APROBADO
Coty Ballena Sigiloso,599331X,497779,APROBADO
Coty Nutria Rojo,426996X,232967,APROBADO
Coty Huemul Salvage,80053X,590827,RECHAZADO (Riesgo Salud/Financiero)
Coty Zorro Noble,428773X,712699,APROBADO
Sacha Huemul Sigiloso,856034X,737138,APROBADO
Pepe Leon Gigante,116144X,201468,RECHAZADO (Riesgo Salud/Financiero)
Lucho Puma Rojo,767654X,783638,APROBADO
Lucho Puma Salvage,17527X,580996,APROBADO
Juan Perro Veloz,842972X,373307,APROBADO
Maria Huemul Noble,55903X,409979,APROBADO
Matias Nutria Noble,987777X,725891,APROBADO
Pepe Nutria Gigante,746419X,127130,APROBADO
Maria Leon Audaz,374648X,776553,APROBADO
Juan Perro Sigiloso,824501X,638409,RECHAZADO (Riesgo Salud/Financiero)
Pepe Gato Austral,869920X,376404,RECHAZADO (Riesgo Salud/Financiero)
Lucho Condor Rojo,400398X,466100,APROBADO
Sacha Perro Audaz,670896X,580440,APROBADO
Juan Condor Veloz,806733X,33709,APROBADO
Matias Leon Salvage,606634X,470426,RECHAZADO (Riesgo Salud/Financiero)
Francisco Gato Noble,95016X,224283,APROBADO
Juan Gato Audaz,673305X,164162,APROBADO
Maria Ballena Salvage,670055X,823715,APROBADO
Pancha Huemul Sigiloso,283481X,863827,APROBADO
Pancha Leon Austral,639216X,633179,RECHAZADO (Riesgo Salud/Financiero)
Matias Gato Noble,729910X,830634,APROBADO
Juan Gato Rojo,770642X,600075,APROBADO
Juan Leon Audaz,183746X,190583,RECHAZADO (Riesgo Salud/Financiero)
Pancha Leon Salvage,681134X,527703,APROBADO
Pepe Puma Sigiloso,45616X,222769,APROBADO
Sacha Huemul Austral,493267X,832126,RECHAZADO (Riesgo Salud/Financiero)
Lucho Gato Gigante,224513X,528613,RECHAZADO (Riesgo Salud/Financiero)
Lucho Condor Audaz,193552X,275360,APROBADO
Juan Nutria Veloz,616637X,314769,RECHAZADO (Riesgo Salud/Financiero)
Pancha Condor Salvage,919048X,129172,RECHAZADO (Riesgo Salud/Financiero)
Coty Zorro Rojo,370974X,436952,APROBADO
Maria Zorro Sigiloso,938938X,848703,RECHAZADO (Riesgo Salud/Financiero)
Juan Nutria Sigiloso,986789X,494790,APROBADO
Sacha Puma Gigante,183576X,195331,APROBADO
Pancha Huemul Audaz,619940X,521338,APROBADO
Maria Leon Noble,676272X,645017,RECHAZADO (Riesgo Salud/Financiero)
Matias Gato Salvage,57990X,764801,APROBADO
Francisco Condor Austral,356342X,765331,APROBADO
Francisco Gato Austral,373027X,669408,APROBADO
Pancha Huemul Sigiloso,62634X,618743,APROBADO
Pepe Puma Sigiloso,951060X,610587,RECHAZADO (Riesgo Salud/Financiero)
Pancha Huemul Veloz,427700X,838324,RECHAZADO (Riesgo Salud/Financiero)
Coty Puma Salvage,735967X,851190,APROBADO
Francisco Puma Austral,608504X,211490,APROBADO
Maria Condor Gigante,904368X,345955,APROBADO
Pepe Perro Veloz,694501X,733884,APROBADO
Maria Ballena Audaz,189282X,185647,APROBADO
Sacha Zorro Salvage,892998X,64146,APROBADO
Lucho Perro Veloz,345881X,311070,APROBADO
Maria Ballena Austral,945877X,879382,APROBADO
Matias Leon Noble,584958X,817927,APROBADO
Pancha Zorro Salvage,742453X,282637,APROBADO
Sacha Nutria Gigante,912360X,216928,APROBADO
Pancha Gato Austral,293677X,54897,APROBADO
Sacha Puma Rojo,669251X,803209,APROBADO
Lucho Puma Sigiloso,287331X,193209,APROBADO
Francisco Perro Noble,423183X,477540,APROBADO
Sacha Zorro Gigante,301182X,819445,APROBADO
Coty Zorro Audaz,863438X,367361,APROBADO
Pancha Huemul Sigiloso,36192X,751571,APROBADO
Coty Ballena Sigiloso,930455X,442360,RECHAZADO (Riesgo Salud/Financiero)
Pancha Nutria Rojo,265912X,277928,APROBADO
Pancha Puma Austral,643613X,631269,APROBADO
Pepe Zorro Salvage,253166X,721426,APROBADO
Pepe Puma Noble,879974X,98217,APROBADO
Francisco Zorro Noble,295415X,807296,APROBADO
Lucho Huemul Veloz,946932X,830935,RECHAZADO (Riesgo Salud/Financiero)
Francisco Huemul Noble,236350X,117809,APROBADO
Lucho Puma Audaz,133922X,314955,APROBADO
Sacha Huemul Rojo,660565X,417850,APROBADO
Maria Leon Rojo,81365X,106902,APROBADO
Pepe Huemul Sigiloso,433501X,759735,APROBADO
Lucho Zorro Gigante,728469X,16959,RECHAZADO (Riesgo Salud/Financiero)
Pepe Nutria Noble,282408X,518258,APROBADO
Maria Ballena Gigante,730555X,352291,APROBADO
Lucho Ballena Audaz,956799X,761028,APROBADO
Juan Puma Sigiloso,340986X,851255,RECHAZADO (Riesgo Salud/Financiero)
Maria Condor Noble,387011X,369843,APROBADO
Matias Zorro Audaz,591844X,118937,RECHAZADO (Riesgo Salud/Financiero)
Coty Puma Austral,114394X,267430,APROBADO
Matias Leon Noble,811466X,687484,APROBADO
Francisco Puma Veloz,718140X,652672,APROBADO
Pepe Nutria Gigante,827612X,357259,RECHAZADO (Riesgo Salud/Financiero)
Lucho Puma Austral,831050X,368436,RECHAZADO (Riesgo Salud/Financiero)
Lucho Huemul Veloz,90223X,811287,RECHAZADO (Riesgo Salud/Financiero)
Pancha Ballena Noble,642930X,808317,APROBADO
Juan Nutria Rojo,354798X,728579,RECHAZADO (Riesgo Salud/Financiero)
Maria Condor Rojo,218900X,559966,APROBADO
Sacha Perro Gigante,906438X,270682,APROBADO
Juan Gato Rojo,612817X,199733,APROBADO
Matias Condor Noble,728076X,421076,APROBADO
Maria Ballena Gigante,873246X,867247,RECHAZADO (Riesgo Salud/Financiero)
Lucho Ballena Gigante,238192X,166684,RECHAZADO (Riesgo Salud/Financiero)
Pancha Condor Veloz,819791X,725148,RECHAZADO (Riesgo Salud/Financiero)
Sacha Condor Sigiloso,169772X,882215,APROBADO
Pepe Perro Sigiloso,888709X,811115,APROBADO
Lucho Condor Gigante,288753X,236822,APROBADO
Matias Nutria Audaz,272796X,361647,APROBADO
Sacha Huemul Gigante,808237X,172324,APROBADO
Maria Nutria Noble,26799X,272732,APROBADO
Francisco Nutria Noble,950341X,215969,APROBADO
Francisco Perro Sigiloso,118728X,568513,APROBADO
Juan Nutria Salvage,248453X,717146,APROBADO
Maria Zorro Austral,627935X,146632,RECHAZADO (Riesgo Salud/Financiero)
Francisco Perro Veloz,740034X,70096,APROBADO
Lucho Puma Rojo,457492X,94416,APROBADO
Francisco Leon Sigiloso,260657X,85965,RECHAZADO (Riesgo Salud/Financiero)
Pancha Perro Noble,906714X,453956,APROBADO
Sacha Ballena Audaz,852897X,434425,RECHAZADO (Riesgo Salud/Financiero)
Coty Leon Gigante,344682X,866639,APROBADO
Maria Perro Rojo,35386X,681575,APROBADO
Coty Puma Austral,352812X,301862,RECHAZADO (Riesgo Salud/Financiero)
Sacha Nutria Sigiloso,743507X,194000,APROBADO
Francisco Huemul Audaz,609554X,30420,RECHAZADO (Riesgo Salud/Financiero)
Pancha Zorro Veloz,110240X,423104,APROBADO
Pepe Leon Audaz,156794X,355436,RECHAZADO (Riesgo Salud/Financiero)
Matias Perro Salvage,182468X,250997,RECHAZADO (Riesgo Salud/Financiero)
Francisco Leon Noble,15076X,344132,APROBADO
Matias Zorro Sigiloso,717738X,161612,APROBADO
Coty Ballena Audaz,511602X,768777,APROBADO
Pancha Huemul Sigiloso,650433X,144018,RECHAZADO (Riesgo Salud/Financiero)
Coty Leon Sigiloso,526614X,264640,APROBADO
Matias Leon Gigante,379285X,294518,APROBADO
Maria Gato Veloz,200705X,672565,APROBADO
Sacha Leon Sigiloso,79025X,334155,APROBADO
Coty Puma Gigante,948629X,16322,APROBADO
Lucho Condor Salvage,787591X,211249,APROBADO
Sacha Zorro Audaz,52503X,310630,RECHAZADO (Riesgo Salud/Financiero)
Francisco Puma Sigiloso,890321X,678067,APROBADO
Matias Condor Veloz,966652X,207895,APROBADO
Matias Ballena Noble,916280X,118000,APROBADO
Juan Ballena Veloz,289735X,407380,APROBADO
Pepe Condor Veloz,164484X,546238,APROBADO
Francisco Condor Veloz,899864X,220232,APROBADO
Matias Huemul Austral,968657X,115594,APROBADO
Pepe Leon Noble,805758X,563246,APROBADO
Sacha Perro Noble,507086X,897009,APROBADO
Lucho Leon Veloz,284096X,728591,APROBADO
Matias Ballena Gigante,228596X,199436,APROBADO
Coty Leon Audaz,600759X,469144,APROBADO
Coty Nutria Rojo,295740X,785810,APROBADO
Francisco Ballena Salvage,117602X,406739,APROBADO
Juan Huemul Salvage,604469X,736806,RECHAZADO (Riesgo Salud/Financiero)
Sacha Zorro Sigiloso,29682X,224255,RECHAZADO (Riesgo Salud/Financiero)
Juan Nutria Gigante,858246X,159125,APROBADO
Sacha Puma Rojo,900108X,358864,APROBADO
Sacha Perro Noble,63764X,158762,APROBADO
Pancha Zorro Salvage,928510X,753832,APROBADO
Coty Ballena Audaz,71079X,480049,APROBADO
Matias Puma Austral,276511X,475924,APROBADO
Pancha Perro Noble,49321X,691629,APROBADO
Lucho Perro Rojo,936348X,586630,RECHAZADO (Riesgo Salud/Financiero)
Pepe Ballena Rojo,11072X,885890,APROBADO
Matias Zorro Audaz,30441X,263698,APROBADO
Lucho Leon Austral,236598X,537714,APROBADO
Pancha Nutria Rojo,385612X,668699,RECHAZADO (Riesgo Salud/Financiero)
Maria Ballena Audaz,614776X,40548,APROBADO
Maria Condor Gigante,166060X,707147,APROBADO
Maria Huemul Veloz,311946X,831148,APROBADO
Lucho Puma Rojo,853787X,823932,APROBADO
Maria Leon Veloz,282960X,43767,APROBADO
Pancha Gato Veloz,48090X,138848,APROBADO
Pancha Puma Veloz,398200X,680572,APROBADO
Sacha Leon Audaz,215132X,895503,RECHAZADO (Riesgo Salud/Financiero)
Sacha Zorro Audaz,27128X,511571,APROBADO
Coty Nutria Noble,139121X,190409,RECHAZADO (Riesgo Salud/Financiero)
Juan Ballena Gigante,429282X,46794,RECHAZADO (Riesgo Salud/Financiero)
Francisco Zorro Gigante,137454X,738255,APROBADO
Lucho Gato Sigiloso,214927X,433630,APROBADO
Pepe Huemul Gigante,175991X,623528,RECHAZADO (Riesgo Salud/Financiero)
Matias Ballena Sigiloso,308853X,482392,APROBADO
Coty Huemul Salvage,908041X,249787,RECHAZADO (Riesgo Salud/Financiero)
Francisco Zorro Austral,267825X,60033,APROBADO
Juan Huemul Gigante,326376X,618926,RECHAZADO (Riesgo Salud/Financiero)
Pepe Gato Noble,116422X,814016,APROBADO
Pepe Puma Noble,2793X,638728,APROBADO
Francisco Puma Salvage,560325X,566000,APROBADO
Francisco Leon Gigante,339102X,243754,APROBADO
Maria Nutria Noble,387400X,237330,APROBADO
Maria Perro Noble,290578X,22651,APROBADO
Lucho Zorro Noble,913055X,264619,APROBADO
Juan Zorro Salvage,525911X,134797,APROBADO
Maria Condor Gigante,473505X,778112,RECHAZADO (Riesgo Salud/Financiero)
Matias Zorro Austral,93693X,841301,APROBADO
Matias Nutria Veloz,942237X,867614,RECHAZADO (Riesgo Salud/Financiero)
Matias Condor Salvage,800480X,352640,APROBADO
Matias Huemul Austral,16169X,694611,APROBADO
Lucho Puma Audaz,365954X,501836,APROBADO
Maria Ballena Noble,933783X,296327,RECHAZADO (Riesgo Salud/Financiero)
Juan Condor Veloz,190814X,603817,RECHAZADO (Riesgo Salud/Financiero)
Maria Perro Audaz,916733X,645765,APROBADO
Coty Zorro Salvage,463752X,32833,APROBADO
Sacha Gato Gigante,5642X,763765,RECHAZADO (Riesgo Salud/Financiero)
Pancha Gato Gigante,273671X,421277,APROBADO
Matias Perro Sigiloso,233671X,38528,RECHAZADO (Riesgo Salud/Financiero)
Coty Huemul Audaz,138040X,892490,APROBADO
Maria Zorro Gigante,24376X,288548,APROBADO
Juan Puma Gigante,53445X,451582,APROBADO
Francisco Perro Rojo,161051X,466058,APROBADO
Coty Condor Sigiloso,195487X,519139,APROBADO
Lucho Leon Austral,897335X,482178,APROBADO
Matias Perro Veloz,258907X,638674,APROBADO
Matias Huemul Sigiloso,563395X,583344,RECHAZADO (Riesgo Salud/Financiero)
Francisco Puma Sigiloso,132432X,689196,RECHAZADO (Riesgo Salud/Financiero)
Sacha Gato Veloz,959339X,270662,RECHAZADO (Riesgo Salud/Financiero)
Juan Condor Salvage,486825X,428140,APROBADO
Pancha Perro Veloz,164613X,316242,RECHAZADO (Riesgo Salud/Financiero)
Sacha Huemul Noble,21779X,800665,APROBADO
Francisco Nutria Rojo,25298X,197791,APROBADO
Maria Nutria Noble,491801X,883514,RECHAZADO (Riesgo Salud/Financiero)
Sacha Gato Veloz,799961X,83103,APROBADO
Francisco Puma Austral,548584X,390686,APROBADO
Pepe Ballena Sigiloso,772067X,385393,APROBADO
Pepe Puma Audaz,358870X,603504,APROBADO
Pancha Zorro Salvage,751481X,228239,APROBADO
Coty Leon Veloz,461212X,276416,APROBADO
Sacha Gato Salvage,65527X,787686,APROBADO
Lucho Nutria Salvage,172629X,93011,APROBADO
Lucho Perro Austral,187059X,503169,APROBADO
Lucho Puma Veloz,226545X,709791,APROBADO
Pancha Huemul Austral,362984X,178733,APROBADO
Francisco Zorro Salvage,348741X,740382,APROBADO
Juan Puma Rojo,165491X,432977,APROBADO
Francisco Leon Audaz,824889X,798148,APROBADO
Lucho Condor Sigiloso,86397X,898176,APROBADO
Coty Perro Sigiloso,314336X,658771,RECHAZADO (Riesgo Salud/Financiero)
Lucho Huemul Salvage,383108X,335108,RECHAZADO (Riesgo Salud/Financiero)
Sacha Puma Salvage,259696X,729307,APROBADO
Lucho Condor Audaz,514217X,308489,APROBADO
Juan Perro Veloz,696979X,459838,APROBADO
Juan Leon Salvage,155340X,791489,APROBADO
Lucho Puma Veloz,360382X,209990,APROBADO
Pancha Leon Austral,470434X,380801,APROBADO
Matias Ballena Audaz,868066X,215719,APROBADO
Matias Perro Veloz,472269X,213736,APROBADO
Coty Leon Rojo,421608X,28784,APROBADO
Juan Puma Veloz,877215X,630674,APROBADO
Francisco Nutria Noble,705456X,646487,RECHAZADO (Riesgo Salud/Financiero)
Matias Gato Rojo,181862X,371988,APROBADO
Matias Leon Salvage,111446X,800381,APROBADO
Sacha Zorro Sigiloso,869462X,376719,APROBADO
Matias Gato Sigiloso,458476X,210265,RECHAZADO (Riesgo Salud/Financiero)
Pancha Perro Noble,80731X,372801,APROBADO
Pancha Condor Sigiloso,908070X,673892,APROBADO
Coty Perro Salvage,231719X,389041,APROBADO
Francisco Condor Audaz,853385X,655588,APROBADO
Matias Puma Sigiloso,455349X,66795,APROBADO
Pepe Leon Veloz,895032X,579595,RECHAZADO (Riesgo Salud/Financiero)
Sacha Condor Salvage,342939X,809509,APROBADO
Pancha Leon Salvage,459940X,882176,APROBADO
Pepe Zorro Sigiloso,412789X,850553,APROBADO
Francisco Nutria Sigiloso,734301X,223821,APROBADO
Juan Zorro Sigiloso,788170X,244224,APROBADO
Lucho Gato Rojo,12373X,531997,APROBADO
Lucho Leon Salvage,220594X,788769,RECHAZADO (Riesgo Salud/Financiero)
Juan Gato Austral,306152X,551692,APROBADO
Maria Ballena Salvage,493354X,23575,RECHAZADO (Riesgo Salud/Financiero)
Lucho Ballena Austral,76392X,20963,APROBADO
Pancha Leon Salvage,795624X,659500,APROBADO
Pepe Ballena Sigiloso,721432X,393348,APROBADO
Maria Nutria Noble,812737X,828445,APROBADO
Maria Leon Noble,854184X,196504,APROBADO
Pepe Ballena Gigante,92930X,352060,APROBADO
Matias Ballena Salvage,896436X,542487,RECHAZADO (Riesgo Salud/Financiero)
Coty Nutria Sigiloso,909607X,310949,APROBADO
Juan Nutria Noble,409595X,888078,RECHAZADO (Riesgo Salud/Financiero)
Francisco Condor Veloz,219927X,563742,RECHAZADO (Riesgo Salud/Financiero)
Juan Huemul Salvage,561096X,181475,RECHAZADO (Riesgo Salud/Financiero)
Sacha Huemul Veloz,962548X,781148,APROBADO
Lucho Gato Austral,354161X,268461,RECHAZADO (Riesgo Salud/Financiero)
Maria Perro Noble,379696X,279175,APROBADO
Juan Nutria Veloz,387883X,645208,APROBADO
Pancha Zorro Audaz,231037X,481462,APROBADO
Lucho Nutria Noble,500764X,628550,APROBADO
Lucho Huemul Audaz,899621X,215622,APROBADO
Lucho Ballena Gigante,997617X,668516,RECHAZADO (Riesgo Salud/Financiero)
Matias Perro Gigante,159256X,559792,APROBADO
Lucho Ballena Gigante,674553X,195256,APROBADO
Francisco Condor Salvage,136122X,880653,APROBADO
Lucho Nutria Gigante,180923X,351743,APROBADO
Sacha Condor Rojo,374837X,710333,APROBADO
Maria Huemul Veloz,547834X,274239,APROBADO
Lucho Huemul Salvage,98635X,515273,APROBADO
Pepe Zorro Noble,824273X,769880,APROBADO
Sacha Gato Sigiloso,652498X,228600,APROBADO
Matias Ballena Audaz,172766X,58863,APROBADO
Sacha Gato Audaz,390217X,35389,RECHAZADO (Riesgo Salud/Financiero)
Coty Condor Salvage,795737X,857674,APROBADO
Sacha Leon Noble,107889X,520721,RECHAZADO (Riesgo Salud/Financiero)
Pepe Huemul Gigante,431964X,556287,APROBADO
Maria Perro Gigante,419918X,666854,RECHAZADO (Riesgo Salud/Financiero)
Juan Zorro Audaz,260065X,731368,APROBADO
Juan Nutria Noble,318563X,689365,APROBADO
Coty Nutria Salvage,509928X,605329,RECHAZADO (Riesgo Salud/Financiero)
Maria Perro Sigiloso,922864X,457539,RECHAZADO (Riesgo Salud/Financiero)
Francisco Nutria Audaz,209178X,756162,APROBADO
Pancha Nutria Sigiloso,446395X,93742,APROBADO
Matias Nutria Veloz,668795X,66731,APROBADO
Lucho Condor Sigiloso,118947X,410147,APROBADO
Sacha Ballena Noble,374670X,243653,RECHAZADO (Riesgo Salud/Financiero)
Francisco Nutria Gigante,846612X,117958,RECHAZADO (Riesgo Salud/Financiero)
Sacha Ballena Sigiloso,522999X,805553,APROBADO
Lucho Nutria Gigante,282226X,616320,APROBADO
Pancha Perro Veloz,996870X,361269,APROBADO
Lucho Puma Noble,32104X,82146,APROBADO
Pancha Nutria Sigiloso,458228X,503742,APROBADO
Maria Huemul Austral,645521X,268516,APROBADO
Coty Puma Veloz,412045X,565261,RECHAZADO (Riesgo Salud/Financiero)
Juan Ballena Rojo,208055X,379492,APROBADO
Maria Leon Noble,355199X,445548,APROBADO
Coty Puma Sigiloso,182655X,157852,APROBADO
Lucho Perro Rojo,49066X,395907,RECHAZADO (Riesgo Salud/Financiero)
Maria Huemul Audaz,884051X,384976,APROBADO
Sacha Nutria Gigante,32640X,92292,APROBADO
Pepe Zorro Rojo,375177X,169818,APROBADO
Pancha Gato Salvage,24097X,830767,APROBADO
Matias Gato Audaz,976437X,61014,RECHAZADO (Riesgo Salud/Financiero)
Matias Puma Rojo,448488X,313669,APROBADO
Francisco Puma Gigante,892676X,310312,APROBADO
Lucho Gato Audaz,677938X,888880,APROBADO
Pancha Puma Gigante,545025X,451549,RECHAZADO (Riesgo Salud/Financiero)
Coty Perro Noble,961034X,128790,APROBADO
Lucho Nutria Noble,573122X,208915,APROBADO
Francisco Ballena Rojo,109362X,897188,RECHAZADO (Riesgo Salud/Financiero)
Maria Leon Sigiloso,912339X,470922,APROBADO
Maria Nutria Austral,830067X,316540,APROBADO
Sacha Condor Austral,387341X,243549,RECHAZADO (Riesgo Salud/Financiero)
Sacha Huemul Veloz,736116X,327115,APROBADO
Coty Zorro Audaz,702570X,714156,APROBADO
Lucho Puma Sigiloso,383945X,694982,APROBADO
Lucho Leon Rojo,531181X,769614,APROBADO
Francisco Leon Veloz,72546X,511882,RECHAZADO (Riesgo Salud/Financiero)
Francisco Huemul Salvage,404901X,377069,APROBADO
Pancha Huemul Rojo,101593X,867688,APROBADO
Lucho Puma Veloz,162179X,630502,APROBADO
Juan Perro Sigiloso,41431X,851924,APROBADO
Coty Condor Noble,994402X,364576,APROBADO
Maria Condor Audaz,175125X,721582,APROBADO
Coty Zorro Austral,262447X,564513,APROBADO
Coty Nutria Veloz,168314X,642404,APROBADO
Pancha Nutria Rojo,20859X,891335,APROBADO
Pancha Ballena Sigiloso,849922X,359006,RECHAZADO (Riesgo Salud/Financiero)
Lucho Puma Veloz,636254X,414091,APROBADO
Coty Zorro Salvage,799641X,216445,APROBADO
Lucho Gato Rojo,323921X,123187,APROBADO
Juan Leon Salvage,881955X,19820,APROBADO
Maria Perro Noble,825332X,575835,APROBADO
Coty Leon Gigante,722310X,158922,APROBADO
Pancha Ballena Noble,324184X,523257,APROBADO
Maria Condor Veloz,770294X,111808,APROBADO
Pepe Nutria Noble,177379X,567340,APROBADO
Matias Zorro Salvage,389687X,34554,APROBADO
Pepe Perro Salvage,51484X,686828,RECHAZADO (Riesgo Salud/Financiero)
Matias Gato Sigiloso,714042X,431769,APROBADO
Lucho Zorro Sigiloso,894432X,173718,APROBADO
Sacha Leon Audaz,942463X,476676,APROBADO
Lucho Zorro Noble,339248X,745348,APROBADO
Pancha Condor Veloz,517428X,731846,RECHAZADO (Riesgo Salud/Financiero)
Pepe Condor Sigiloso,945612X,892617,APROBADO
Coty Huemul Veloz,768549X,721183,APROBADO
Francisco Nutria Sigiloso,596485X,636865,APROBADO
Pepe Condor Noble,677985X,266782,APROBADO
Pancha Perro Austral,337248X,781770,APROBADO
Francisco Zorro Austral,948100X,48280,APROBADO
Pancha Huemul Veloz,866998X,815325,APROBADO
Maria Zorro Austral,685649X,664019,RECHAZADO (Riesgo Salud/Financiero)
Pancha Huemul Salvage,862123X,166066,APROBADO
Pepe Perro Audaz,789495X,486309,APROBADO
Maria Ballena Austral,892004X,435593,APROBADO
Francisco Nutria Rojo,864881X,490294,APROBADO
Francisco Leon Audaz,223219X,325903,APROBADO
Matias Puma Salvage,498461X,225962,APROBADO
Juan Ballena Salvage,538517X,658059,APROBADO
Matias Leon Audaz,503817X,374937,RECHAZADO (Riesgo Salud/Financiero)
Maria Nutria Austral,363282X,517731,APROBADO
Coty Ballena Austral,11875X,810626,APROBADO
Matias Ballena Audaz,373058X,806939,APROBADO
Francisco Puma Gigante,728901X,565163,APROBADO
Coty Nutria Rojo,943220X,711159,APROBADO
Coty Leon Gigante,528952X,639956,APROBADO
Juan Condor Salvage,825525X,443406,APROBADO
Pepe Leon Salvage,885130X,227448,APROBADO
Francisco Condor Austral,94394X,867967,APROBADO
Francisco Puma Austral,179016X,389273,RECHAZADO (Riesgo Salud/Financiero)
Pepe Leon Noble,940064X,296721,APROBADO
Juan Puma Salvage,679547X,536901,RECHAZADO (Riesgo Salud/Financiero)
Sacha Zorro Austral,548026X,285721,RECHAZADO (Riesgo Salud/Financiero)
Matias Gato Veloz,458418X,579806,APROBADO
Francisco Gato Salvage,954129X,169144,APROBADO
Pepe Gato Audaz,141436X,357458,APROBADO
Francisco Gato Austral,736323X,767931,APROBADO
Sacha Leon Gigante,416201X,209263,APROBADO
Maria Ballena Gigante,725303X,627676,APROBADO
Juan Huemul Gigante,935458X,499375,APROBADO
Juan Condor Gigante,82850X,759103,APROBADO
Sacha Zorro Noble,1199X,305053,APROBADO
Pancha Perro Salvage,764812X,487978,APROBADO
Francisco Leon Gigante,978321X,564872,APROBADO
Pepe Leon Salvage,145542X,630713,APROBADO
Lucho Leon Sigiloso,751563X,194234,APROBADO
Matias Ballena Sigiloso,957951X,122301,APROBADO
Pancha Condor Veloz,854759X,550950,APROBADO
Matias Leon Noble,891563X,624142,RECHAZADO (Riesgo Salud/Financiero)
Maria Nutria Rojo,245595X,792028,APROBADO
Lucho Nutria Rojo,288254X,329481,APROBADO
Pepe Ballena Rojo,869142X,772441,APROBADO
Pepe Perro Austral,298760X,840593,APROBADO
Pancha Gato Audaz,279114X,361258,RECHAZADO (Riesgo Salud/Financiero)
Coty Condor Sigiloso,370964X,418497,RECHAZADO (Riesgo Salud/Financiero)
Matias Perro Austral,650562X,572898,APROBADO
Maria Puma Audaz,273609X,780433,APROBADO
Pepe Gato Audaz,91422X,461102,APROBADO
Maria Nutria Audaz,994054X,220422,RECHAZADO (Riesgo Salud/Financiero)
Juan Leon Audaz,235717X,189478,RECHAZADO (Riesgo Salud/Financiero)
Matias Condor Veloz,52045X,717491,APROBADO
Juan Condor Veloz,3566X,656953,APROBADO
Maria Zorro Sigiloso,66123X,803380,APROBADO
Francisco Puma Gigante,554011X,613643,APROBADO
Pancha Leon Gigante,470571X,776231,APROBADO
Pancha Nutria Rojo,180740X,328324,APROBADO
Maria Perro Gigante,889398X,130520,RECHAZADO (Riesgo Salud/Financiero)
Pancha Condor Veloz,896597X,156636,APROBADO
Pepe Perro Audaz,90973X,81386,APROBADO
Pancha Condor Gigante,334410X,554629,RECHAZADO (Riesgo Salud/Financiero)
Lucho Huemul Gigante,134373X,806318,APROBADO
Pepe Puma Audaz,106705X,392812,APROBADO
Lucho Ballena Sigiloso,544346X,600173,RECHAZADO (Riesgo Salud/Financiero)
Francisco Puma Rojo,716102X,708767,APROBADO
Juan Zorro Salvage,961155X,689287,APROBADO
Juan Nutria Austral,280331X,27581,RECHAZADO (Riesgo Salud/Financiero)
Juan Leon Noble,724398X,391575,RECHAZADO (Riesgo Salud/Financiero)
Francisco Zorro Salvage,867379X,395799,APROBADO
Matias Gato Veloz,491223X,511123,APROBADO
Sacha Puma Veloz,275948X,186377,APROBADO
Coty Huemul Austral,655681X,812508,APROBADO
Lucho Puma Audaz,229656X,649021,APROBADO
Pancha Nutria Austral,151576X,855675,APROBADO
Francisco Nutria Salvage,217404X,565891,RECHAZADO (Riesgo Salud/Financiero)
Sacha Perro Sigiloso,992541X,473958,APROBADO
Lucho Nutria Salvage,290644X,815322,RECHAZADO (Riesgo Salud/Financiero)
Francisco Perro Rojo,969976X,861760,APROBADO
Coty Condor Audaz,101861X,239034,RECHAZADO (Riesgo Salud/Financiero)
Pepe Perro Austral,209538X,473273,APROBADO
Pepe Zorro Gigante,778817X,222497,APROBADO
Lucho Puma Noble,789175X,814505,RECHAZADO (Riesgo Salud/Financiero)
Sacha Gato Austral,400671X,270869,APROBADO
Pepe Huemul Austral,570253X,485838,RECHAZADO (Riesgo Salud/Financiero)
Pepe Zorro Austral,356742X,833273,RECHAZADO (Riesgo Salud/Financiero)
Matias Perro Gigante,497805X,444411,APROBADO
Sacha Perro Salvage,609019X,85260,RECHAZADO (Riesgo Salud/Financiero)
Pepe Huemul Austral,547628X,245961,RECHAZADO (Riesgo Salud/Financiero)
Sacha Zorro Audaz,532623X,362614,RECHAZADO (Riesgo Salud/Financiero)
Pepe Leon Veloz,617615X,596906,APROBADO
Coty Perro Noble,854141X,15823,APROBADO
Sacha Condor Gigante,261991X,298696,APROBADO
Juan Leon Rojo,624421X,463378,APROBADO
Pancha Condor Noble,581077X,146591,APROBADO
Lucho Leon Noble,453362X,55293,APROBADO
Maria Leon Rojo,364125X,432886,APROBADO
Maria Nutria Salvage,240999X,624420,APROBADO
Juan Ballena Rojo,831072X,753045,APROBADO
Coty Perro Salvage,990140X,567305,APROBADO
Juan Gato Gigante,67009X,350027,APROBADO
Pepe Condor Veloz,950021X,82047,APROBADO
Sacha Condor Audaz,779412X,228998,APROBADO
Sacha Nutria Austral,516286X,71052,APROBADO
Pancha Puma Noble,376679X,188712,APROBADO
Juan Leon Sigiloso,878802X,841126,APROBADO
Francisco Puma Salvage,643199X,720293,APROBADO
Pepe Condor Sigiloso,96340X,123889,RECHAZADO (Riesgo Salud/Financiero)
Lucho Gato Sigiloso,119335X,176788,RECHAZADO (Riesgo Salud/Financiero)
Maria Zorro Rojo,12469X,487657,APROBADO
Pepe Ballena Sigiloso,209362X,267133,APROBADO
Sacha Zorro Veloz,866298X,188650,APROBADO
Pepe Gato Rojo,598005X,437183,RECHAZADO (Riesgo Salud/Financiero)
Lucho Leon Noble,673686X,27845,APROBADO
Juan Gato Austral,999050X,668402,APROBADO
Juan Zorro Rojo,589482X,311487,APROBADO
Lucho Perro Salvage,278461X,803219,APROBADO
Juan Nutria Rojo,197728X,747094,APROBADO
Maria Gato Noble,787507X,340627,APROBADO
Lucho Puma Audaz,316807X,538833,APROBADO
Juan Huemul Gigante,646401X,267564,APROBADO
Sacha Huemul Veloz,11960X,387394,APROBADO
Sacha Puma Noble,657945X,373609,APROBADO
Francisco Ballena Gigante,927050X,528300,APROBADO
Pancha Gato Rojo,642563X,544753,APROBADO
Lucho Gato Gigante,395414X,142027,APROBADO
Coty Gato Gigante,125295X,214797,APROBADO
Pepe Perro Salvage,11477X,449991,APROBADO
Juan Huemul Audaz,144460X,766636,RECHAZADO (Riesgo Salud/Financiero)
Juan Puma Sigiloso,226349X,849009,APROBADO
Francisco Gato Austral,913853X,33001,APROBADO
Sacha Huemul Veloz,470158X,609618,APROBADO
Matias Gato Rojo,193102X,444733,APROBADO
Maria Huemul Veloz,625533X,851495,APROBADO
Pepe Zorro Audaz,91145X,224381,APROBADO
Pepe Condor Sigiloso,374249X,278471,APROBADO
Pepe Perro Austral,673994X,707055,APROBADO
Lucho Leon Veloz,506702X,141012,APROBADO
Juan Ballena Sigiloso,962839X,398010,APROBADO
Pancha Condor Gigante,700535X,872093,APROBADO
Maria Ballena Audaz,14549X,877053,APROBADO
Coty Condor Salvage,842428X,428855,APROBADO
Coty Leon Audaz,599965X,825487,APROBADO
Sacha Gato Rojo,498679X,495193,RECHAZADO (Riesgo Salud/Financiero)
Sacha Huemul Salvage,415732X,175963,RECHAZADO (Riesgo Salud/Financiero)
Francisco Huemul Gigante,179394X,299563,RECHAZADO (Riesgo Salud/Financiero)
Matias Gato Gigante,67391X,242676,APROBADO
Lucho Gato Austral,898294X,218803,APROBADO
Pancha Puma Gigante,602760X,439213,APROBADO
Pepe Puma Veloz,979405X,72570,APROBADO
Sacha Huemul Sigiloso,858874X,567063,APROBADO
Coty Zorro Veloz,6791X,634353,RECHAZADO (Riesgo Salud/Financiero)
Matias Zorro Salvage,353889X,587418,RECHAZADO (Riesgo Salud/Financiero)
Sacha Perro Noble,265746X,750401,RECHAZADO (Riesgo Salud/Financiero)
Francisco Perro Sigiloso,88035X,343006,APROBADO
Coty Huemul Gigante,486522X,814384,RECHAZADO (Riesgo Salud/Financiero)
Francisco Leon Gigante,766422X,366403,APROBADO
Sacha Huemul Rojo,33543X,608283,APROBADO
Coty Puma Rojo,490431X,673705,APROBADO
Sacha Huemul Veloz,312722X,369711,APROBADO
Coty Perro Salvage,178549X,219601,APROBADO
Sacha Zorro Noble,56660X,598103,RECHAZADO (Riesgo Salud/Financiero)
Matias Nutria Gigante,272077X,62497,APROBADO
Lucho Perro Gigante,811811X,183774,APROBADO
Juan Nutria Rojo,270416X,479899,APROBADO
Lucho Ballena Sigiloso,680531X,720949,RECHAZADO (Riesgo Salud/Financiero)
Pepe Zorro Sigiloso,486978X,874859,APROBADO
Pancha Nutria Salvage,206693X,849022,APROBADO
Sacha Ballena Salvage,149541X,678456,APROBADO
Pancha Ballena Veloz,497364X,21638,APROBADO
Francisco Gato Noble,735445X,616637,APROBADO
Francisco Zorro Gigante,959890X,458964,APROBADO
Juan Nutria Veloz,343514X,677867,RECHAZADO (Riesgo Salud/Financiero)
Francisco Zorro Gigante,6795X,378164,APROBADO
Matias Huemul Sigiloso,880568X,195126,APROBADO
Francisco Condor Salvage,710468X,376650,RECHAZADO (Riesgo Salud/Financiero)
Coty Puma Audaz,919883X,176595,APROBADO
Lucho Nutria Salvage,321648X,67861,APROBADO
Matias Leon Austral,685179X,421671,APROBADO
Pepe Perro Noble,578018X,855861,RECHAZADO (Riesgo Salud/Financiero)
Francisco Perro Rojo,836555X,325324,APROBADO
Coty Perro Veloz,126070X,882270,APROBADO
Coty Huemul Audaz,594923X,670207,APROBADO
Matias Huemul Rojo,434859X,787528,RECHAZADO (Riesgo Salud/Financiero)
Pepe Gato Audaz,863724X,121995,APROBADO
Lucho Condor Rojo,464646X,432836,APROBADO
Maria Puma Gigante,721651X,754559,APROBADO
Francisco Puma Salvage,805135X,150791,APROBADO
Maria Nutria Veloz,114114X,657168,APROBADO
Juan Leon Rojo,122285X,582759,APROBADO
Lucho Ballena Noble,848301X,722310,APROBADO
Sacha Zorro Veloz,15642X,108519,APROBADO
Matias Condor Noble,409918X,515019,APROBADO
Francisco Leon Audaz,843889X,704224,RECHAZADO (Riesgo Salud/Financiero)
Lucho Puma Veloz,767616X,876821,APROBADO
Francisco Leon Salvage,409200X,40572,RECHAZADO (Riesgo Salud/Financiero)
Juan Nutria Veloz,136954X,47110,APROBADO
Juan Nutria Audaz,496785X,705966,APROBADO
Sacha Zorro Veloz,39370X,33382,APROBADO
Pepe Nutria Salvage,933587X,158782,APROBADO
Pepe Perro Rojo,841327X,876769,APROBADO
Juan Gato Veloz,884810X,602409,APROBADO
Matias Zorro Noble,655695X,57665,APROBADO
Lucho Perro Gigante,145772X,696297,APROBADO
Sacha Perro Austral,192338X,364931,APROBADO
Coty Ballena Rojo,921115X,768072,APROBADO
Lucho Puma Austral,878500X,455552,APROBADO
Sacha Condor Salvage,828225X,562390,APROBADO
Matias Puma Salvage,7031X,107857,APROBADO
Maria Gato Audaz,108512X,775542,APROBADO
Matias Perro Noble,821095X,175490,RECHAZADO (Riesgo Salud/Financiero)
Maria Zorro Audaz,56190X,290081,APROBADO
Lucho Nutria Noble,545261X,524633,APROBADO
Pepe Puma Veloz,294795X,59732,APROBADO
Pancha Zorro Rojo,76823X,705121,APROBADO
Francisco Nutria Rojo,993217X,331424,APROBADO
Pancha Gato Rojo,729791X,648728,APROBADO
Francisco Leon Noble,688685X,599994,RECHAZADO (Riesgo Salud/Financiero)
Matias Condor Gigante,668867X,881681,RECHAZADO (Riesgo Salud/Financiero)
Coty Leon Sigiloso,400295X,614903,APROBADO
Sacha Gato Noble,313041X,33493,RECHAZADO (Riesgo Salud/Financiero)
Lucho Perro Austral,245664X,766429,APROBADO
Coty Condor Salvage,700352X,152654,APROBADO
Lucho Condor Audaz,812151X,775527,RECHAZADO (Riesgo Salud/Financiero)
Matias Perro Gigante,623351X,787593,APROBADO
Juan Ballena Sigiloso,875278X,808908,APROBADO
Sacha Perro Austral,522139X,354624,APROBADO
Juan Puma Salvage,472117X,317589,RECHAZADO (Riesgo Salud/Financiero)
Maria Perro Noble,803236X,107034,APROBADO
Lucho Huemul Audaz,134364X,841334,APROBADO
Maria Gato Noble,340804X,243160,APROBADO
Pancha Puma Austral,551080X,742621,RECHAZADO (Riesgo Salud/Financiero)
Coty Leon Sigiloso,518384X,800583,APROBADO
Juan Perro Salvage,265199X,303040,APROBADO
Pancha Zorro Salvage,361530X,891331,APROBADO
Maria Leon Audaz,566471X,128005,APROBADO
Matias Huemul Austral,218377X,116662,APROBADO
Matias Perro Salvage,80087X,237744,RECHAZADO (Riesgo Salud/Financiero)
Coty Perro Rojo,598952X,896648,APROBADO
Juan Huemul Veloz,277926X,804992,APROBADO
Matias Puma Noble,519766X,452192,APROBADO
Matias Leon Salvage,678852X,604077,APROBADO
Francisco Gato Audaz,764022X,761634,APROBADO
Lucho Condor Rojo,657192X,92208,APROBADO
Juan Condor Rojo,839598X,151397,RECHAZADO (Riesgo Salud/Financiero)
Pepe Perro Sigiloso,403541X,384672,RECHAZADO (Riesgo Salud/Financiero)
Lucho Zorro Veloz,121171X,419193,APROBADO
Maria Nutria Audaz,403672X,301515,APROBADO
Lucho Gato Sigiloso,111734X,357518,RECHAZADO (Riesgo Salud/Financiero)
Sacha Zorro Rojo,659884X,301569,APROBADO
Juan Zorro Rojo,40964X,649252,RECHAZADO (Riesgo Salud/Financiero)
Pepe Zorro Salvage,333479X,326116,APROBADO
Sacha Huemul Gigante,414756X,742046,APROBADO
Lucho Leon Sigiloso,770156X,849507,RECHAZADO (Riesgo Salud/Financiero)
Coty Zorro Austral,325808X,330707,APROBADO
Lucho Leon Audaz,182377X,702240,APROBADO
Sacha Gato Audaz,560732X,484442,APROBADO
Coty Condor Audaz,89385X,138177,APROBADO
Pepe Zorro Veloz,22404X,237257,APROBADO
Pepe Gato Gigante,489146X,262875,APROBADO
Pancha Gato Salvage,836321X,776163,APROBADO
Pancha Condor Sigiloso,915589X,352346,APROBADO
Pancha Nutria Rojo,60053X,91771,APROBADO
Coty Huemul Gigante,479662X,729992,APROBADO
Coty Puma Austral,584535X,831575,APROBADO
Maria Leon Sigiloso,53386X,785060,APROBADO
Coty Gato Rojo,723682X,635610,APROBADO
Juan Leon Sigiloso,40762X,714688,APROBADO
Juan Ballena Noble,821181X,433595,APROBADO
Francisco Ballena Gigante,88474X,509529,APROBADO
Coty Zorro Noble,409186X,136290,APROBADO
Pancha Leon Rojo,505709X,746597,APROBADO
Lucho Leon Noble,197999X,883545,APROBADO
Francisco Huemul Veloz,75045X,791799,APROBADO
Coty Puma Audaz,488831X,382220,APROBADO
Juan Leon Noble,746353X,372614,APROBADO
Coty Puma Noble,151595X,499714,APROBADO
Sacha Huemul Sigiloso,916191X,745422,APROBADO
Lucho Condor Austral,414297X,111162,APROBADO
Maria Huemul Rojo,442111X,43317,RECHAZADO (Riesgo Salud/Financiero)
Coty Perro Veloz,780861X,737940,APROBADO
Coty Condor Rojo,872816X,336887,APROBADO
Pancha Condor Gigante,888998X,503350,APROBADO
Pancha Puma Veloz,567938X,41057,APROBADO
Sacha Gato Austral,225016X,397470,APROBADO
Maria Condor Austral,373028X,574985,APROBADO
Maria Puma Rojo,392866X,518090,APROBADO
Pancha Gato Veloz,314858X,641844,APROBADO
Sacha Huemul Noble,384330X,542541,APROBADO
Lucho Huemul Austral,573720X,239102,APROBADO
Lucho Gato Sigiloso,919694X,518613,APROBADO
Coty Ballena Veloz,327857X,776362,APROBADO
Pancha Huemul Noble,641569X,627084,APROBADO
Pancha Nutria Salvage,292536X,196421,RECHAZADO (Riesgo Salud/Financiero)
Matias Ballena Veloz,889799X,403135,APROBADO
Sacha Perro Rojo,675028X,372956,APROBADO
Coty Gato Austral,388848X,716156,APROBADO
Lucho Puma Veloz,937168X,34691,RECHAZADO (Riesgo Salud/Financiero)
Pancha Leon Austral,481361X,848919,RECHAZADO (Riesgo Salud/Financiero)
Coty Leon Veloz,820462X,315396,APROBADO
Francisco Gato Salvage,939718X,464533,APROBADO
Pepe Perro Rojo,427307X,543196,APROBADO
Maria Leon Rojo,395122X,341450,APROBADO
Pancha Huemul Gigante,391463X,129506,APROBADO
Lucho Gato Sigiloso,95250X,822890,APROBADO
Maria Condor Sigiloso,806553X,650045,RECHAZADO (Riesgo Salud/Financiero)
Lucho Puma Salvage,838179X,38445,APROBADO
Matias Huemul Audaz,965935X,657424,APROBADO
Pancha Nutria Veloz,641870X,495676,APROBADO
Matias Condor Gigante,476042X,869455,APROBADO
Pepe Nutria Sigiloso,28003X,64966,RECHAZADO (Riesgo Salud/Financiero)
Juan Puma Salvage,101249X,125505,APROBADO
Lucho Nutria Gigante,442227X,212515,APROBADO
Maria Zorro Gigante,595036X,335398,APROBADO
Lucho Zorro Rojo,891775X,399126,APROBADO
Juan Leon Sigiloso,314194X,246277,APROBADO
Juan Nutria Austral,249850X,878411,RECHAZADO (Riesgo Salud/Financiero)
Lucho Ballena Noble,982130X,98123,APROBADO
Maria Leon Salvage,254462X,793579,APROBADO
Pancha Puma Audaz,919916X,649515,APROBADO
Pepe Nutria Austral,699070X,239758,RECHAZADO (Riesgo Salud/Financiero)
Coty Puma Noble,570644X,67887,APROBADO
Maria Huemul Rojo,309693X,586468,APROBADO
Lucho Condor Austral,492987X,309668,APROBADO
Pepe Leon Veloz,177266X,429481,RECHAZADO (Riesgo Salud/Financiero)
Francisco Puma Austral,575825X,432212,APROBADO
Francisco Perro Austral,889852X,264067,RECHAZADO (Riesgo Salud/Financiero)
Pepe Ballena Austral,491361X,660720,APROBADO
Maria Gato Salvage,126820X,467450,APROBADO
Matias Nutria Rojo,555281X,776830,APROBADO
Francisco Perro Sigiloso,966465X,626910,APROBADO
Lucho Nutria Rojo,194371X,305415,APROBADO
Matias Gato Gigante,551698X,747823,APROBADO
Pancha Gato Rojo,512526X,788434,APROBADO
Lucho Perro Austral,121272X,17907,APROBADO
Sacha Zorro Audaz,166997X,794641,RECHAZADO (Riesgo Salud/Financiero)
Pancha Leon Salvage,195588X,290164,APROBADO
Coty Puma Gigante,453878X,643393,APROBADO
Juan Condor Noble,775198X,75135,APROBADO
Maria Gato Veloz,279292X,706501,RECHAZADO (Riesgo Salud/Financiero)
Pancha Puma Austral,799562X,796789,APROBADO
Pancha Ballena Veloz,175204X,64588,APROBADO
Pancha Ballena Sigiloso,281355X,33466,APROBADO
Juan Leon Rojo,206094X,498708,APROBADO
Juan Zorro Audaz,932202X,129513,APROBADO
Pancha Perro Rojo,450697X,821695,RECHAZADO (Riesgo Salud/Financiero)
Matias Ballena Salvage,7270X,77288,RECHAZADO (Riesgo Salud/Financiero)
Pepe Nutria Sigiloso,635965X,288497,APROBADO
Sacha Perro Gigante,86891X,736943,APROBADO
Sacha Huemul Sigiloso,982797X,623591,APROBADO
Francisco Huemul Austral,594275X,313123,APROBADO
Maria Nutria Gigante,51918X,269983,APROBADO
Francisco Ballena Rojo,309014X,226968,APROBADO
Juan Condor Austral,817964X,599216,RECHAZADO (Riesgo Salud/Financiero)
Lucho Huemul Veloz,192472X,849429,APROBADO
Pancha Huemul Austral,847347X,576640,APROBADO
Juan Perro Salvage,371406X,774172,APROBADO
Matias Puma Noble,53966X,30145,APROBADO
Juan Nutria Gigante,919830X,193103,RECHAZADO (Riesgo Salud/Financiero)
Matias Zorro Sigiloso,787193X,340426,APROBADO
Matias Leon Gigante,247031X,586777,APROBADO
Sacha Perro Rojo,720672X,575242,RECHAZADO (Riesgo Salud/Financiero)
Coty Perro Noble,448695X,501434,APROBADO
Sacha Condor Noble,895753X,308177,RECHAZADO (Riesgo Salud/Financiero)
Coty Huemul Veloz,839266X,253549,APROBADO
Matias Huemul Gigante,477063X,515019,APROBADO
Pancha Puma Austral,715135X,104245,APROBADO
Maria Puma Rojo,872906X,590581,APROBADO
Francisco Puma Salvage,861549X,861176,RECHAZADO (Riesgo Salud/Financiero)
Matias Ballena Rojo,225141X,178269,APROBADO
Coty Condor Veloz,47314X,632410,APROBADO
Pancha Zorro Veloz,394954X,21401,RECHAZADO (Riesgo Salud/Financiero)
Juan Zorro Austral,600610X,864617,RECHAZADO (Riesgo Salud/Financiero)
Matias Perro Veloz,139582X,321701,RECHAZADO (Riesgo Salud/Financiero)
Matias Puma Noble,36571X,557315,RECHAZADO (Riesgo Salud/Financiero)
Matias Gato Noble,592546X,109498,APROBADO
Francisco Zorro Noble,114369X,237648,APROBADO
Lucho Perro Sigiloso,728143X,640666,APROBADO
Maria Leon Gigante,842554X,35976,RECHAZADO (Riesgo Salud/Financiero)
Pancha Gato Rojo,272650X,81009,APROBADO
Juan Ballena Veloz,77237X,321319,APROBADO
Maria Condor Austral,114745X,703282,APROBADO
Coty Leon Austral,435521X,114314,RECHAZADO (Riesgo Salud/Financiero)
Pancha Zorro Austral,954660X,700844,APROBADO
Sacha Puma Sigiloso,784388X,882547,APROBADO
Pancha Puma Audaz,283741X,62368,RECHAZADO (Riesgo Salud/Financiero)
Coty Ballena Audaz,305449X,743796,RECHAZADO (Riesgo Salud/Financiero)
Lucho Puma Gigante,357839X,563695,APROBADO
Sacha Zorro Rojo,272288X,733527,APROBADO
Juan Nutria Salvage,606724X,112652,RECHAZADO (Riesgo Salud/Financiero)
Juan Puma Austral,578940X,442859,APROBADO
Coty Ballena Gigante,493516X,403373,APROBADO
Pepe Gato Gigante,419034X,846158,RECHAZADO (Riesgo Salud/Financiero)
Lucho Nutria Noble,783415X,67176,APROBADO
Pancha Puma Audaz,304008X,113783,APROBADO
Juan Perro Noble,348024X,686888,APROBADO
Matias Huemul Salvage,669314X,163865,APROBADO
Lucho Huemul Veloz,25261X,283291,APROBADO
Maria Leon Veloz,914780X,232690,APROBADO
Sacha Nutria Audaz,213847X,48735,APROBADO
Pepe Leon Austral,54945X,518920,APROBADO
Matias Puma Rojo,210391X,768077,APROBADO
Coty Gato Salvage,151255X,626983,APROBADO
Sacha Zorro Austral,761291X,262584,APROBADO
Francisco Zorro Noble,493300X,775581,APROBADO
Lucho Perro Austral,440590X,412836,RECHAZADO (Riesgo Salud/Financiero)
Lucho Huemul Gigante,929808X,117509,RECHAZADO (Riesgo Salud/Financiero)
Pepe Condor Salvage,727930X,289075,APROBADO
Pepe Huemul Noble,140279X,544148,RECHAZADO (Riesgo Salud/Financiero)
Maria Nutria Audaz,342884X,624727,APROBADO
Pancha Gato Veloz,623089X,459553,APROBADO
Juan Puma Audaz,46058X,32795,APROBADO
Pancha Gato Noble,143045X,458851,APROBADO
Coty Puma Austral,126939X,54792,RECHAZADO (Riesgo Salud/Financiero)
Pepe Huemul Sigiloso,982515X,444334,APROBADO
Francisco Zorro Veloz,277230X,589556,APROBADO
Sacha Ballena Noble,378488X,109622,APROBADO
Francisco Leon Veloz,934826X,161303,RECHAZADO (Riesgo Salud/Financiero)
Pancha Condor Salvage,372028X,135643,APROBADO
Coty Ballena Audaz,973853X,546493,APROBADO
Matias Huemul Veloz,50841X,72093,APROBADO
Sacha Nutria Rojo,794748X,364673,RECHAZADO (Riesgo Salud/Financiero)
Matias Nutria Sigiloso,222876X,479668,RECHAZADO (Riesgo Salud/Financiero)
Pepe Puma Rojo,385872X,612811,APROBADO
Pepe Huemul Sigiloso,310525X,57635,APROBADO
Maria Gato Noble,80052X,658292,APROBADO
Pancha Condor Austral,164800X,682440,APROBADO
Sacha Huemul Rojo,10242X,125682,APROBADO
Juan Gato Veloz,233172X,298056,APROBADO
Pepe Gato Audaz,20116X,525962,APROBADO
Maria Perro Austral,336738X,741086,APROBADO
Pepe Zorro Gigante,677837X,875527,APROBADO
Juan Puma Noble,439706X,273700,APROBADO
Matias Puma Audaz,615914X,691047,APROBADO
Lucho Zorro Salvage,472436X,647420,APROBADO
Pancha Gato Sigiloso,102187X,515820,APROBADO
Pancha Nutria Austral,997622X,76004,RECHAZADO (Riesgo Salud/Financiero)
Pancha Perro Austral,450831X,278533,APROBADO
Juan Leon Noble,341527X,28693,APROBADO
Pepe Gato Austral,953031X,622387,APROBADO
Francisco Gato Rojo,980336X,215998,APROBADO
Matias Gato Rojo,280793X,795360,APROBADO
Matias Leon Sigiloso,962774X,317756,APROBADO
Sacha Gato Audaz,684280X,215290,RECHAZADO (Riesgo Salud/Financiero)
Pepe Ballena Salvage,780789X,158395,APROBADO
Coty Ballena Audaz,281233X,646831,APROBADO
Francisco Zorro Audaz,554622X,217370,APROBADO
Lucho Ballena Sigiloso,589406X,64861,APROBADO
Juan Gato Rojo,788089X,637347,APROBADO
Sacha Puma Rojo,863203X,793579,APROBADO
Pancha Puma Noble,445922X,805176,APROBADO
Maria Ballena Gigante,645678X,450816,APROBADO
Matias Puma Gigante,523877X,529926,APROBADO
Pepe Puma Salvage,600104X,450994,RECHAZADO (Riesgo Salud/Financiero)
Juan Puma Sigiloso,376893X,884242,APROBADO
Francisco Huemul Gigante,120784X,53348,APROBADO
Pancha Zorro Veloz,204900X,407978,APROBADO
Coty Leon Rojo,317354X,29614,RECHAZADO (Riesgo Salud/Financiero)
Juan Gato Rojo,659404X,568925,RECHAZADO (Riesgo Salud/Financiero)
Juan Nutria Rojo,616914X,628866,APROBADO
Matias Ballena Noble,817508X,677115,APROBADO
Sacha Ballena Gigante,586924X,637071,APROBADO
Maria Perro Noble,37905X,314740,RECHAZADO (Riesgo Salud/Financiero)
Francisco Zorro Audaz,412676X,793255,APROBADO
Francisco Zorro Gigante,942463X,415398,APROBADO
Matias Puma Austral,648164X,141855,APROBADO
Lucho Leon Veloz,341281X,24585,RECHAZADO (Riesgo Salud/Financiero)
Lucho Perro Austral,385910X,130298,APROBADO
Coty Huemul Rojo,255329X,378279,RECHAZADO (Riesgo Salud/Financiero)
Matias Gato Noble,576063X,816104,APROBADO
Coty Gato Audaz,437740X,88680,APROBADO
Juan Gato Noble,599414X,63600,APROBADO
Sacha Condor Salvage,294120X,848629,APROBADO
Pancha Zorro Austral,777295X,464971,APROBADO
Lucho Zorro Veloz,389458X,832132,APROBADO
Maria Perro Gigante,542578X,758802,RECHAZADO (Riesgo Salud/Financiero)
Sacha Gato Noble,295190X,809423,RECHAZADO (Riesgo Salud/Financiero)
Coty Gato Austral,703921X,437208,APROBADO
Coty Condor Austral,675977X,764024,APROBADO
Juan Ballena Noble,887437X,843146,APROBADO
Matias Condor Noble,729068X,643268,RECHAZADO (Riesgo Salud/Financiero)
Matias Huemul Noble,532876X,24727,RECHAZADO (Riesgo Salud/Financiero)
Juan Puma Veloz,139139X,530729,APROBADO
Francisco Condor Rojo,506388X,219226,APROBADO
Pancha Nutria Audaz,806825X,166403,APROBADO
Sacha Condor Gigante,469690X,719080,APROBADO
Pepe Leon Veloz,870817X,308479,APROBADO
Pancha Zorro Veloz,394749X,700972,APROBADO
Maria Condor Austral,854597X,559923,APROBADO
Matias Huemul Audaz,236926X,499347,APROBADO
Maria Ballena Sigiloso,59016X,614426,APROBADO
Lucho Ballena Audaz,696832X,301582,APROBADO
Francisco Gato Audaz,947293X,497851,RECHAZADO (Riesgo Salud/Financiero)
Sacha Ballena Austral,712932X,522799,APROBADO
Matias Condor Sigiloso,621329X,742371,APROBADO
Pancha Condor Noble,501051X,723765,APROBADO
Maria Nutria Audaz,517176X,526131,APROBADO
Francisco Leon Salvage,309460X,696572,RECHAZADO (Riesgo Salud/Financiero)
Francisco Leon Gigante,395680X,50609,APROBADO
Lucho Gato Salvage,688341X,865975,APROBADO
Sacha Puma Sigiloso,587473X,210352,APROBADO
Maria Ballena Noble,177250X,582271,APROBADO
Maria Perro Audaz,905496X,84355,APROBADO
Pancha Gato Rojo,44310X,434780,APROBADO
Coty Huemul Gigante,736462X,562363,APROBADO
Juan Gato Austral,232947X,37786,APROBADO
Maria Leon Salvage,900309X,34272,APROBADO
Maria Nutria Noble,552749X,370003,APROBADO
Maria Zorro Noble,819919X,416174,APROBADO
Francisco Gato Salvage,246390X,881763,APROBADO
Pepe Zorro Rojo,142666X,351771,APROBADO
Coty Ballena Salvage,51741X,645687,APROBADO
Sacha Ballena Gigante,369479X,594689,APROBADO
Lucho Condor Veloz,58018X,399293,APROBADO
Maria Gato Salvage,353738X,424826,APROBADO
Maria Huemul Sigiloso,361655X,895186,RECHAZADO (Riesgo Salud/Financiero)
Pepe Zorro Noble,813459X,102496,RECHAZADO (Riesgo Salud/Financiero)
Maria Perro Audaz,788737X,735311,APROBADO
Lucho Condor Rojo,445558X,293340,RECHAZADO (Riesgo Salud/Financiero)
Matias Leon Gigante,512216X,535409,APROBADO
Lucho Condor Gigante,914229X,158494,APROBADO
Matias Leon Austral,751867X,396028,RECHAZADO (Riesgo Salud/Financiero)
Pepe Puma Salvage,188564X,760647,APROBADO
Coty Huemul Salvage,140661X,38468,APROBADO
Matias Puma Salvage,877730X,877786,APROBADO
Matias Puma Salvage,927525X,887458,APROBADO
Matias Perro Austral,578940X,345141,APROBADO
Sacha Puma Austral,85004X,231637,APROBADO
Pepe Puma Sigiloso,98879X,503143,APROBADO
Maria Perro Rojo,82513X,453262,APROBADO
Coty Leon Audaz,163523X,857397,RECHAZADO (Riesgo Salud/Financiero)
Lucho Ballena Salvage,298074X,796491,APROBADO
Maria Condor Noble,586620X,737804,APROBADO
Maria Zorro Noble,118880X,234106,APROBADO
Sacha Puma Salvage,94011X,229238,RECHAZADO (Riesgo Salud/Financiero)
Juan Gato Austral,547486X,561243,APROBADO
Pepe Huemul Sigiloso,370677X,54341,APROBADO
Sacha Zorro Noble,20270X,798220,APROBADO
Pepe Zorro Audaz,161307X,368336,APROBADO
Maria Zorro Audaz,626303X,801617,APROBADO
Juan Huemul Gigante,605334X,749142,APROBADO
Lucho Zorro Audaz,454472X,82173,APROBADO
Matias Zorro Sigiloso,265088X,632660,RECHAZADO (Riesgo Salud/Financiero)
Sacha Puma Rojo,260277X,487967,APROBADO
Pepe Zorro Gigante,529165X,491972,RECHAZADO (Riesgo Salud/Financiero)
Matias Puma Noble,294176X,403883,APROBADO
Matias Puma Veloz,725729X,599205,APROBADO
Maria Puma Sigiloso,53541X,520170,APROBADO
Pancha Nutria Audaz,214863X,85179,APROBADO
Francisco Nutria Sigiloso,316251X,362605,APROBADO
Pepe Huemul Audaz,568559X,70106,APROBADO
Lucho Nutria Audaz,479437X,534340,RECHAZADO (Riesgo Salud/Financiero)
Maria Gato Salvage,508295X,406441,APROBADO
Pepe Ballena Gigante,372995X,467114,APROBADO
Matias Huemul Salvage,329876X,256433,APROBADO
Juan Condor Rojo,252733X,253182,APROBADO
Matias Huemul Gigante,393034X,573747,APROBADO
Matias Gato Sigiloso,767907X,434934,APROBADO
Maria Gato Sigiloso,608258X,95278,APROBADO
Sacha Nutria Austral,857935X,405190,RECHAZADO (Riesgo Salud/Financiero)
Lucho Gato Salvage,430197X,375363,APROBADO
Francisco Perro Austral,175573X,659112,APROBADO
Coty Zorro Veloz,696012X,706881,APROBADO
Coty Zorro Gigante,795264X,62158,APROBADO
Pepe Puma Noble,766443X,124168,APROBADO
Francisco Gato Noble,239012X,209422,RECHAZADO (Riesgo Salud/Financiero)
Coty Gato Austral,795525X,242220,APROBADO
Francisco Nutria Sigiloso,840777X,398564,APROBADO
Pancha Leon Noble,193680X,166580,APROBADO
Juan Zorro Veloz,641827X,838266,RECHAZADO (Riesgo Salud/Financiero)
Pancha Leon Gigante,297476X,399635,APROBADO
Maria Zorro Rojo,470826X,651037,RECHAZADO (Riesgo Salud/Financiero)
Pepe Perro Rojo,705569X,94707,APROBADO
Lucho Zorro Gigante,550721X,353262,APROBADO
Francisco Zorro Rojo,799187X,438569,APROBADO
Maria Gato Noble,740283X,273792,APROBADO
Sacha Huemul Gigante,520544X,398572,APROBADO
Francisco Gato Rojo,465065X,765390,APROBADO
Pancha Nutria Austral,247828X,23205,APROBADO
Coty Zorro Noble,322011X,28359,APROBADO
Juan Gato Noble,121112X,386838,APROBADO
Pepe Nutria Rojo,613904X,632433,APROBADO
Lucho Leon Audaz,39826X,526158,RECHAZADO (Riesgo Salud/Financiero)
Juan Perro Salvage,292077X,518156,RECHAZADO (Riesgo Salud/Financiero)
Sacha Condor Salvage,325906X,748356,APROBADO
Matias Perro Rojo,140718X,41811,RECHAZADO (Riesgo Salud/Financiero)
Francisco Huemul Sigiloso,949534X,181866,APROBADO
Francisco Huemul Noble,607497X,50140,APROBADO
Lucho Zorro Austral,403887X,127431,APROBADO
Francisco Leon Veloz,983181X,688562,RECHAZADO (Riesgo Salud/Financiero)
Sacha Huemul Rojo,629487X,731663,APROBADO
Pancha Perro Audaz,976615X,90786,APROBADO
Juan Perro Gigante,377763X,287353,APROBADO
Matias Leon Austral,549206X,500122,APROBADO
Maria Nutria Noble,26275X,755463,RECHAZADO (Riesgo Salud/Financiero)
Francisco Nutria Salvage,116928X,226390,RECHAZADO (Riesgo Salud/Financiero)
Juan Ballena Veloz,862306X,628762,APROBADO
Pancha Zorro Rojo,638859X,497908,APROBADO
Coty Huemul Noble,567950X,37594,APROBADO
Francisco Ballena Gigante,708577X,234423,APROBADO
Lucho Zorro Salvage,786255X,205522,APROBADO
Juan Huemul Veloz,69742X,257082,APROBADO
Coty Perro Austral,372448X,144461,APROBADO
Francisco Ballena Salvage,331036X,263763,APROBADO
Maria Condor Rojo,954601X,779028,RECHAZADO (Riesgo Salud/Financiero)
Maria Ballena Audaz,361883X,510457,APROBADO
Pancha Gato Gigante,287152X,709599,RECHAZADO (Riesgo Salud/Financiero)
Maria Gato Rojo,913511X,801803,APROBADO
Juan Zorro Salvage,82225X,331150,APROBADO
Francisco Ballena Sigiloso,526331X,590735,RECHAZADO (Riesgo Salud/Financiero)
Pancha Huemul Austral,94968X,389844,APROBADO
Sacha Perro Rojo,724702X,171391,RECHAZADO (Riesgo Salud/Financiero)
Coty Gato Austral,674116X,714582,APROBADO
Maria Zorro Sigiloso,459382X,667183,APROBADO
Matias Gato Rojo,70416X,87382,APROBADO
Pepe Nutria Austral,796218X,354930,APROBADO
Pancha Zorro Sigiloso,957389X,895079,APROBADO
Francisco Leon Austral,449506X,374508,RECHAZADO (Riesgo Salud/Financiero)
Matias Ballena Audaz,98301X,289013,APROBADO
Matias Huemul Veloz,822380X,768880,APROBADO
Francisco Leon Noble,315018X,653785,RECHAZADO (Riesgo Salud/Financiero)
Maria Ballena Rojo,549106X,888391,APROBADO
Coty Condor Gigante,868776X,510137,APROBADO
Pepe Perro Audaz,316745X,655566,APROBADO
Pepe Ballena Gigante,374360X,107815,APROBADO
Maria Perro Rojo,438814X,486236,APROBADO
Sacha Gato Austral,807123X,210787,APROBADO
Matias Perro Gigante,894860X,158295,APROBADO
Lucho Nutria Noble,252836X,245044,APROBADO
Juan Zorro Sigiloso,432841X,485719,APROBADO
Sacha Ballena Gigante,448833X,201471,RECHAZADO (Riesgo Salud/Financiero)
Pancha Puma Austral,7061X,795182,APROBADO
Maria Ballena Rojo,441005X,517114,RECHAZADO (Riesgo Salud/Financiero)
Pepe Condor Austral,224088X,509308,RECHAZADO (Riesgo Salud/Financiero)
Juan Gato Gigante,38670X,226419,APROBADO
Lucho Leon Noble,481143X,373163,APROBADO
Matias Perro Veloz,123395X,309491,APROBADO
Francisco Condor Salvage,640425X,131260,RECHAZADO (Riesgo Salud/Financiero)
Pancha Leon Audaz,104200X,616229,APROBADO
Francisco Zorro Gigante,92748X,185021,APROBADO
Lucho Ballena Veloz,997756X,452507,RECHAZADO (Riesgo Salud/Financiero)
Francisco Ballena Audaz,32140X,572252,APROBADO
Matias Gato Gigante,566011X,242431,RECHAZADO (Riesgo Salud/Financiero)
Pancha Perro Sigiloso,361046X,624182,APROBADO
Matias Gato Rojo,977646X,180601,APROBADO
Francisco Puma Noble,117926X,573395,APROBADO
Juan Zorro Salvage,445115X,682706,APROBADO
Pepe Gato Austral,613189X,787418,APROBADO
Lucho Perro Rojo,840816X,837788,APROBADO
Sacha Zorro Sigiloso,532940X,289885,APROBADO
Francisco Ballena Veloz,17573X,23992,APROBADO
Sacha Gato Sigiloso,983717X,648222,RECHAZADO (Riesgo Salud/Financiero)
Francisco Huemul Sigiloso,355338X,243037,RECHAZADO (Riesgo Salud/Financiero)
Juan Zorro Audaz,540593X,630058,APROBADO
Coty Zorro Rojo,255354X,473109,APROBADO
Pepe Perro Noble,328511X,325954,RECHAZADO (Riesgo Salud/Financiero)
Pancha Zorro Austral,251581X,327526,RECHAZADO (Riesgo Salud/Financiero)
Coty Perro Austral,960211X,873604,APROBADO
Lucho Perro Austral,958477X,432412,APROBADO
Maria Huemul Rojo,715647X,667517,APROBADO
Maria Gato Salvage,633660X,531500,APROBADO
Pancha Ballena Gigante,857013X,880108,APROBADO
Pepe Leon Austral,560231X,322546,APROBADO
Pancha Leon Austral,83623X,598034,RECHAZADO (Riesgo Salud/Financiero)
Sacha Nutria Audaz,563803X,674327,APROBADO
Coty Nutria Austral,639721X,525834,APROBADO
Matias Ballena Noble,522561X,529507,APROBADO
Sacha Gato Rojo,110250X,225815,APROBADO
Lucho Perro Rojo,486830X,379517,APROBADO
Francisco Condor Audaz,782286X,221797,APROBADO
Matias Condor Sigiloso,15991X,92392,APROBADO
Pepe Puma Veloz,184139X,31325,APROBADO
Sacha Leon Gigante,146886X,333342,APROBADO
Pepe Gato Noble,310081X,346062,RECHAZADO (Riesgo Salud/Financiero)
Juan Gato Noble,720595X,577626,RECHAZADO (Riesgo Salud/Financiero)
Pepe Puma Rojo,840093X,175286,APROBADO
Coty Zorro Audaz,786647X,527001,RECHAZADO (Riesgo Salud/Financiero)
Matias Ballena Sigiloso,236491X,384944,APROBADO
Matias Zorro Gigante,135447X,391492,APROBADO
Lucho Perro Sigiloso,669894X,201085,APROBADO
Francisco Leon Veloz,306665X,730407,APROBADO
Sacha Gato Audaz,611619X,831395,APROBADO
Francisco Leon Austral,606783X,600064,APROBADO
Sacha Zorro Audaz,873620X,539716,APROBADO
Pancha Condor Rojo,313641X,468572,RECHAZADO (Riesgo Salud/Financiero)
Maria Condor Audaz,802182X,171069,APROBADO
Maria Condor Sigiloso,261594X,432720,APROBADO
Pepe Nutria Sigiloso,251194X,258063,RECHAZADO (Riesgo Salud/Financiero)
Francisco Nutria Veloz,655330X,685597,RECHAZADO (Riesgo Salud/Financiero)
Pepe Condor Noble,646803X,572765,APROBADO
Maria Nutria Gigante,993395X,671821,APROBADO
Pepe Nutria Sigiloso,995129X,620961,RECHAZADO (Riesgo Salud/Financiero)
Sacha Puma Sigiloso,70048X,28579,APROBADO
Pancha Puma Audaz,448075X,561161,APROBADO
Sacha Condor Gigante,187538X,481000,APROBADO
Francisco Gato Audaz,390008X,381230,APROBADO
Pancha Nutria Noble,197379X,611123,APROBADO
Francisco Condor Sigiloso,926951X,294570,APROBADO
Lucho Condor Gigante,998493X,160684,APROBADO
Matias Ballena Salvage,478453X,339486,RECHAZADO (Riesgo Salud/Financiero)
Matias Huemul Audaz,58298X,360254,APROBADO
Sacha Zorro Austral,541814X,255099,APROBADO
Francisco Puma Noble,426909X,888621,APROBADO
Francisco Perro Austral,698567X,639821,APROBADO
Coty Zorro Noble,74033X,467617,APROBADO
Matias Puma Sigiloso,929835X,651650,APROBADO
Coty Nutria Salvage,847256X,251838,APROBADO
Pancha Ballena Audaz,91892X,682832,APROBADO
Pepe Perro Gigante,656247X,589183,RECHAZADO (Riesgo Salud/Financiero)
Pepe Perro Sigiloso,441521X,590639,APROBADO
Coty Perro Sigiloso,506829X,831154,APROBADO
Francisco Zorro Veloz,564979X,800721,APROBADO
Lucho Puma Rojo,881939X,489833,RECHAZADO (Riesgo Salud/Financiero)
Francisco Zorro Noble,79356X,882316,RECHAZADO (Riesgo Salud/Financiero)
Sacha Condor Sigiloso,697010X,702066,APROBADO
Matias Perro Audaz,67933X,864805,APROBADO
Pepe Perro Rojo,591190X,613013,APROBADO
Francisco Huemul Sigiloso,935684X,516525,APROBADO
Maria Huemul Salvage,436768X,460198,RECHAZADO (Riesgo Salud/Financiero)
Sacha Zorro Veloz,914799X,635009,RECHAZADO (Riesgo Salud/Financiero)
Sacha Huemul Salvage,345837X,895982,APROBADO
Pepe Zorro Salvage,578816X,749996,RECHAZADO (Riesgo Salud/Financiero)
Pancha Nutria Gigante,232975X,802481,APROBADO
Pepe Nutria Veloz,293006X,798302,APROBADO
Pancha Nutria Veloz,736975X,398004,APROBADO
Francisco Ballena Salvage,358151X,27225,APROBADO
Pancha Leon Audaz,350694X,891769,APROBADO
Matias Nutria Gigante,321019X,793974,APROBADO
Maria Condor Salvage,997459X,784059,APROBADO
Pancha Nutria Gigante,79927X,430050,APROBADO
Francisco Ballena Rojo,838978X,691481,RECHAZADO (Riesgo Salud/Financiero)
Coty Zorro Rojo,253386X,533058,APROBADO
Lucho Huemul Rojo,365001X,527596,APROBADO
Juan Puma Audaz,974176X,494446,RECHAZADO (Riesgo Salud/Financiero)
Pancha Ballena Sigiloso,866440X,341002,RECHAZADO (Riesgo Salud/Financiero)
Francisco Nutria Audaz,437916X,232364,RECHAZADO (Riesgo Salud/Financiero)
Maria Huemul Audaz,929405X,298333,APROBADO
Juan Puma Rojo,913775X,792856,APROBADO
Pancha Perro Audaz,117581X,621303,APROBADO
Juan Zorro Rojo,564729X,370141,APROBADO
Maria Leon Austral,65859X,496225,APROBADO
Sacha Perro Salvage,233572X,149769,APROBADO
Pancha Perro Noble,93181X,578716,APROBADO
Francisco Nutria Rojo,172645X,108539,APROBADO
Pepe Ballena Audaz,67209X,358464,APROBADO
Pepe Perro Gigante,726973X,760603,RECHAZADO (Riesgo Salud/Financiero)
Francisco Puma Veloz,951669X,252550,APROBADO
Coty Perro Austral,710561X,712752,APROBADO
Maria Gato Austral,136379X,572129,RECHAZADO (Riesgo Salud/Financiero)
Francisco Puma Austral,205743X,154101,APROBADO
Pepe Ballena Rojo,641532X,365653,APROBADO
Lucho Puma Gigante,76430X,575893,APROBADO
Francisco Puma Rojo,635240X,389671,APROBADO
Lucho Nutria Audaz,800687X,659550,APROBADO
Sacha Perro Sigiloso,618835X,737410,APROBADO
Coty Leon Salvage,386359X,864607,APROBADO
Pancha Ballena Veloz,482056X,648912,APROBADO
Lucho Puma Veloz,132284X,476641,APROBADO
Coty Perro Rojo,801814X,490339,APROBADO
Juan Nutria Audaz,722661X,277438,RECHAZADO (Riesgo Salud/Financiero)
Lucho Leon Veloz,104815X,185949,APROBADO
Pepe Ballena Gigante,668530X,827522,APROBADO
Lucho Leon Rojo,338486X,488141,APROBADO
Francisco Condor Audaz,804157X,429713,RECHAZADO (Riesgo Salud/Financiero)
Matias Zorro Gigante,566821X,48820,APROBADO
Coty Leon Veloz,879199X,824975,RECHAZADO (Riesgo Salud/Financiero)
Maria Leon Gigante,964600X,273538,APROBADO
Juan Condor Gigante,392640X,272402,APROBADO
Maria Perro Veloz,16514X,669396,RECHAZADO (Riesgo Salud/Financiero)
Pancha Ballena Noble,520414X,233237,APROBADO
Maria Leon Sigiloso,728864X,164126,APROBADO
Maria Leon Gigante,89811X,546150,APROBADO
Pepe Nutria Veloz,794134X,757417,APROBADO
Juan Puma Salvage,312738X,154194,RECHAZADO (Riesgo Salud/Financiero)
Coty Ballena Veloz,474138X,751362,APROBADO
Lucho Leon Sigiloso,670033X,764933,APROBADO
Matias Condor Veloz,459026X,704840,RECHAZADO (Riesgo Salud/Financiero)
Lucho Gato Salvage,459555X,403457,APROBADO
Lucho Condor Veloz,69238X,314553,APROBADO
Francisco Puma Austral,423812X,803253,APROBADO
Pancha Huemul Gigante,989133X,543209,APROBADO
Lucho Gato Audaz,913371X,398715,RECHAZADO (Riesgo Salud/Financiero)
Lucho Gato Gigante,119698X,431536,APROBADO
Sacha Nutria Austral,865591X,220282,APROBADO
Matias Puma Audaz,382821X,152432,RECHAZADO (Riesgo Salud/Financiero)
Juan Zorro Veloz,12522X,267081,APROBADO
Pancha Nutria Veloz,983670X,827458,RECHAZADO (Riesgo Salud/Financiero)
Juan Puma Austral,692735X,250045,APROBADO
Pepe Gato Rojo,91282X,218108,APROBADO
Pancha Ballena Sigiloso,446369X,677578,APROBADO
Pancha Gato Gigante,696301X,831888,APROBADO
Juan Puma Salvage,186356X,519493,APROBADO
Sacha Gato Rojo,196062X,17524,APROBADO
Sacha Puma Gigante,829633X,428378,APROBADO
Coty Perro Sigiloso,695506X,128190,APROBADO
Matias Puma Gigante,345433X,149426,APROBADO
Coty Huemul Veloz,502052X,727851,APROBADO
Lucho Zorro Austral,468825X,576645,RECHAZADO (Riesgo Salud/Financiero)
Francisco Gato Rojo,135014X,220042,RECHAZADO (Riesgo Salud/Financiero)
Francisco Ballena Audaz,959331X,487973,APROBADO
Juan Condor Audaz,847903X,34111,APROBADO
Matias Gato Audaz,799562X,336736,APROBADO
Sacha Zorro Veloz,977101X,384914,APROBADO
Maria Leon Veloz,887008X,650707,APROBADO
Maria Huemul Sigiloso,901692X,767146,APROBADO
Maria Zorro Rojo,607132X,894466,APROBADO
Matias Gato Gigante,563674X,229991,APROBADO
Lucho Huemul Veloz,210908X,788823,APROBADO
Francisco Puma Veloz,638949X,501746,APROBADO
Pepe Gato Noble,206127X,729206,APROBADO
Pepe Huemul Sigiloso,371923X,385646,RECHAZADO (Riesgo Salud/Financiero)
Pancha Perro Sigiloso,656533X,840948,APROBADO
Sacha Leon Rojo,898989X,733083,APROBADO
Pepe Zorro Gigante,2779X,725533,APROBADO
Francisco Zorro Salvage,505979X,128054,RECHAZADO (Riesgo Salud/Financiero)
Francisco Nutria Audaz,781172X,751714,APROBADO
Pancha Puma Gigante,440479X,120261,APROBADO
Juan Ballena Austral,282882X,558449,RECHAZADO (Riesgo Salud/Financiero)
Coty Zorro Veloz,961471X,864821,APROBADO
Francisco Nutria Austral,523274X,229845,APROBADO
Matias Condor Veloz,261244X,228113,APROBADO
Coty Perro Austral,73059X,156629,APROBADO
Sacha Ballena Austral,164574X,655943,RECHAZADO (Riesgo Salud/Financiero)
Coty Condor Sigiloso,131611X,404113,APROBADO
Lucho Leon Austral,489629X,467084,APROBADO
Maria Puma Austral,341810X,141237,APROBADO
Maria Puma Sigiloso,482911X,272513,RECHAZADO (Riesgo Salud/Financiero)
Juan Gato Rojo,552360X,190908,APROBADO
Francisco Huemul Audaz,605306X,296823,APROBADO
Coty Puma Audaz,13269X,769371,APROBADO
Maria Puma Audaz,412024X,110787,APROBADO
Pepe Ballena Sigiloso,538222X,863543,APROBADO
Coty Huemul Salvage,604182X,147719,APROBADO
Francisco Leon Noble,730309X,203146,APROBADO
Sacha Huemul Rojo,391403X,491128,APROBADO
Coty Leon Sigiloso,691155X,400676,RECHAZADO (Riesgo Salud/Financiero)
Matias Zorro Gigante,263427X,107404,RECHAZADO (Riesgo Salud/Financiero)
Francisco Leon Noble,518644X,894686,APROBADO
Francisco Leon Veloz,826957X,892651,RECHAZADO (Riesgo Salud/Financiero)
Matias Perro Salvage,473501X,356283,APROBADO
Pancha Ballena Gigante,939180X,637242,APROBADO
Maria Perro Salvage,446626X,568309,APROBADO
Coty Ballena Salvage,166976X,397365,RECHAZADO (Riesgo Salud/Financiero)
Maria Zorro Salvage,307778X,811704,APROBADO
Matias Condor Gigante,254479X,631426,RECHAZADO (Riesgo Salud/Financiero)
Matias Condor Rojo,355879X,673498,APROBADO
Pancha Leon Veloz,578852X,430696,APROBADO
Matias Ballena Sigiloso,951850X,829187,APROBADO
Lucho Zorro Sigiloso,353551X,695794,APROBADO
Pancha Condor Gigante,711391X,648795,APROBADO
Sacha Gato Rojo,633725X,865545,RECHAZADO (Riesgo Salud/Financiero)
Maria Gato Veloz,577804X,686549,APROBADO
Maria Puma Veloz,497104X,729296,APROBADO
Lucho Huemul Gigante,503112X,677648,APROBADO
Pepe Huemul Veloz,372794X,745934,APROBADO
Pancha Ballena Salvage,233235X,214706,APROBADO
Maria Perro Gigante,948202X,382672,APROBADO
Sacha Ballena Veloz,8797X,359044,APROBADO
Pepe Condor Gigante,462656X,95112,APROBADO
Coty Gato Austral,659325X,129943,APROBADO
Juan Perro Sigiloso,843777X,323969,APROBADO
Coty Leon Audaz,510731X,517755,APROBADO
Francisco Gato Salvage,62449X,309014,APROBADO
Sacha Puma Rojo,931364X,158031,APROBADO
Maria Condor Audaz,347155X,171179,RECHAZADO (Riesgo Salud/Financiero)
Juan Puma Rojo,566767X,137759,RECHAZADO (Riesgo Salud/Financiero)
Matias Ballena Gigante,14223X,509188,APROBADO
Coty Condor Noble,585018X,481106,APROBADO
Juan Leon Austral,441154X,857701,APROBADO
Juan Perro Rojo,90820X,333423,APROBADO
Francisco Gato Gigante,475136X,276707,APROBADO
Pepe Gato Sigiloso,807361X,858364,APROBADO
Francisco Nutria Audaz,600028X,756372,APROBADO
Francisco Zorro Sigiloso,88142X,872447,APROBADO
Matias Puma Austral,579533X,381815,RECHAZADO (Riesgo Salud/Financiero)
Pancha Ballena Salvage,814780X,766773,APROBADO
Pancha Nutria Gigante,97636X,590526,APROBADO
Juan Nutria Noble,773154X,782710,APROBADO
Pancha Huemul Noble,974236X,693825,APROBADO
Lucho Perro Austral,962814X,521756,RECHAZADO (Riesgo Salud/Financiero)
Juan Zorro Audaz,756441X,504991,RECHAZADO (Riesgo Salud/Financiero)
Maria Gato Salvage,240789X,438893,RECHAZADO (Riesgo Salud/Financiero)
Pancha Ballena Gigante,301526X,171116,RECHAZADO (Riesgo Salud/Financiero)
Pancha Gato Gigante,345641X,74526,RECHAZADO (Riesgo Salud/Financiero)
Pancha Nutria Rojo,726928X,33930,APROBADO
Pancha Nutria Gigante,919531X,396157,APROBADO
Francisco Puma Noble,597901X,202569,APROBADO
Maria Perro Rojo,592515X,559059,APROBADO
Sacha Ballena Veloz,803037X,381635,APROBADO
Lucho Huemul Sigiloso,515385X,435180,RECHAZADO (Riesgo Salud/Financiero)
Lucho Nutria Austral,150124X,274228,APROBADO
Sacha Nutria Audaz,401438X,638001,APROBADO
Sacha Zorro Rojo,436426X,465462,APROBADO
Lucho Zorro Veloz,992555X,571134,APROBADO
Pancha Puma Noble,531726X,687185,APROBADO
Coty Zorro Austral,76684X,160287,APROBADO
Coty Gato Rojo,608653X,434776,APROBADO
Sacha Nutria Audaz,68160X,114632,RECHAZADO (Riesgo Salud/Financiero)
Coty Gato Audaz,17292X,516638,APROBADO
Maria Ballena Austral,448445X,282000,APROBADO
Pancha Puma Rojo,690133X,27428,APROBADO
Pancha Gato Veloz,412509X,284437,APROBADO
Matias Zorro Rojo,497774X,404091,RECHAZADO (Riesgo Salud/Financiero)
Francisco Perro Noble,954043X,285796,RECHAZADO (Riesgo Salud/Financiero)
Pancha Perro Veloz,37265X,31104,RECHAZADO (Riesgo Salud/Financiero)
Maria Huemul Austral,250050X,370074,APROBADO
Maria Ballena Gigante,416344X,607238,APROBADO
Francisco Puma Veloz,361425X,812409,APROBADO
Francisco Gato Veloz,918295X,179120,APROBADO
Juan Ballena Rojo,815890X,503579,APROBADO
Juan Puma Sigiloso,332499X,515394,APROBADO
Pancha Leon Gigante,571139X,141595,APROBADO
Juan Gato Audaz,905997X,771978,APROBADO
Francisco Condor Austral,380896X,617067,RECHAZADO (Riesgo Salud/Financiero)
Juan Leon Gigante,153751X,210027,APROBADO
Pepe Leon Rojo,792115X,159034,APROBADO
Juan Ballena Audaz,368444X,557072,APROBADO
Maria Condor Austral,348570X,149115,APROBADO
Pancha Ballena Rojo,49618X,819795,APROBADO
Coty Condor Salvage,227822X,388492,APROBADO
Juan Huemul Austral,608587X,896628,APROBADO
Juan Perro Gigante,924317X,294968,RECHAZADO (Riesgo Salud/Financiero)
Pepe Perro Salvage,352491X,554540,APROBADO
Sacha Zorro Austral,614193X,53702,APROBADO
Juan Gato Veloz,309221X,821098,APROBADO
Juan Condor Gigante,835417X,893149,RECHAZADO (Riesgo Salud/Financiero)
Pepe Condor Audaz,439939X,829536,APROBADO
Matias Zorro Salvage,347108X,293823,APROBADO
Juan Leon Audaz,948164X,515489,APROBADO
Juan Huemul Audaz,428800X,414709,APROBADO
Maria Puma Gigante,527367X,42145,APROBADO
Juan Leon Audaz,771379X,291600,APROBADO
Coty Gato Rojo,559527X,724308,RECHAZADO (Riesgo Salud/Financiero)
Francisco Puma Rojo,399390X,458833,APROBADO
Pepe Perro Salvage,798852X,809507,APROBADO
Sacha Condor Austral,180292X,619843,APROBADO
Lucho Zorro Sigiloso,917815X,551932,APROBADO
Matias Gato Salvage,5491X,227702,APROBADO
Matias Leon Salvage,665079X,754597,APROBADO
Coty Gato Audaz,685663X,130175,APROBADO
Lucho Zorro Gigante,33959X,96023,RECHAZADO (Riesgo Salud/Financiero)
Matias Huemul Austral,873154X,227602,APROBADO
Pancha Nutria Noble,603009X,590292,APROBADO
Lucho Condor Rojo,792820X,373053,RECHAZADO (Riesgo Salud/Financiero)
Matias Leon Austral,74338X,44985,APROBADO
Matias Nutria Sigiloso,573092X,758269,APROBADO
Francisco Gato Rojo,771315X,374269,RECHAZADO (Riesgo Salud/Financiero)
Sacha Nutria Audaz,47516X,543925,APROBADO
Pancha Gato Austral,317275X,470832,RECHAZADO (Riesgo Salud/Financiero)
Lucho Nutria Rojo,207925X,762727,APROBADO
Matias Condor Veloz,295610X,68492,RECHAZADO (Riesgo Salud/Financiero)
Pancha Leon Rojo,144435X,73216,APROBADO
Coty Puma Austral,600743X,723917,APROBADO
Matias Huemul Austral,252620X,169483,APROBADO
Pancha Huemul Sigiloso,152088X,206903,RECHAZADO (Riesgo Salud/Financiero)
Coty Zorro Rojo,776051X,387260,APROBADO
Coty Gato Rojo,379216X,570206,APROBADO
Lucho Gato Noble,21618X,197261,APROBADO
Francisco Perro Gigante,523307X,593782,APROBADO
Coty Condor Gigante,394076X,632633,APROBADO
Maria Nutria Sigiloso,952845X,208420,APROBADO
Matias Gato Rojo,795393X,788445,APROBADO
Juan Nutria Salvage,368496X,550235,APROBADO
Matias Zorro Audaz,952975X,754910,RECHAZADO (Riesgo Salud/Financiero)
Pancha Nutria Salvage,940024X,264192,APROBADO
Maria Leon Veloz,299947X,873910,RECHAZADO (Riesgo Salud/Financiero)
Pepe Perro Gigante,917928X,635099,APROBADO
Juan Ballena Gigante,597529X,359565,APROBADO
Sacha Leon Audaz,923407X,432398,APROBADO
Francisco Nutria Rojo,43762X,476955,APROBADO
Maria Nutria Sigiloso,953912X,37574,APROBADO
Matias Condor Salvage,113237X,193609,APROBADO
Coty Leon Sigiloso,694718X,309539,APROBADO
Sacha Zorro Gigante,445374X,632856,APROBADO
Juan Huemul Rojo,93973X,366138,APROBADO
Maria Leon Noble,784244X,826691,APROBADO
Francisco Ballena Austral,553616X,849152,APROBADO
Coty Ballena Audaz,936282X,353089,APROBADO
Matias Perro Salvage,391544X,481778,RECHAZADO (Riesgo Salud/Financiero)
Matias Perro Sigiloso,756754X,494929,APROBADO
Coty Nutria Gigante,137181X,431207,APROBADO
Maria Leon Audaz,375530X,331528,APROBADO
Maria Ballena Sigiloso,92305X,631737,APROBADO
Pancha Huemul Veloz,342057X,315088,APROBADO
Pancha Nutria Rojo,722222X,329229,APROBADO
Sacha Huemul Noble,613248X,127673,APROBADO
Pancha Puma Audaz,447081X,319474,APROBADO
Sacha Perro Noble,64415X,228097,APROBADO
Juan Puma Veloz,975392X,285734,APROBADO
Matias Puma Gigante,897945X,593665,APROBADO
Francisco Ballena Noble,322273X,893704,APROBADO
Lucho Puma Austral,119179X,465187,RECHAZADO (Riesgo Salud/Financiero)
Pepe Condor Audaz,376739X,487475,APROBADO
Pancha Puma Rojo,520804X,163050,APROBADO
Francisco Leon Gigante,125117X,747313,APROBADO
Sacha Leon Veloz,33753X,17738,RECHAZADO (Riesgo Salud/Financiero)
Coty Gato Rojo,128147X,173509,APROBADO
Coty Ballena Rojo,893310X,637383,APROBADO
Francisco Ballena Noble,915436X,403462,APROBADO
Lucho Huemul Sigiloso,751704X,38071,APROBADO
Juan Huemul Sigiloso,346927X,263614,APROBADO
Pancha Perro Sigiloso,588592X,399303,RECHAZADO (Riesgo Salud/Financiero)
Pepe Ballena Gigante,618944X,887123,APROBADO
Sacha Huemul Veloz,683838X,766589,APROBADO
Coty Nutria Veloz,128492X,153930,APROBADO
Maria Ballena Audaz,473610X,163905,APROBADO
Juan Zorro Veloz,632944X,637581,RECHAZADO (Riesgo Salud/Financiero)
Sacha Perro Veloz,448300X,881528,APROBADO
Francisco Ballena Sigiloso,243740X,171844,APROBADO
Maria Zorro Austral,771815X,758252,RECHAZADO (Riesgo Salud/Financiero)
Juan Huemul Rojo,59749X,430047,APROBADO
Maria Nutria Rojo,905915X,665834,APROBADO
Pancha Puma Austral,311493X,179908,APROBADO
Sacha Condor Veloz,881619X,153466,APROBADO
Maria Gato Veloz,322913X,612505,APROBADO
Juan Huemul Salvage,566085X,612531,APROBADO
Pancha Huemul Gigante,332187X,569634,RECHAZADO (Riesgo Salud/Financiero)
Pepe Leon Veloz,602527X,655386,APROBADO
Pepe Ballena Veloz,813364X,465253,RECHAZADO (Riesgo Salud/Financiero)
Coty Puma Audaz,160019X,750390,RECHAZADO (Riesgo Salud/Financiero)
Francisco Huemul Salvage,502604X,147514,APROBADO
Pancha Condor Sigiloso,432682X,792643,APROBADO
Pancha Leon Audaz,293055X,333320,APROBADO
Francisco Condor Veloz,50853X,396237,RECHAZADO (Riesgo Salud/Financiero)
Lucho Ballena Veloz,279901X,230647,APROBADO
Francisco Zorro Gigante,37946X,828017,APROBADO
Lucho Ballena Noble,399676X,712812,APROBADO
Pancha Ballena Salvage,885752X,368893,RECHAZADO (Riesgo Salud/Financiero)
Pancha Gato Audaz,583811X,176667,APROBADO
Francisco Condor Sigiloso,323210X,822062,APROBADO
Francisco Huemul Sigiloso,925340X,340746,APROBADO
Sacha Puma Veloz,593409X,422405,APROBADO
Matias Perro Rojo,73580X,465150,APROBADO
Francisco Gato Austral,693442X,482859,APROBADO
Pepe Puma Rojo,308025X,400675,APROBADO
Pepe Perro Sigiloso,488758X,615356,RECHAZADO (Riesgo Salud/Financiero)
Francisco Nutria Noble,645807X,793666,APROBADO
Francisco Condor Sigiloso,260342X,110680,RECHAZADO (Riesgo Salud/Financiero)
Francisco Leon Gigante,347486X,188915,RECHAZADO (Riesgo Salud/Financiero)
Lucho Nutria Gigante,177983X,760725,APROBADO
Matias Ballena Gigante,76227X,297014,APROBADO
Sacha Huemul Sigiloso,54816X,394514,RECHAZADO (Riesgo Salud/Financiero)
Lucho Gato Sigiloso,8969X,352196,APROBADO
Matias Zorro Salvage,711878X,600963,APROBADO
Matias Ballena Rojo,756657X,857526,APROBADO
Pancha Leon Salvage,184295X,879818,APROBADO
Pepe Gato Veloz,26989X,836307,RECHAZADO (Riesgo Salud/Financiero)
Pancha Nutria Noble,539988X,68171,APROBADO
Juan Huemul Sigiloso,434776X,695759,APROBADO
Coty Puma Austral,884338X,462121,RECHAZADO (Riesgo Salud/Financiero)
Lucho Zorro Audaz,817215X,767454,RECHAZADO (Riesgo Salud/Financiero)
Coty Perro Veloz,742784X,250012,APROBADO
Pepe Gato Audaz,287865X,731566,APROBADO
Sacha Ballena Gigante,113501X,586318,APROBADO
Juan Perro Gigante,259135X,258455,APROBADO
Pepe Nutria Rojo,740402X,207116,APROBADO
Pepe Leon Gigante,432368X,710484,APROBADO
Pepe Leon Salvage,845625X,561889,APROBADO
Pepe Zorro Rojo,923435X,774206,APROBADO
Lucho Zorro Rojo,849297X,732235,APROBADO
Pancha Huemul Rojo,454104X,213649,RECHAZADO (Riesgo Salud/Financiero)
Maria Condor Veloz,427672X,99800,APROBADO
Maria Perro Audaz,134202X,763068,APROBADO
Pepe Leon Austral,851913X,70094,APROBADO
Pancha Perro Noble,739181X,491685,APROBADO
Pepe Zorro Sigiloso,315796X,62767,APROBADO
Francisco Condor Audaz,624783X,277561,APROBADO
Lucho Ballena Audaz,173181X,464128,APROBADO
Francisco Nutria Veloz,268480X,555130,APROBADO
Coty Huemul Noble,384776X,384568,APROBADO
Lucho Nutria Veloz,204853X,155993,APROBADO
Coty Leon Veloz,790543X,284439,APROBADO
Juan Ballena Rojo,310663X,52459,APROBADO
Coty Puma Austral,788015X,261072,APROBADO
Pepe Ballena Austral,850088X,858567,RECHAZADO (Riesgo Salud/Financiero)
Maria Leon Rojo,713133X,862084,APROBADO
Juan Leon Salvage,577315X,608067,APROBADO
Pepe Condor Audaz,104002X,862291,APROBADO
Sacha Leon Rojo,724186X,704692,APROBADO
Coty Condor Rojo,347015X,486966,APROBADO
Juan Nutria Noble,18604X,868142,APROBADO
Coty Ballena Gigante,831060X,531820,APROBADO
Matias Ballena Sigiloso,65926X,300547,APROBADO
Pepe Huemul Noble,8595X,894226,APROBADO
Pancha Puma Austral,887063X,578371,APROBADO
Sacha Perro Gigante,613474X,286062,APROBADO
Juan Gato Salvage,931377X,316124,APROBADO
Pepe Leon Gigante,181379X,803868,APROBADO
Sacha Zorro Salvage,241756X,81828,APROBADO
Lucho Zorro Audaz,743575X,21403,APROBADO
Pancha Perro Audaz,786454X,431098,APROBADO
Francisco Condor Veloz,760796X,718321,APROBADO
Lucho Perro Austral,87792X,898053,APROBADO
Pepe Zorro Rojo,398859X,85452,APROBADO
Pepe Condor Veloz,100625X,500812,RECHAZADO (Riesgo Salud/Financiero)
Maria Condor Austral,407562X,865182,APROBADO
Coty Perro Salvage,467315X,825249,RECHAZADO (Riesgo Salud/Financiero)
Matias Puma Gigante,246585X,755530,APROBADO
Lucho Condor Rojo,797904X,287881,RECHAZADO (Riesgo Salud/Financiero)
Sacha Condor Audaz,402202X,515282,APROBADO
Pancha Nutria Audaz,730575X,363160,APROBADO
Coty Huemul Veloz,179241X,181661,RECHAZADO (Riesgo Salud/Financiero)
Pancha Ballena Gigante,824455X,414527,APROBADO
Juan Gato Sigiloso,141200X,840296,APROBADO
Sacha Puma Salvage,971593X,74509,APROBADO
Francisco Ballena Noble,177008X,273001,APROBADO
Sacha Leon Austral,314822X,497374,APROBADO
Lucho Condor Sigiloso,980007X,751890,APROBADO
Matias Perro Audaz,980870X,307558,APROBADO
Matias Condor Sigiloso,635805X,722284,APROBADO
Coty Zorro Sigiloso,930221X,538396,APROBADO
Maria Condor Noble,168932X,747029,APROBADO
Sacha Leon Gigante,287790X,808622,APROBADO
Matias Perro Audaz,32995X,601466,APROBADO
Francisco Perro Gigante,944410X,285328,APROBADO
Maria Puma Noble,948525X,222357,RECHAZADO (Riesgo Salud/Financiero)
Francisco Leon Veloz,817820X,349599,APROBADO
Francisco Zorro Austral,652013X,819731,RECHAZADO (Riesgo Salud/Financiero)
Sacha Perro Noble,343912X,364906,APROBADO
Juan Condor Gigante,371079X,133809,RECHAZADO (Riesgo Salud/Financiero)
Matias Leon Audaz,648471X,530564,RECHAZADO (Riesgo Salud/Financiero)
Pancha Leon Gigante,560469X,482694,APROBADO
Francisco Leon Veloz,212354X,681148,APROBADO
Matias Nutria Gigante,828467X,208431,APROBADO
Coty Ballena Audaz,950166X,497557,APROBADO
Pancha Leon Gigante,46462X,674322,APROBADO
Francisco Puma Salvage,176463X,366731,RECHAZADO (Riesgo Salud/Financiero)
Maria Leon Sigiloso,396686X,897169,APROBADO
Matias Gato Veloz,606066X,839951,RECHAZADO (Riesgo Salud/Financiero)
Matias Zorro Rojo,372534X,50061,APROBADO
Francisco Huemul Rojo,881878X,125675,APROBADO
Lucho Nutria Audaz,340532X,24318,APROBADO
Sacha Gato Salvage,112032X,215221,APROBADO
Pepe Gato Gigante,849694X,217056,APROBADO
Pepe Gato Salvage,774490X,125795,RECHAZADO (Riesgo Salud/Financiero)
Pepe Perro Audaz,804953X,749358,RECHAZADO (Riesgo Salud/Financiero)
Maria Ballena Noble,990653X,115801,APROBADO
Coty Gato Veloz,635294X,83050,APROBADO
Coty Nutria Salvage,634886X,498685,RECHAZADO (Riesgo Salud/Financiero)
Coty Condor Salvage,577401X,123717,RECHAZADO (Riesgo Salud/Financiero)
Francisco Puma Audaz,232355X,156329,APROBADO
Matias Leon Noble,913331X,645265,APROBADO
Matias Puma Sigiloso,100158X,760365,RECHAZADO (Riesgo Salud/Financiero)
Lucho Perro Veloz,348085X,556241,APROBADO
Sacha Gato Austral,446090X,277865,APROBADO
Maria Gato Rojo,121953X,437813,RECHAZADO (Riesgo Salud/Financiero)
Juan Huemul Audaz,724098X,395714,APROBADO
Francisco Perro Noble,979289X,738680,RECHAZADO (Riesgo Salud/Financiero)
Sacha Gato Gigante,227904X,515442,APROBADO
Pancha Zorro Veloz,174021X,109759,APROBADO
Maria Condor Sigiloso,419980X,235380,APROBADO
Francisco Gato Veloz,821615X,315506,APROBADO
Pancha Ballena Rojo,73986X,592627,APROBADO
Maria Ballena Gigante,490997X,368348,RECHAZADO (Riesgo Salud/Financiero)
Lucho Huemul Noble,43371X,411863,RECHAZADO (Riesgo Salud/Financiero)
Sacha Nutria Noble,62241X,749468,APROBADO
Lucho Nutria Austral,754816X,338388,APROBADO
Pepe Perro Audaz,590957X,898546,RECHAZADO (Riesgo Salud/Financiero)
Maria Puma Veloz,57613X,573956,APROBADO
Matias Huemul Veloz,511850X,258326,APROBADO
Pepe Zorro Gigante,706125X,853220,RECHAZADO (Riesgo Salud/Financiero)
Sacha Gato Austral,84053X,442055,APROBADO
Pancha Zorro Veloz,755144X,146136,APROBADO
Pepe Zorro Noble,16877X,480209,APROBADO
Maria Nutria Rojo,35352X,686083,APROBADO
Matias Zorro Sigiloso,210621X,296870,APROBADO
Juan Nutria Gigante,673204X,472259,RECHAZADO (Riesgo Salud/Financiero)
Coty Huemul Veloz,439096X,744573,APROBADO
Sacha Puma Audaz,581204X,692125,APROBADO
Pepe Nutria Austral,700715X,675896,APROBADO
Juan Perro Rojo,621536X,503979,APROBADO
Pancha Nutria Noble,559446X,449674,APROBADO
Coty Condor Noble,568074X,804922,APROBADO
Juan Zorro Austral,821167X,548807,RECHAZADO (Riesgo Salud/Financiero)
Maria Gato Austral,714200X,196756,APROBADO
Sacha Puma Gigante,349609X,724795,APROBADO
Matias Zorro Gigante,648594X,637109,APROBADO
Francisco Perro Veloz,350765X,876225,APROBADO
Francisco Zorro Austral,285514X,845773,APROBADO
Juan Leon Noble,447021X,736582,APROBADO
Pepe Perro Gigante,83536X,436353,APROBADO
Pepe Zorro Rojo,519591X,486725,APROBADO
Lucho Zorro Gigante,864172X,470710,APROBADO
Matias Nutria Rojo,823470X,389792,RECHAZADO (Riesgo Salud/Financiero)
Juan Condor Austral,340660X,117553,RECHAZADO (Riesgo Salud/Financiero)
Sacha Nutria Noble,871145X,303715,APROBADO
Lucho Ballena Audaz,602562X,624065,APROBADO
Coty Nutria Noble,802349X,106500,RECHAZADO (Riesgo Salud/Financiero)
Matias Condor Sigiloso,162437X,57432,RECHAZADO (Riesgo Salud/Financiero)
Coty Puma Salvage,211035X,269850,APROBADO
Matias Zorro Audaz,262686X,218795,APROBADO
Lucho Leon Noble,408228X,515451,APROBADO
Pancha Ballena Austral,587212X,338779,APROBADO
Pepe Zorro Noble,448705X,885027,APROBADO
Sacha Condor Gigante,615205X,375356,APROBADO
Lucho Zorro Sigiloso,372766X,327458,APROBADO
Coty Puma Salvage,721037X,653551,APROBADO
Coty Condor Noble,151144X,681837,APROBADO
Juan Ballena Noble,941392X,510805,APROBADO
Maria Ballena Veloz,54745X,420200,APROBADO
Pancha Huemul Austral,595921X,131045,APROBADO
Francisco Nutria Sigiloso,395934X,252320,RECHAZADO (Riesgo Salud/Financiero)
Matias Perro Veloz,758980X,701535,APROBADO
Pancha Perro Salvage,767584X,268200,APROBADO
Pancha Perro Veloz,173788X,296363,APROBADO
Sacha Leon Rojo,654799X,830738,APROBADO
Juan Gato Salvage,797878X,858495,RECHAZADO (Riesgo Salud/Financiero)
Matias Nutria Audaz,488806X,227678,APROBADO
Juan Gato Noble,932584X,375167,RECHAZADO (Riesgo Salud/Financiero)
Sacha Condor Rojo,314960X,647507,RECHAZADO (Riesgo Salud/Financiero)
Matias Condor Gigante,235829X,690985,APROBADO
Pepe Zorro Sigiloso,218446X,240241,APROBADO
Pepe Zorro Rojo,356806X,230488,APROBADO
Juan Gato Sigiloso,574455X,603150,APROBADO
Francisco Condor Rojo,914012X,662899,APROBADO
Lucho Nutria Austral,605726X,892081,APROBADO
Pancha Ballena Sigiloso,901858X,525388,APROBADO
Maria Nutria Noble,617262X,572490,APROBADO
Maria Gato Noble,251251X,411316,APROBADO
Maria Zorro Noble,88566X,513532,APROBADO
Matias Leon Rojo,269652X,556945,APROBADO
Matias Puma Austral,547178X,619345,APROBADO
Matias Condor Rojo,946208X,99462,RECHAZADO (Riesgo Salud/Financiero)
Pepe Perro Gigante,888389X,707092,APROBADO
Juan Condor Salvage,645699X,154561,RECHAZADO (Riesgo Salud/Financiero)
Francisco Puma Veloz,247621X,817655,APROBADO
Matias Huemul Sigiloso,946263X,699556,RECHAZADO (Riesgo Salud/Financiero)
Francisco Gato Sigiloso,208670X,534985,RECHAZADO (Riesgo Salud/Financiero)
Juan Perro Rojo,890479X,748493,APROBADO
Coty Gato Gigante,80969X,126559,APROBADO
Francisco Perro Sigiloso,618952X,127267,APROBADO
Pepe Puma Rojo,330401X,429206,APROBADO
Lucho Perro Veloz,230987X,130497,APROBADO
Coty Perro Rojo,593872X,804614,APROBADO
Pancha Zorro Austral,87716X,86918,APROBADO
Francisco Condor Veloz,830187X,336452,APROBADO
Coty Ballena Gigante,831731X,699668,APROBADO
Matias Leon Gigante,140498X,458358,APROBADO
Lucho Perro Veloz,277965X,563855,APROBADO
Matias Condor Rojo,314826X,719935,APROBADO
Pepe Zorro Veloz,672234X,558422,APROBADO
Maria Ballena Noble,742305X,77206,RECHAZADO (Riesgo Salud/Financiero)
Matias Gato Noble,490954X,666387,APROBADO
Matias Condor Rojo,101451X,521385,APROBADO
Maria Condor Austral,685290X,33133,APROBADO
Sacha Leon Gigante,464701X,356215,APROBADO
Sacha Gato Gigante,529653X,354588,APROBADO
Matias Gato Noble,745500X,412605,RECHAZADO (Riesgo Salud/Financiero)
Pepe Puma Austral,149004X,303186,APROBADO
Lucho Huemul Salvage,471196X,303147,APROBADO
Sacha Zorro Noble,259868X,31741,APROBADO
Matias Gato Gigante,890759X,537518,APROBADO
Coty Condor Gigante,39710X,755716,RECHAZADO (Riesgo Salud/Financiero)
Sacha Nutria Austral,724000X,571473,RECHAZADO (Riesgo Salud/Financiero)
Francisco Huemul Sigiloso,647620X,165458,APROBADO
Pancha Puma Salvage,965046X,304891,RECHAZADO (Riesgo Salud/Financiero)
Sacha Perro Audaz,355425X,290507,APROBADO
Francisco Nutria Gigante,940062X,847839,RECHAZADO (Riesgo Salud/Financiero)
Maria Zorro Sigiloso,461119X,513754,APROBADO
Lucho Puma Noble,37475X,517540,APROBADO
Pancha Zorro Gigante,460512X,139672,APROBADO
Pancha Leon Gigante,308312X,696487,RECHAZADO (Riesgo Salud/Financiero)
Matias Huemul Rojo,534519X,30586,APROBADO
Sacha Nutria Veloz,623293X,817806,APROBADO
Matias Condor Rojo,10599X,385526,APROBADO
Pancha Leon Noble,30513X,318888,APROBADO
Lucho Condor Rojo,543535X,413400,RECHAZADO (Riesgo Salud/Financiero)
Maria Nutria Noble,655264X,642483,APROBADO
Matias Huemul Audaz,260179X,226112,APROBADO
Juan Perro Audaz,727646X,798585,APROBADO
Maria Huemul Audaz,8410X,190483,APROBADO
Maria Huemul Austral,383095X,256537,RECHAZADO (Riesgo Salud/Financiero)
Pepe Gato Austral,631397X,298005,APROBADO
Francisco Ballena Veloz,299155X,80169,RECHAZADO (Riesgo Salud/Financiero)
Pancha Zorro Austral,649474X,419878,APROBADO
Pepe Perro Audaz,101349X,460555,APROBADO
Sacha Leon Gigante,681372X,481566,APROBADO
Sacha Zorro Audaz,764687X,557679,APROBADO
Pepe Nutria Gigante,279783X,579428,APROBADO
Sacha Ballena Veloz,678791X,814414,APROBADO
Pepe Condor Gigante,303699X,189515,APROBADO
Lucho Ballena Austral,818061X,342358,APROBADO
Sacha Perro Rojo,796180X,628368,APROBADO
Sacha Puma Audaz,791681X,555074,APROBADO
Francisco Leon Rojo,776302X,444973,APROBADO
Sacha Zorro Veloz,936600X,32840,APROBADO
Maria Leon Sigiloso,236356X,642820,APROBADO
Juan Zorro Gigante,805679X,646695,APROBADO
Pancha Gato Audaz,806975X,615967,RECHAZADO (Riesgo Salud/Financiero)
Francisco Ballena Rojo,739737X,730850,APROBADO
Lucho Nutria Noble,479843X,64785,APROBADO
Pancha Huemul Austral,865810X,67960,APROBADO
Coty Huemul Audaz,126924X,704667,RECHAZADO (Riesgo Salud/Financiero)
Sacha Zorro Noble,174518X,862070,APROBADO
Francisco Perro Audaz,334439X,369622,APROBADO
Sacha Puma Audaz,15779X,155424,APROBADO
Matias Leon Veloz,686033X,678017,APROBADO
Coty Ballena Veloz,233702X,760612,APROBADO
Juan Leon Veloz,549877X,507866,APROBADO
Pepe Perro Audaz,419683X,94359,APROBADO
Matias Huemul Audaz,472358X,266146,APROBADO
Coty Ballena Austral,467207X,832962,APROBADO
Pancha Gato Veloz,484282X,345728,APROBADO
Francisco Ballena Sigiloso,730220X,656959,APROBADO
Maria Puma Noble,988704X,438671,RECHAZADO (Riesgo Salud/Financiero)
Coty Leon Gigante,58869X,469344,APROBADO
Pepe Leon Austral,346549X,219241,APROBADO
Matias Gato Noble,489821X,608634,APROBADO
Juan Ballena Sigiloso,49474X,300599,APROBADO
Maria Zorro Austral,218373X,734779,APROBADO
Juan Ballena Veloz,355990X,895957,APROBADO
Lucho Leon Gigante,489237X,280717,APROBADO
Maria Huemul Audaz,557506X,201569,APROBADO
Lucho Puma Salvage,926855X,546843,APROBADO
Sacha Zorro Noble,369540X,545036,APROBADO
Sacha Leon Rojo,224985X,632710,APROBADO
Lucho Condor Audaz,588805X,774656,RECHAZADO (Riesgo Salud/Financiero)
Juan Huemul Salvage,838059X,505780,APROBADO
Pepe Nutria Austral,601346X,144362,APROBADO
Pancha Ballena Rojo,477329X,399315,APROBADO
Francisco Condor Audaz,882554X,295437,RECHAZADO (Riesgo Salud/Financiero)
Pepe Condor Audaz,557261X,22746,RECHAZADO (Riesgo Salud/Financiero)
Juan Condor Gigante,280150X,250553,APROBADO
Maria Huemul Audaz,915437X,333826,APROBADO
Francisco Nutria Sigiloso,297968X,47007,APROBADO
Juan Perro Gigante,453589X,767665,APROBADO
Sacha Nutria Gigante,674408X,209521,APROBADO
Juan Huemul Audaz,871196X,302198,APROBADO
Maria Leon Noble,727294X,769316,APROBADO
Sacha Zorro Noble,79038X,441040,APROBADO
Maria Nutria Salvage,350737X,256877,APROBADO
Pancha Zorro Noble,267315X,696739,APROBADO
Juan Perro Rojo,136068X,695342,RECHAZADO (Riesgo Salud/Financiero)
Pancha Perro Sigiloso,618512X,86274,APROBADO
Pepe Puma Gigante,755435X,479720,APROBADO
Pancha Perro Sigiloso,714546X,545598,RECHAZADO (Riesgo Salud/Financiero)
Francisco Nutria Gigante,672847X,630650,APROBADO
Juan Zorro Veloz,376206X,640749,APROBADO
Sacha Gato Rojo,754559X,690925,APROBADO
Lucho Huemul Sigiloso,861437X,660866,APROBADO
Maria Puma Austral,459696X,28254,APROBADO
Matias Nutria Veloz,343904X,134814,APROBADO
Pancha Leon Veloz,908756X,37283,APROBADO
Francisco Zorro Sigiloso,903563X,159097,RECHAZADO (Riesgo Salud/Financiero)
Pancha Leon Salvage,49579X,487750,APROBADO
Francisco Nutria Audaz,978703X,330720,APROBADO
Lucho Condor Audaz,43824X,889680,RECHAZADO (Riesgo Salud/Financiero)
Maria Leon Audaz,670441X,378457,APROBADO
Matias Condor Noble,558127X,88241,APROBADO
Maria Ballena Sigiloso,601983X,405340,RECHAZADO (Riesgo Salud/Financiero)
Pepe Condor Salvage,102212X,755024,APROBADO
Sacha Leon Noble,144038X,312439,APROBADO
Coty Zorro Audaz,537879X,724582,APROBADO
Maria Leon Rojo,981653X,186781,APROBADO
Francisco Ballena Sigiloso,878754X,27463,APROBADO
Coty Leon Rojo,517554X,770515,RECHAZADO (Riesgo Salud/Financiero)
Sacha Puma Audaz,834882X,618894,APROBADO
Lucho Condor Rojo,647765X,556620,APROBADO
Matias Zorro Sigiloso,117275X,243597,APROBADO
Maria Leon Rojo,394120X,604056,APROBADO
Sacha Nutria Audaz,139725X,110504,APROBADO
Sacha Huemul Rojo,235868X,108159,APROBADO
Sacha Gato Audaz,821156X,296352,APROBADO
Lucho Zorro Sigiloso,526314X,80341,APROBADO
Pepe Puma Audaz,938494X,225284,APROBADO
Pancha Leon Salvage,971030X,377600,APROBADO
Pancha Leon Salvage,564585X,367146,APROBADO
Maria Gato Salvage,55910X,705728,APROBADO
Matias Huemul Rojo,713733X,283380,APROBADO
Coty Leon Austral,955723X,142636,APROBADO
Lucho Gato Sigiloso,417665X,299197,APROBADO
Lucho Leon Salvage,479416X,643324,RECHAZADO (Riesgo Salud/Financiero)
Maria Huemul Veloz,763427X,625600,APROBADO
Pancha Gato Audaz,250143X,587856,APROBADO
Maria Ballena Noble,147364X,438635,APROBADO
Sacha Gato Austral,253894X,381831,APROBADO
Coty Gato Noble,233727X,833126,APROBADO
Francisco Ballena Noble,742523X,522195,RECHAZADO (Riesgo Salud/Financiero)
Maria Nutria Veloz,957569X,325849,APROBADO
Pepe Gato Sigiloso,933363X,567593,APROBADO
Sacha Huemul Sigiloso,72737X,267664,APROBADO
Coty Puma Sigiloso,893170X,50148,APROBADO
Maria Leon Salvage,91175X,71443,APROBADO
Pepe Condor Veloz,138140X,557265,APROBADO
Matias Zorro Veloz,613743X,528843,APROBADO
Sacha Ballena Austral,178267X,598004,RECHAZADO (Riesgo Salud/Financiero)
Francisco Gato Gigante,999599X,236691,APROBADO
Matias Gato Salvage,60698X,43306,APROBADO
Matias Huemul Audaz,166695X,790624,APROBADO
Maria Zorro Rojo,276304X,424998,APROBADO
Pancha Leon Veloz,77392X,571654,APROBADO
Coty Nutria Gigante,588383X,291253,APROBADO
Francisco Huemul Austral,192498X,490955,APROBADO
Matias Leon Audaz,613731X,575820,APROBADO
Maria Condor Austral,789978X,834959,APROBADO
Coty Leon Salvage,949833X,289391,APROBADO
Lucho Gato Audaz,936243X,138165,APROBADO
Matias Nutria Audaz,110966X,807208,APROBADO
Matias Condor Sigiloso,248448X,794097,APROBADO
Pepe Perro Veloz,760876X,209839,APROBADO
Pepe Nutria Austral,492666X,184201,APROBADO
Pepe Nutria Noble,361619X,165961,APROBADO
Francisco Zorro Sigiloso,714822X,781768,RECHAZADO (Riesgo Salud/Financiero)
Juan Perro Rojo,317075X,815877,APROBADO
Coty Condor Audaz,306566X,239747,APROBADO
Juan Condor Salvage,404937X,392955,APROBADO
Juan Perro Sigiloso,273789X,743386,APROBADO
Sacha Huemul Gigante,519476X,522726,APROBADO
Francisco Gato Veloz,166805X,28390,RECHAZADO (Riesgo Salud/Financiero)
Maria Puma Veloz,751647X,76965,RECHAZADO (Riesgo Salud/Financiero)
Coty Ballena Noble,853686X,111826,APROBADO
Juan Zorro Austral,880856X,135829,APROBADO
Matias Leon Veloz,213847X,730848,APROBADO
Sacha Zorro Sigiloso,221878X,316103,APROBADO
Francisco Ballena Gigante,748778X,781274,RECHAZADO (Riesgo Salud/Financiero)
Francisco Nutria Austral,861405X,42550,RECHAZADO (Riesgo Salud/Financiero)
Maria Ballena Sigiloso,677713X,111305,RECHAZADO (Riesgo Salud/Financiero)
Maria Ballena Noble,235436X,151312,APROBADO
Pancha Huemul Sigiloso,220646X,260288,APROBADO
Francisco Puma Audaz,792251X,731453,RECHAZADO (Riesgo Salud/Financiero)
Pancha Perro Austral,258871X,393515,APROBADO
Pepe Leon Audaz,342858X,458473,APROBADO
Pancha Zorro Sigiloso,364003X,537686,APROBADO
Pancha Puma Rojo,684263X,204214,RECHAZADO (Riesgo Salud/Financiero)
Juan Gato Gigante,788214X,78579,APROBADO
Pepe Ballena Veloz,566742X,363593,APROBADO
Francisco Leon Audaz,803305X,357525,APROBADO
Sacha Condor Austral,389622X,229779,RECHAZADO (Riesgo Salud/Financiero)
Lucho Condor Rojo,760744X,828789,APROBADO
Coty Nutria Gigante,150892X,336004,RECHAZADO (Riesgo Salud/Financiero)
Pancha Nutria Veloz,899127X,346077,APROBADO
Sacha Zorro Gigante,541436X,418706,APROBADO
Juan Puma Sigiloso,782373X,619005,APROBADO
Sacha Puma Rojo,637817X,224755,APROBADO
Matias Condor Rojo,625190X,255903,APROBADO
Maria Ballena Audaz,127860X,83670,APROBADO
Matias Zorro Austral,343661X,758322,APROBADO
Matias Perro Rojo,527899X,307045,APROBADO
Sacha Perro Salvage,702306X,203533,APROBADO
Pancha Huemul Audaz,21007X,16627,RECHAZADO (Riesgo Salud/Financiero)
Pepe Zorro Audaz,514954X,755255,RECHAZADO (Riesgo Salud/Financiero)
Matias Nutria Veloz,248316X,72256,RECHAZADO (Riesgo Salud/Financiero)
Maria Gato Veloz,222927X,178833,RECHAZADO (Riesgo Salud/Financiero)
Coty Huemul Sigiloso,755531X,409483,RECHAZADO (Riesgo Salud/Financiero)
Coty Huemul Noble,8339X,891508,RECHAZADO (Riesgo Salud/Financiero)
Sacha Ballena Audaz,328974X,468872,APROBADO
Juan Leon Rojo,509991X,564963,APROBADO
Pancha Puma Salvage,657147X,373478,APROBADO
Francisco Gato Noble,318987X,478987,APROBADO
Pancha Condor Salvage,587186X,880487,RECHAZADO (Riesgo Salud/Financiero)
Coty Condor Veloz,182825X,450279,APROBADO
Sacha Nutria Rojo,766892X,671271,APROBADO
Coty Condor Sigiloso,606785X,249375,RECHAZADO (Riesgo Salud/Financiero)
Maria Puma Noble,927568X,227374,APROBADO
Francisco Leon Rojo,957779X,438727,APROBADO
Sacha Zorro Rojo,810727X,412113,APROBADO
Coty Zorro Gigante,195569X,105746,APROBADO
Lucho Gato Austral,395039X,617916,APROBADO
Pepe Zorro Noble,645246X,662346,APROBADO
Lucho Puma Gigante,463604X,322087,APROBADO
Juan Ballena Salvage,973457X,626457,RECHAZADO (Riesgo Salud/Financiero)
Pepe Perro Salvage,750339X,858980,APROBADO
Pancha Leon Veloz,330275X,790876,APROBADO
Maria Puma Salvage,624679X,728234,APROBADO
Maria Condor Salvage,502409X,337165,APROBADO
Sacha Gato Sigiloso,249030X,397077,APROBADO
Pancha Nutria Audaz,738246X,469510,APROBADO
Pepe Puma Noble,867514X,330905,APROBADO
Pancha Perro Veloz,42467X,445357,APROBADO
Pancha Zorro Salvage,678367X,226330,RECHAZADO (Riesgo Salud/Financiero)
Juan Ballena Noble,112943X,861464,APROBADO
Pepe Perro Rojo,572098X,496065,APROBADO
Juan Condor Rojo,947669X,850294,APROBADO
Francisco Condor Gigante,459011X,697259,APROBADO
Matias Condor Sigiloso,668704X,255014,APROBADO
Matias Ballena Rojo,916417X,713743,APROBADO
Pancha Ballena Noble,457920X,805583,APROBADO
Coty Zorro Sigiloso,771763X,30034,APROBADO
Maria Zorro Gigante,58088X,234690,APROBADO
Lucho Perro Audaz,258381X,124182,APROBADO
Coty Gato Sigiloso,305697X,830146,APROBADO
Coty Perro Noble,337224X,366846,APROBADO
Sacha Puma Veloz,365806X,380334,RECHAZADO (Riesgo Salud/Financiero)
Juan Huemul Veloz,982552X,775082,APROBADO
Matias Gato Noble,590859X,619755,APROBADO
Juan Ballena Salvage,665150X,649460,RECHAZADO (Riesgo Salud/Financiero)
Pancha Leon Rojo,422957X,736929,APROBADO
Pancha Perro Audaz,557124X,478592,RECHAZADO (Riesgo Salud/Financiero)
Maria Nutria Gigante,699885X,217652,APROBADO
Maria Huemul Rojo,554451X,194038,APROBADO
Sacha Gato Rojo,361518X,289841,APROBADO
Coty Huemul Rojo,868638X,112972,APROBADO
Francisco Gato Veloz,730579X,243157,APROBADO
Francisco Condor Sigiloso,153907X,478311,APROBADO
Maria Huemul Audaz,664641X,164744,APROBADO
Francisco Ballena Sigiloso,14672X,128524,APROBADO
Sacha Zorro Gigante,254568X,124179,APROBADO
Juan Zorro Audaz,98831X,58217,APROBADO
Maria Huemul Veloz,31773X,627993,RECHAZADO (Riesgo Salud/Financiero)
Juan Condor Noble,559926X,899895,APROBADO
Matias Nutria Salvage,440380X,783475,APROBADO
Pancha Perro Noble,253959X,138666,RECHAZADO (Riesgo Salud/Financiero)
Juan Condor Salvage,52904X,620310,RECHAZADO (Riesgo Salud/Financiero)
Matias Leon Noble,715404X,543880,RECHAZADO (Riesgo Salud/Financiero)
Juan Zorro Noble,724564X,26653,APROBADO
Francisco Nutria Veloz,578981X,301088,APROBADO
Lucho Huemul Gigante,256514X,515888,APROBADO
Lucho Gato Veloz,408852X,120294,RECHAZADO (Riesgo Salud/Financiero)
Coty Leon Austral,824374X,124533,APROBADO
Lucho Perro Austral,991505X,167459,APROBADO
Juan Nutria Sigiloso,640529X,571704,APROBADO
Lucho Condor Noble,460696X,832602,APROBADO
Maria Zorro Austral,277670X,776719,APROBADO
Maria Zorro Audaz,406390X,83949,APROBADO
Coty Zorro Austral,434950X,810170,APROBADO
Maria Perro Sigiloso,624238X,327245,APROBADO
Juan Zorro Austral,554995X,207492,APROBADO
Coty Perro Sigiloso,164116X,207264,APROBADO
Sacha Nutria Audaz,558361X,899632,APROBADO
Sacha Leon Rojo,804264X,544792,RECHAZADO (Riesgo Salud/Financiero)
Juan Perro Rojo,947034X,355067,APROBADO
Sacha Leon Sigiloso,864109X,213518,APROBADO
Lucho Zorro Austral,144466X,827501,APROBADO
Pancha Gato Veloz,767557X,105189,APROBADO
Maria Huemul Rojo,179233X,877723,APROBADO
Sacha Condor Audaz,199611X,115040,APROBADO
Juan Gato Rojo,451054X,892622,APROBADO
Lucho Leon Gigante,168832X,346781,APROBADO
Sacha Huemul Gigante,417755X,837820,APROBADO
Pancha Ballena Audaz,937089X,815245,RECHAZADO (Riesgo Salud/Financiero)
Lucho Ballena Audaz,910336X,861464,RECHAZADO (Riesgo Salud/Financiero)
Matias Leon Veloz,851141X,30473,APROBADO
Coty Puma Austral,355056X,561496,APROBADO
Maria Zorro Salvage,887189X,542879,APROBADO
Pancha Leon Noble,581783X,199215,APROBADO
Pancha Zorro Sigiloso,520850X,43492,RECHAZADO (Riesgo Salud/Financiero)
Maria Leon Austral,601287X,256752,APROBADO
Pancha Puma Salvage,590106X,48743,RECHAZADO (Riesgo Salud/Financiero)
Sacha Huemul Audaz,888743X,843640,RECHAZADO (Riesgo Salud/Financiero)
Lucho Nutria Noble,457340X,172855,APROBADO
Pepe Condor Austral,996069X,471702,RECHAZADO (Riesgo Salud/Financiero)
Pepe Puma Rojo,219642X,742204,APROBADO
Lucho Nutria Veloz,305074X,107310,APROBADO
Maria Condor Sigiloso,746855X,525060,APROBADO
Maria Gato Sigiloso,906443X,311549,APROBADO
Sacha Nutria Salvage,685534X,729121,APROBADO
Maria Ballena Veloz,666409X,759040,RECHAZADO (Riesgo Salud/Financiero)
Pancha Puma Salvage,465241X,427172,APROBADO
Matias Gato Noble,914744X,189950,APROBADO
Sacha Gato Salvage,70325X,798399,APROBADO
Maria Gato Rojo,620488X,699249,APROBADO
Sacha Gato Gigante,486198X,387151,APROBADO
Coty Leon Sigiloso,425953X,583961,APROBADO
Sacha Puma Sigiloso,115739X,361579,RECHAZADO (Riesgo Salud/Financiero)
Pepe Puma Audaz,677434X,428092,APROBADO
Lucho Leon Gigante,995107X,384561,APROBADO
Lucho Zorro Gigante,934526X,534021,APROBADO
Maria Puma Gigante,518386X,499141,APROBADO
Matias Leon Sigiloso,317544X,335768,APROBADO
Coty Zorro Noble,452874X,399943,APROBADO
Maria Nutria Rojo,900449X,684086,APROBADO
Matias Ballena Gigante,995124X,134970,APROBADO
Juan Leon Noble,974500X,490394,APROBADO
Maria Nutria Sigiloso,384642X,120818,APROBADO
Lucho Zorro Gigante,420566X,888497,RECHAZADO (Riesgo Salud/Financiero)
Sacha Nutria Noble,103676X,71086,APROBADO
Sacha Ballena Rojo,259565X,390801,APROBADO
Sacha Leon Noble,3482X,394037,APROBADO
Francisco Condor Veloz,237487X,287518,APROBADO
Francisco Nutria Sigiloso,890333X,833760,APROBADO
Juan Gato Audaz,584781X,51227,RECHAZADO (Riesgo Salud/Financiero)
Pancha Zorro Rojo,998465X,76484,RECHAZADO (Riesgo Salud/Financiero)
Pepe Zorro Sigiloso,43481X,566834,APROBADO
Matias Leon Veloz,290675X,559082,APROBADO
Pepe Zorro Rojo,828444X,671878,APROBADO
Sacha Zorro Salvage,988577X,807727,APROBADO
Pancha Perro Audaz,386910X,520453,APROBADO
Pepe Gato Austral,14028X,634990,APROBADO
Matias Huemul Sigiloso,638290X,824925,APROBADO
Matias Huemul Veloz,192285X,736102,APROBADO
Pepe Huemul Audaz,227148X,353491,APROBADO
Lucho Condor Noble,545407X,393925,APROBADO
Maria Zorro Salvage,163152X,886113,APROBADO
Lucho Leon Salvage,359217X,207487,APROBADO
Sacha Gato Veloz,668147X,447157,APROBADO
Maria Ballena Audaz,578444X,551900,APROBADO
Coty Nutria Austral,72671X,608438,APROBADO
Pepe Perro Gigante,804466X,59701,APROBADO
Maria Huemul Rojo,88033X,816973,RECHAZADO (Riesgo Salud/Financiero)
Pancha Zorro Gigante,746931X,339927,APROBADO
Sacha Leon Salvage,591738X,505947,APROBADO
Sacha Leon Veloz,344667X,670250,RECHAZADO (Riesgo Salud/Financiero)
Pancha Gato Sigiloso,597990X,827119,APROBADO
Coty Nutria Gigante,235355X,843404,APROBADO
Sacha Zorro Noble,51975X,175202,APROBADO
Matias Leon Noble,880505X,238450,APROBADO
Matias Condor Austral,306278X,398260,APROBADO
Sacha Ballena Austral,404408X,250033,APROBADO
Francisco Perro Sigiloso,732245X,78295,APROBADO
Pancha Zorro Austral,257855X,709084,APROBADO
Maria Gato Audaz,574175X,686816,APROBADO
Francisco Gato Audaz,723683X,323257,APROBADO
Sacha Condor Veloz,836446X,188278,APROBADO
Pancha Gato Salvage,814020X,117172,RECHAZADO (Riesgo Salud/Financiero)
Juan Condor Veloz,272413X,228227,APROBADO
Maria Huemul Gigante,468851X,808581,APROBADO
Pepe Leon Gigante,942879X,277343,APROBADO
Maria Gato Noble,946574X,650168,APROBADO
Lucho Leon Austral,711404X,798682,RECHAZADO (Riesgo Salud/Financiero)
Maria Ballena Austral,120879X,289757,APROBADO
Coty Perro Sigiloso,257611X,432635,RECHAZADO (Riesgo Salud/Financiero)
Matias Gato Veloz,839558X,244651,APROBADO
Juan Nutria Audaz,411621X,220354,APROBADO
Juan Perro Audaz,957991X,376164,RECHAZADO (Riesgo Salud/Financiero)
Juan Zorro Austral,475534X,593134,APROBADO
Maria Huemul Austral,898759X,394072,RECHAZADO (Riesgo Salud/Financiero)
Sacha Leon Gigante,695575X,180489,APROBADO
Lucho Condor Rojo,774699X,769215,APROBADO
Lucho Leon Salvage,200555X,429157,APROBADO
Francisco Leon Sigiloso,611820X,852026,APROBADO
Francisco Perro Austral,695173X,36422,RECHAZADO (Riesgo Salud/Financiero)
Pancha Zorro Noble,128647X,431608,APROBADO
Pancha Nutria Audaz,521808X,629268,APROBADO
Francisco Leon Austral,266404X,655959,APROBADO
Juan Condor Rojo,480823X,870990,APROBADO
Pancha Ballena Noble,306944X,883515,APROBADO
Maria Ballena Sigiloso,980688X,322234,APROBADO
Pepe Huemul Gigante,330372X,420545,RECHAZADO (Riesgo Salud/Financiero)
Francisco Leon Audaz,603161X,711367,RECHAZADO (Riesgo Salud/Financiero)
Sacha Huemul Austral,140693X,360185,RECHAZADO (Riesgo Salud/Financiero)
Pancha Puma Audaz,874513X,57755,APROBADO
Pancha Zorro Salvage,455248X,843623,APROBADO
Maria Perro Rojo,199536X,437638,APROBADO
Francisco Condor Gigante,549431X,240944,RECHAZADO (Riesgo Salud/Financiero)
Pepe Nutria Audaz,564713X,655156,APROBADO
Matias Puma Sigiloso,260220X,546398,APROBADO
Lucho Ballena Gigante,423558X,140315,APROBADO
Lucho Ballena Sigiloso,215049X,867749,APROBADO
Coty Ballena Salvage,348456X,192075,APROBADO
Sacha Nutria Sigiloso,105013X,612670,APROBADO
Maria Nutria Gigante,952011X,890622,RECHAZADO (Riesgo Salud/Financiero)
Matias Gato Austral,655814X,144919,APROBADO
Lucho Puma Gigante,998114X,509793,APROBADO
Matias Perro Sigiloso,192001X,558994,APROBADO
Matias Condor Veloz,22844X,425991,APROBADO
Coty Zorro Sigiloso,847891X,117952,APROBADO
Pepe Nutria Veloz,993684X,191811,RECHAZADO (Riesgo Salud/Financiero)
Juan Zorro Salvage,547102X,851751,APROBADO
Francisco Nutria Gigante,860696X,248880,RECHAZADO (Riesgo Salud/Financiero)
Francisco Ballena Veloz,341207X,854482,APROBADO
Matias Gato Veloz,469980X,221426,APROBADO
Lucho Ballena Noble,66677X,664690,RECHAZADO (Riesgo Salud/Financiero)
Sacha Leon Audaz,722024X,585150,APROBADO
Lucho Ballena Austral,662376X,831198,RECHAZADO (Riesgo Salud/Financiero)
Francisco Ballena Noble,520376X,570891,APROBADO
Juan Condor Noble,881859X,211995,APROBADO
Maria Nutria Rojo,230902X,344752,RECHAZADO (Riesgo Salud/Financiero)
Coty Nutria Noble,89267X,253713,APROBADO
Maria Gato Audaz,236695X,509645,APROBADO
Juan Nutria Austral,324541X,131318,RECHAZADO (Riesgo Salud/Financiero)
Matias Nutria Audaz,686455X,256431,APROBADO
Pancha Zorro Salvage,536287X,381065,APROBADO
Juan Leon Rojo,362879X,463446,APROBADO
Lucho Puma Noble,285564X,53558,APROBADO
Lucho Condor Gigante,747863X,178474,APROBADO
Coty Ballena Veloz,18307X,604912,RECHAZADO (Riesgo Salud/Financiero)
Sacha Condor Gigante,210138X,880497,APROBADO
Maria Condor Audaz,875466X,873606,APROBADO
Lucho Condor Gigante,796500X,501630,APROBADO
Sacha Puma Gigante,489759X,173543,RECHAZADO (Riesgo Salud/Financiero)
Sacha Puma Noble,872068X,401251,APROBADO
Pancha Nutria Salvage,890976X,379805,APROBADO
Pepe Gato Salvage,581502X,437426,RECHAZADO (Riesgo Salud/Financiero)
Matias Leon Gigante,272649X,661338,APROBADO
Francisco Huemul Sigiloso,232703X,466166,APROBADO
Matias Condor Veloz,200795X,827987,APROBADO
Coty Zorro Noble,778766X,780633,APROBADO
Coty Condor Salvage,883506X,495904,APROBADO
Maria Puma Sigiloso,15933X,590073,APROBADO
Maria Puma Veloz,194384X,477192,APROBADO
Pepe Ballena Veloz,399253X,397880,APROBADO
Coty Huemul Sigiloso,33720X,468088,RECHAZADO (Riesgo Salud/Financiero)
Francisco Puma Austral,361725X,599677,APROBADO
Coty Zorro Gigante,467103X,188080,APROBADO
Pancha Perro Gigante,505428X,896305,APROBADO
Pancha Perro Rojo,925009X,171252,APROBADO
Francisco Ballena Austral,166874X,721940,RECHAZADO (Riesgo Salud/Financiero)
Sacha Ballena Salvage,714948X,410826,APROBADO
Lucho Zorro Austral,976068X,236294,APROBADO
Maria Condor Austral,536900X,740254,APROBADO
Matias Ballena Austral,94965X,320366,APROBADO
Sacha Huemul Sigiloso,31890X,15446,APROBADO
Sacha Zorro Veloz,97535X,389525,APROBADO
Coty Puma Rojo,614419X,471801,APROBADO
Maria Gato Audaz,577424X,700877,APROBADO
Francisco Puma Rojo,593653X,342039,APROBADO
Juan Condor Gigante,491843X,736013,APROBADO
Francisco Puma Rojo,107614X,293701,APROBADO
Pancha Nutria Veloz,569346X,125104,APROBADO
Coty Nutria Veloz,130827X,654389,APROBADO
Matias Leon Sigiloso,698541X,599982,RECHAZADO (Riesgo Salud/Financiero)
Francisco Perro Rojo,466381X,708432,APROBADO
Francisco Perro Rojo,73780X,351916,APROBADO
Coty Puma Veloz,123436X,802770,APROBADO
Juan Ballena Noble,260613X,678406,APROBADO
Matias Puma Gigante,647161X,91399,RECHAZADO (Riesgo Salud/Financiero)
Lucho Ballena Gigante,426663X,72792,APROBADO
Sacha Zorro Noble,228140X,166477,APROBADO
Sacha Gato Rojo,672806X,271835,APROBADO
Lucho Gato Noble,564766X,757732,APROBADO
Lucho Puma Austral,166846X,78335,APROBADO
Matias Huemul Gigante,669887X,540752,RECHAZADO (Riesgo Salud/Financiero)
Pepe Ballena Salvage,477966X,260470,APROBADO
Pancha Huemul Gigante,399520X,415306,APROBADO
Pancha Gato Veloz,766995X,562764,APROBADO
Matias Leon Noble,482264X,570269,APROBADO
Pepe Huemul Austral,3645X,72797,APROBADO
Matias Nutria Gigante,72746X,599472,RECHAZADO (Riesgo Salud/Financiero)
Sacha Condor Gigante,322908X,565462,APROBADO
Maria Gato Sigiloso,688722X,801189,RECHAZADO (Riesgo Salud/Financiero)
Pepe Perro Noble,714131X,586966,APROBADO
Matias Perro Noble,584366X,379257,APROBADO
Coty Nutria Austral,827428X,257026,APROBADO
Francisco Puma Noble,237958X,615533,APROBADO
Francisco Huemul Salvage,15808X,573336,APROBADO
Pancha Nutria Rojo,21770X,141519,APROBADO
Juan Nutria Veloz,352880X,453704,APROBADO
Juan Leon Veloz,753728X,71416,APROBADO
Sacha Condor Veloz,455715X,81635,APROBADO
Maria Gato Rojo,29637X,104672,RECHAZADO (Riesgo Salud/Financiero)
Pepe Puma Sigiloso,325705X,36814,APROBADO
Pancha Puma Veloz,531548X,588222,APROBADO
Coty Gato Audaz,771531X,364077,APROBADO
Juan Leon Veloz,19995X,821140,APROBADO
Juan Zorro Sigiloso,600437X,116913,APROBADO
Sacha Zorro Austral,168949X,524235,APROBADO
Pancha Perro Sigiloso,562794X,372208,RECHAZADO (Riesgo Salud/Financiero)
Lucho Ballena Salvage,717979X,606911,APROBADO
Maria Gato Audaz,163992X,276544,APROBADO
Juan Puma Noble,556524X,854551,APROBADO
Lucho Leon Sigiloso,103620X,762715,APROBADO
Lucho Huemul Audaz,27710X,430057,APROBADO
Sacha Nutria Noble,77368X,251544,APROBADO
Sacha Condor Salvage,490041X,592273,APROBADO
Sacha Condor Veloz,567999X,670366,APROBADO
Juan Gato Salvage,131314X,790971,APROBADO
Lucho Puma Audaz,870839X,283161,APROBADO
Maria Zorro Veloz,950289X,414875,APROBADO
Francisco Ballena Veloz,121686X,564230,APROBADO
Francisco Huemul Salvage,689652X,59739,RECHAZADO (Riesgo Salud/Financiero)
Lucho Puma Rojo,214489X,484256,APROBADO
Lucho Leon Audaz,96828X,145050,APROBADO
Francisco Ballena Salvage,688446X,823003,APROBADO
Francisco Leon Rojo,770397X,182382,APROBADO
Francisco Ballena Gigante,200263X,844054,APROBADO
Francisco Huemul Rojo,624316X,685066,APROBADO
Coty Zorro Rojo,34299X,315085,APROBADO
Lucho Perro Sigiloso,157353X,883623,APROBADO
Pancha Puma Salvage,537349X,164340,RECHAZADO (Riesgo Salud/Financiero)
Maria Perro Gigante,503157X,748020,APROBADO
Coty Leon Audaz,719998X,233341,RECHAZADO (Riesgo Salud/Financiero)
Pancha Zorro Audaz,671139X,409265,APROBADO
Matias Nutria Salvage,279598X,539051,APROBADO
Juan Zorro Audaz,574801X,433962,APROBADO
Maria Huemul Gigante,430305X,774000,APROBADO
Juan Puma Rojo,642543X,224081,RECHAZADO (Riesgo Salud/Financiero)
Matias Condor Sigiloso,555126X,235441,RECHAZADO (Riesgo Salud/Financiero)
Francisco Ballena Gigante,702798X,542282,RECHAZADO (Riesgo Salud/Financiero)
Sacha Condor Sigiloso,883801X,22656,APROBADO
Pepe Huemul Audaz,753230X,117389,APROBADO
Francisco Condor Gigante,427298X,439503,APROBADO
Pepe Perro Veloz,235009X,330911,APROBADO
Matias Leon Audaz,197653X,75144,APROBADO
Maria Leon Rojo,282100X,437332,APROBADO
Maria Huemul Salvage,382761X,563633,APROBADO
Coty Zorro Audaz,70670X,451193,APROBADO
Pancha Zorro Sigiloso,125227X,750533,APROBADO
Francisco Condor Rojo,998919X,380144,APROBADO
Francisco Leon Gigante,372186X,882343,APROBADO
Francisco Leon Noble,997087X,570884,APROBADO
Pancha Gato Veloz,335207X,454439,APROBADO
Matias Perro Sigiloso,548308X,16949,RECHAZADO (Riesgo Salud/Financiero)
Matias Condor Rojo,28027X,200088,APROBADO
Juan Condor Veloz,67999X,818104,APROBADO
Matias Condor Salvage,88375X,17720,APROBADO
Matias Perro Salvage,186928X,560506,APROBADO
Sacha Nutria Rojo,80545X,205850,APROBADO
Matias Puma Audaz,586603X,314917,APROBADO
Pancha Perro Veloz,275611X,456539,APROBADO
Coty Leon Salvage,802568X,79535,APROBADO
Francisco Perro Noble,479515X,553442,APROBADO
Matias Perro Gigante,286454X,44220,RECHAZADO (Riesgo Salud/Financiero)
Juan Puma Veloz,912699X,19585,APROBADO
Pancha Nutria Austral,602858X,249228,APROBADO
Pepe Condor Audaz,261822X,269159,APROBADO
Pepe Condor Austral,999257X,786388,APROBADO
Maria Puma Austral,589992X,302640,APROBADO
Matias Puma Gigante,323556X,415242,APROBADO
Sacha Gato Austral,624343X,821226,RECHAZADO (Riesgo Salud/Financiero)
Lucho Zorro Audaz,735896X,665419,APROBADO
Francisco Perro Austral,83777X,692192,APROBADO
Pancha Zorro Salvage,837822X,461343,APROBADO
Lucho Perro Salvage,333736X,385498,RECHAZADO (Riesgo Salud/Financiero)
Lucho Condor Rojo,796170X,416529,APROBADO
Pancha Leon Noble,861229X,425599,RECHAZADO (Riesgo Salud/Financiero)
Juan Ballena Gigante,786248X,191404,APROBADO
Francisco Perro Veloz,90758X,552232,APROBADO
Francisco Condor Sigiloso,718689X,271677,APROBADO
Maria Huemul Rojo,572659X,573846,RECHAZADO (Riesgo Salud/Financiero)
Coty Gato Gigante,512089X,748612,RECHAZADO (Riesgo Salud/Financiero)
Pepe Ballena Noble,998481X,533200,APROBADO
Maria Nutria Gigante,720502X,894885,RECHAZADO (Riesgo Salud/Financiero)
Maria Puma Audaz,281802X,772496,RECHAZADO (Riesgo Salud/Financiero)
Maria Perro Austral,610011X,856726,RECHAZADO (Riesgo Salud/Financiero)
Pepe Gato Sigiloso,463157X,282675,APROBADO
Maria Huemul Gigante,707877X,171819,RECHAZADO (Riesgo Salud/Financiero)
Lucho Huemul Audaz,591506X,542769,RECHAZADO (Riesgo Salud/Financiero)
Pancha Puma Sigiloso,917320X,791741,APROBADO
Francisco Nutria Rojo,134217X,96244,APROBADO
Maria Condor Veloz,718601X,478712,APROBADO
Sacha Gato Salvage,88777X,383810,APROBADO
Pepe Leon Noble,426896X,794804,APROBADO
Sacha Ballena Sigiloso,95139X,523789,APROBADO
Pancha Leon Veloz,21034X,393085,APROBADO
Coty Perro Salvage,172727X,105647,APROBADO
Juan Perro Veloz,632337X,315939,APROBADO
Sacha Zorro Austral,502301X,526368,RECHAZADO (Riesgo Salud/Financiero)
Pepe Nutria Gigante,167757X,351624,APROBADO
Matias Leon Austral,693885X,787674,APROBADO
Pepe Perro Rojo,258555X,327966,APROBADO
Lucho Huemul Audaz,55759X,195297,APROBADO
Coty Huemul Audaz,618448X,473674,APROBADO
Francisco Ballena Audaz,30994X,628040,APROBADO
Coty Leon Austral,953978X,797802,APROBADO
Sacha Zorro Gigante,180933X,184207,RECHAZADO (Riesgo Salud/Financiero)
Lucho Puma Sigiloso,735985X,362052,APROBADO
Juan Puma Veloz,644115X,743743,APROBADO
Pepe Huemul Noble,583349X,792987,APROBADO
Pepe Gato Rojo,271455X,218979,APROBADO
Coty Zorro Salvage,451714X,389808,APROBADO
Lucho Condor Salvage,284476X,436276,APROBADO
Pepe Huemul Sigiloso,393219X,245818,APROBADO
Pancha Puma Sigiloso,706502X,326671,APROBADO
Pancha Huemul Audaz,903555X,489754,APROBADO
Lucho Huemul Gigante,406415X,553226,APROBADO
Pepe Leon Rojo,379631X,428348,APROBADO
Matias Ballena Veloz,107236X,316580,APROBADO
Matias Huemul Audaz,311535X,499957,APROBADO
Coty Gato Audaz,382608X,735861,APROBADO
Pepe Huemul Gigante,592432X,851633,APROBADO
Lucho Ballena Rojo,529696X,437640,RECHAZADO (Riesgo Salud/Financiero)
Francisco Condor Veloz,589323X,835911,RECHAZADO (Riesgo Salud/Financiero)
Pepe Zorro Veloz,906143X,24934,APROBADO
Pepe Perro Austral,833937X,200136,APROBADO
Coty Perro Sigiloso,167237X,588724,APROBADO
Pancha Ballena Rojo,537258X,76159,APROBADO
Maria Perro Veloz,228362X,303158,APROBADO
Coty Condor Rojo,423064X,486079,APROBADO
Coty Huemul Veloz,424506X,392743,APROBADO
Maria Huemul Sigiloso,655969X,455407,RECHAZADO (Riesgo Salud/Financiero)
Pepe Perro Audaz,458667X,674439,APROBADO
Pepe Condor Gigante,923143X,857504,APROBADO
Pancha Gato Noble,688503X,517305,APROBADO
Pancha Gato Salvage,334486X,529666,APROBADO
Matias Perro Austral,964866X,671191,APROBADO
Sacha Nutria Austral,628165X,377548,APROBADO
Matias Ballena Noble,148025X,476178,APROBADO
Coty Nutria Noble,270373X,886069,APROBADO
Coty Huemul Gigante,123670X,736761,APROBADO
Maria Puma Gigante,14703X,855338,APROBADO
Pancha Gato Audaz,404112X,775579,APROBADO
Matias Puma Sigiloso,326124X,874981,APROBADO
Francisco Zorro Gigante,977077X,303083,APROBADO
Coty Huemul Noble,327494X,567837,APROBADO
Francisco Huemul Austral,688483X,331836,APROBADO
Pepe Puma Salvage,129965X,94444,APROBADO
Pancha Condor Sigiloso,117885X,446006,APROBADO
Pepe Condor Rojo,728563X,589151,APROBADO
Matias Condor Sigiloso,750620X,529198,RECHAZADO (Riesgo Salud/Financiero)
Coty Gato Audaz,68648X,832281,APROBADO
Coty Perro Sigiloso,413838X,579566,RECHAZADO (Riesgo Salud/Financiero)
Francisco Ballena Austral,302420X,670593,APROBADO
Pepe Perro Austral,258329X,42087,APROBADO
Juan Gato Audaz,925091X,212645,APROBADO
Sacha Gato Austral,531382X,42991,APROBADO
Pancha Ballena Sigiloso,787952X,622651,APROBADO
Coty Huemul Rojo,597806X,391965,RECHAZADO (Riesgo Salud/Financiero)
Coty Perro Rojo,743470X,665930,RECHAZADO (Riesgo Salud/Financiero)
Juan Perro Gigante,48545X,823101,APROBADO
Coty Leon Gigante,81039X,487978,APROBADO
Sacha Huemul Noble,146252X,40023,APROBADO
Juan Ballena Salvage,301648X,424047,APROBADO
Francisco Puma Audaz,532787X,222109,APROBADO
Maria Condor Sigiloso,469231X,184974,APROBADO
Sacha Ballena Veloz,52256X,587371,APROBADO
Lucho Leon Austral,617400X,257469,APROBADO
Juan Puma Audaz,552012X,389819,RECHAZADO (Riesgo Salud/Financiero)
Maria Nutria Gigante,697890X,395039,APROBADO
Lucho Huemul Sigiloso,83874X,285177,APROBADO
Pepe Huemul Austral,15003X,212234,APROBADO
Lucho Nutria Audaz,166590X,735072,APROBADO
Lucho Gato Noble,759486X,555374,APROBADO
Lucho Leon Austral,374858X,243828,RECHAZADO (Riesgo Salud/Financiero)
Pepe Gato Noble,103350X,334097,APROBADO
Coty Perro Rojo,912178X,588013,APROBADO
Maria Leon Noble,475274X,709647,RECHAZADO (Riesgo Salud/Financiero)
Matias Zorro Gigante,366255X,465370,APROBADO
Pancha Gato Audaz,569219X,718974,APROBADO
Sacha Perro Audaz,197992X,137817,APROBADO
Maria Puma Noble,524749X,319695,RECHAZADO (Riesgo Salud/Financiero)
Pepe Gato Austral,874583X,395365,APROBADO
Pepe Nutria Noble,48290X,529946,APROBADO
Juan Zorro Noble,837282X,865072,APROBADO
Lucho Nutria Audaz,403352X,397292,RECHAZADO (Riesgo Salud/Financiero)
Coty Zorro Rojo,399811X,183648,APROBADO
Pepe Gato Sigiloso,119751X,241975,APROBADO
Lucho Puma Noble,606093X,895982,APROBADO
Coty Puma Veloz,810647X,414046,APROBADO
Pancha Puma Sigiloso,537759X,886887,APROBADO
Lucho Perro Veloz,525500X,458581,APROBADO
Pepe Ballena Veloz,479125X,49947,APROBADO
Sacha Gato Salvage,613847X,568736,APROBADO
Lucho Condor Austral,183414X,48090,RECHAZADO (Riesgo Salud/Financiero)
Francisco Puma Sigiloso,295737X,509513,RECHAZADO (Riesgo Salud/Financiero)
Sacha Condor Sigiloso,111650X,345988,APROBADO
Juan Huemul Sigiloso,731100X,870032,APROBADO
Maria Leon Gigante,924112X,347259,APROBADO
Maria Zorro Noble,351448X,578780,APROBADO
Coty Zorro Salvage,225436X,76452,APROBADO
Francisco Condor Noble,272959X,542982,APROBADO
Francisco Huemul Veloz,352902X,169656,RECHAZADO (Riesgo Salud/Financiero)
Lucho Condor Austral,808947X,324748,APROBADO
Coty Perro Salvage,507300X,104771,APROBADO
Juan Gato Gigante,941033X,336577,APROBADO
Francisco Condor Austral,624432X,604560,APROBADO
Pepe Puma Sigiloso,821622X,733359,APROBADO
Matias Huemul Sigiloso,917118X,432496,APROBADO
Pancha Ballena Audaz,158625X,140090,APROBADO
Francisco Perro Audaz,339007X,565775,RECHAZADO (Riesgo Salud/Financiero)
Lucho Puma Noble,80959X,824392,RECHAZADO (Riesgo Salud/Financiero)
Lucho Condor Rojo,759668X,395126,APROBADO
Lucho Ballena Sigiloso,378115X,615026,APROBADO
Maria Condor Austral,394592X,864893,APROBADO
Lucho Puma Sigiloso,615003X,276028,RECHAZADO (Riesgo Salud/Financiero)
Sacha Huemul Noble,579597X,872839,RECHAZADO (Riesgo Salud/Financiero)
Pepe Leon Veloz,115446X,128001,RECHAZADO (Riesgo Salud/Financiero)
Pepe Puma Noble,183927X,574607,APROBADO
Francisco Puma Sigiloso,679807X,710346,APROBADO
Maria Leon Austral,531119X,133291,APROBADO
Sacha Leon Gigante,313277X,616875,APROBADO
Matias Huemul Veloz,548617X,185229,RECHAZADO (Riesgo Salud/Financiero)
Pepe Ballena Rojo,776360X,534649,APROBADO
Sacha Gato Audaz,508808X,480176,APROBADO
Juan Condor Audaz,787782X,206253,APROBADO
Matias Huemul Audaz,424022X,666348,APROBADO
Sacha Condor Noble,974495X,666096,APROBADO
Sacha Puma Salvage,775205X,789014,RECHAZADO (Riesgo Salud/Financiero)
Pepe Puma Rojo,516642X,785996,APROBADO
Coty Zorro Sigiloso,785642X,83378,RECHAZADO (Riesgo Salud/Financiero)
Sacha Zorro Noble,744570X,701722,APROBADO
Pancha Nutria Veloz,272019X,137563,RECHAZADO (Riesgo Salud/Financiero)
Sacha Zorro Audaz,511835X,832841,APROBADO
Lucho Leon Veloz,669937X,95980,APROBADO
Coty Huemul Audaz,456702X,76658,APROBADO
Francisco Ballena Rojo,433794X,286646,APROBADO
Juan Huemul Sigiloso,593482X,490485,APROBADO
Maria Puma Veloz,722484X,413893,RECHAZADO (Riesgo Salud/Financiero)
Coty Puma Noble,810060X,249886,APROBADO
Lucho Perro Noble,639275X,280356,APROBADO
Pancha Leon Gigante,331427X,601416,RECHAZADO (Riesgo Salud/Financiero)
Francisco Nutria Gigante,686552X,553691,RECHAZADO (Riesgo Salud/Financiero)
Pancha Puma Rojo,90704X,684312,APROBADO
Francisco Nutria Gigante,297596X,184069,APROBADO
Lucho Puma Salvage,832004X,664629,APROBADO
Francisco Gato Sigiloso,618356X,467553,APROBADO
Pancha Condor Noble,180048X,472387,RECHAZADO (Riesgo Salud/Financiero)
Maria Ballena Veloz,731078X,870034,APROBADO
Lucho Nutria Noble,588984X,288680,APROBADO
Francisco Huemul Sigiloso,766993X,885872,RECHAZADO (Riesgo Salud/Financiero)
Matias Leon Salvage,558696X,439700,APROBADO
Coty Puma Sigiloso,899658X,38926,APROBADO
Coty Nutria Austral,76844X,125278,APROBADO
Coty Puma Salvage,280563X,475443,APROBADO
Maria Condor Rojo,505748X,220348,APROBADO
Juan Puma Austral,861024X,616370,APROBADO
Francisco Gato Veloz,822529X,431559,APROBADO
Pepe Leon Audaz,630121X,88041,APROBADO
Matias Perro Rojo,940927X,453888,RECHAZADO (Riesgo Salud/Financiero)
Juan Nutria Austral,103702X,152229,APROBADO
Juan Huemul Austral,741598X,549448,APROBADO
Sacha Huemul Gigante,469378X,354200,APROBADO
Matias Leon Gigante,785252X,95770,RECHAZADO (Riesgo Salud/Financiero)
Matias Huemul Rojo,693312X,740116,APROBADO
Lucho Zorro Audaz,674587X,608710,APROBADO
Francisco Leon Rojo,632769X,37367,APROBADO
Pancha Puma Austral,686464X,493854,APROBADO
Francisco Nutria Sigiloso,595474X,446517,APROBADO
Pepe Gato Salvage,322053X,222154,RECHAZADO (Riesgo Salud/Financiero)
Maria Perro Sigiloso,811254X,843708,APROBADO
Maria Huemul Gigante,453202X,704232,APROBADO
Maria Ballena Audaz,180698X,271343,APROBADO
Francisco Nutria Audaz,428868X,742046,APROBADO
Matias Condor Noble,947981X,413384,APROBADO
Matias Gato Audaz,329421X,325639,RECHAZADO (Riesgo Salud/Financiero)
Lucho Nutria Gigante,88732X,549680,RECHAZADO (Riesgo Salud/Financiero)
Lucho Leon Gigante,641568X,437841,RECHAZADO (Riesgo Salud/Financiero)
Pancha Ballena Austral,648380X,291264,APROBADO
Francisco Nutria Gigante,741148X,248948,RECHAZADO (Riesgo Salud/Financiero)
Matias Zorro Noble,458076X,508134,APROBADO
Pancha Ballena Salvage,150234X,290053,APROBADO
Pepe Nutria Sigiloso,561495X,165400,APROBADO
Maria Puma Noble,85062X,803490,RECHAZADO (Riesgo Salud/Financiero)
Sacha Leon Veloz,806355X,711265,APROBADO
Sacha Leon Austral,961109X,792793,RECHAZADO (Riesgo Salud/Financiero)
Maria Nutria Sigiloso,780310X,632138,APROBADO
Juan Puma Austral,89829X,91568,APROBADO
Coty Condor Gigante,976582X,383932,RECHAZADO (Riesgo Salud/Financiero)
Pepe Nutria Austral,776384X,763075,APROBADO
Francisco Ballena Salvage,193298X,459828,APROBADO
Juan Zorro Sigiloso,997693X,485977,APROBADO
Francisco Puma Veloz,965265X,266124,APROBADO
Juan Nutria Salvage,740115X,758622,APROBADO
Pancha Leon Austral,62703X,897318,APROBADO
Pancha Zorro Veloz,114294X,697222,APROBADO
Matias Leon Sigiloso,902518X,256288,APROBADO
Francisco Gato Rojo,393718X,568836,APROBADO
Matias Gato Sigiloso,997917X,313440,RECHAZADO (Riesgo Salud/Financiero)
Francisco Gato Veloz,207957X,639756,APROBADO
Sacha Nutria Sigiloso,914154X,334947,APROBADO
Pancha Zorro Audaz,47882X,470527,APROBADO
Sacha Ballena Salvage,150462X,150877,APROBADO
Francisco Leon Austral,263844X,738830,APROBADO
Pepe Huemul Rojo,842223X,263961,APROBADO
Pepe Puma Sigiloso,155288X,760446,RECHAZADO (Riesgo Salud/Financiero)
Pancha Nutria Rojo,19033X,87025,APROBADO
Pancha Ballena Audaz,378459X,201348,APROBADO
Maria Huemul Gigante,411229X,526566,APROBADO
Coty Puma Austral,895644X,296446,APROBADO
Sacha Huemul Rojo,46166X,584258,APROBADO
Lucho Puma Veloz,408906X,399952,APROBADO
Francisco Nutria Austral,957988X,657226,APROBADO
Lucho Zorro Audaz,469586X,755038,APROBADO
Sacha Puma Gigante,444558X,821626,APROBADO
Lucho Gato Audaz,344400X,327694,APROBADO
Maria Nutria Gigante,963003X,614690,RECHAZADO (Riesgo Salud/Financiero)
Maria Puma Sigiloso,459077X,486493,APROBADO
Coty Puma Sigiloso,381032X,575732,APROBADO
Juan Nutria Veloz,799654X,584969,RECHAZADO (Riesgo Salud/Financiero)
Matias Ballena Austral,17973X,499472,RECHAZADO (Riesgo Salud/Financiero)
Francisco Zorro Gigante,622042X,581904,APROBADO
Sacha Leon Rojo,525268X,150321,APROBADO
Maria Puma Salvage,51439X,351653,APROBADO
Coty Nutria Gigante,508567X,602533,APROBADO
Sacha Ballena Veloz,2831X,544146,APROBADO
Coty Puma Salvage,447064X,815208,RECHAZADO (Riesgo Salud/Financiero)
Matias Ballena Veloz,519943X,342278,RECHAZADO (Riesgo Salud/Financiero)
Lucho Huemul Rojo,251844X,248871,RECHAZADO (Riesgo Salud/Financiero)
Juan Huemul Salvage,197152X,204531,APROBADO
Coty Ballena Gigante,577335X,669009,APROBADO
Coty Perro Rojo,703278X,207430,APROBADO
Coty Puma Veloz,980321X,227774,RECHAZADO (Riesgo Salud/Financiero)
Maria Huemul Sigiloso,556068X,503226,APROBADO
Sacha Zorro Salvage,277968X,752043,RECHAZADO (Riesgo Salud/Financiero)
Lucho Ballena Sigiloso,6938X,605564,APROBADO
Coty Ballena Veloz,810183X,729507,RECHAZADO (Riesgo Salud/Financiero)
Coty Huemul Gigante,124086X,728688,APROBADO
Pancha Leon Sigiloso,253434X,704109,APROBADO
Juan Ballena Gigante,972072X,54338,APROBADO
Pepe Nutria Sigiloso,699002X,440447,APROBADO
Juan Ballena Noble,843711X,235951,APROBADO
Matias Ballena Gigante,847134X,370468,APROBADO
Lucho Perro Audaz,677790X,360844,APROBADO
Pancha Gato Sigiloso,104300X,440512,APROBADO
Maria Puma Austral,475861X,683914,RECHAZADO (Riesgo Salud/Financiero)
Coty Ballena Gigante,412377X,437139,RECHAZADO (Riesgo Salud/Financiero)
Pepe Condor Sigiloso,744977X,533899,APROBADO
Maria Zorro Audaz,517194X,840348,APROBADO
Sacha Huemul Noble,600418X,387537,APROBADO
Maria Ballena Austral,931184X,313916,RECHAZADO (Riesgo Salud/Financiero)
Sacha Gato Sigiloso,710609X,816941,APROBADO
Coty Huemul Audaz,408090X,713102,APROBADO
Coty Leon Salvage,938868X,762727,APROBADO
Lucho Nutria Veloz,877826X,198203,APROBADO
Pancha Huemul Audaz,849421X,552764,APROBADO
Maria Huemul Veloz,684902X,452242,APROBADO
Francisco Condor Austral,558908X,61140,APROBADO
Sacha Nutria Sigiloso,900753X,400612,APROBADO
Sacha Gato Veloz,564807X,624850,APROBADO
Juan Puma Sigiloso,986090X,203487,APROBADO
Sacha Huemul Veloz,98807X,240211,RECHAZADO (Riesgo Salud/Financiero)
Pancha Perro Audaz,745104X,534713,APROBADO
Pepe Condor Sigiloso,77423X,597903,APROBADO
Pancha Gato Salvage,967634X,102300,RECHAZADO (Riesgo Salud/Financiero)
Coty Gato Audaz,640917X,407051,APROBADO
Pepe Perro Gigante,940804X,594105,RECHAZADO (Riesgo Salud/Financiero)
Coty Perro Veloz,209972X,794683,APROBADO
Maria Puma Salvage,190510X,839043,APROBADO
Coty Puma Rojo,703043X,787233,APROBADO
Pepe Leon Salvage,469604X,800659,APROBADO
Juan Condor Salvage,603300X,480202,RECHAZADO (Riesgo Salud/Financiero)
Maria Ballena Veloz,715211X,536062,APROBADO
Francisco Ballena Noble,146778X,464737,APROBADO
Lucho Gato Salvage,590787X,468017,RECHAZADO (Riesgo Salud/Financiero)
Juan Ballena Sigiloso,994780X,194062,APROBADO
Lucho Puma Noble,657174X,681799,APROBADO
Maria Gato Austral,469960X,67308,RECHAZADO (Riesgo Salud/Financiero)
Matias Leon Veloz,273851X,734304,APROBADO
Pepe Nutria Austral,236575X,224807,APROBADO
Coty Huemul Sigiloso,829436X,609544,APROBADO
Sacha Perro Salvage,871784X,746070,APROBADO
Lucho Leon Gigante,740116X,869014,RECHAZADO (Riesgo Salud/Financiero)
Lucho Gato Gigante,798912X,73298,APROBADO
Sacha Puma Austral,606116X,815054,APROBADO
Pepe Leon Audaz,929443X,481586,RECHAZADO (Riesgo Salud/Financiero)
Juan Condor Salvage,515768X,442812,APROBADO
Matias Nutria Noble,419937X,346025,APROBADO
Lucho Huemul Sigiloso,298140X,221362,APROBADO
Francisco Condor Gigante,646201X,783429,APROBADO
Pancha Gato Austral,225547X,545930,RECHAZADO (Riesgo Salud/Financiero)
Juan Leon Rojo,489197X,517902,APROBADO
Sacha Huemul Audaz,158149X,241979,APROBADO
Francisco Puma Rojo,202707X,370886,APROBADO
Maria Nutria Sigiloso,755008X,429871,APROBADO
Lucho Condor Rojo,32700X,331622,APROBADO
Sacha Gato Noble,217515X,318755,APROBADO
Coty Puma Gigante,662893X,179097,APROBADO
Pepe Ballena Audaz,523094X,59636,APROBADO
Pepe Huemul Salvage,244809X,443854,RECHAZADO (Riesgo Salud/Financiero)
Juan Puma Salvage,186662X,858605,APROBADO
Maria Gato Veloz,983090X,175012,APROBADO
Francisco Perro Austral,428575X,363387,RECHAZADO (Riesgo Salud/Financiero)
Pancha Condor Sigiloso,497829X,367422,APROBADO
Pepe Zorro Salvage,276282X,474240,APROBADO
Pepe Nutria Sigiloso,937582X,706011,APROBADO
Juan Perro Austral,174405X,134851,RECHAZADO (Riesgo Salud/Financiero)
Matias Zorro Rojo,5335X,540518,APROBADO
Sacha Nutria Gigante,739115X,377740,APROBADO
Lucho Huemul Audaz,441169X,856059,APROBADO
Matias Gato Audaz,408872X,337690,APROBADO
Pepe Puma Rojo,17834X,574059,APROBADO
Juan Huemul Austral,681308X,111998,RECHAZADO (Riesgo Salud/Financiero)
Sacha Gato Austral,121949X,313647,RECHAZADO (Riesgo Salud/Financiero)
Sacha Huemul Salvage,592450X,671817,APROBADO
Pepe Nutria Austral,745627X,85326,APROBADO
Juan Puma Salvage,401687X,752996,APROBADO
Sacha Zorro Salvage,935066X,631948,APROBADO
Sacha Puma Sigiloso,18017X,867483,APROBADO
Sacha Nutria Rojo,238737X,576160,APROBADO
Sacha Ballena Audaz,832933X,433147,RECHAZADO (Riesgo Salud/Financiero)
Matias Leon Veloz,261217X,425607,APROBADO
Matias Nutria Rojo,475704X,732783,APROBADO
Pancha Huemul Gigante,205093X,859367,APROBADO
Sacha Leon Rojo,147445X,44059,RECHAZADO (Riesgo Salud/Financiero)
Francisco Ballena Sigiloso,880895X,515642,APROBADO
Francisco Condor Austral,292016X,526348,APROBADO
Pepe Gato Salvage,543694X,807226,APROBADO
Sacha Condor Austral,760171X,756512,RECHAZADO (Riesgo Salud/Financiero)
Pancha Leon Gigante,151856X,106571,APROBADO
Francisco Ballena Gigante,394959X,348719,APROBADO
Lucho Nutria Rojo,681703X,617259,APROBADO
Juan Condor Rojo,887925X,451775,APROBADO
Francisco Huemul Rojo,716941X,424378,APROBADO
Francisco Leon Salvage,898277X,827373,RECHAZADO (Riesgo Salud/Financiero)
Sacha Nutria Salvage,649900X,120312,RECHAZADO (Riesgo Salud/Financiero)
Pancha Nutria Gigante,24478X,891918,APROBADO
Sacha Condor Gigante,112439X,657372,RECHAZADO (Riesgo Salud/Financiero)
Coty Zorro Austral,933317X,121514,APROBADO
Juan Puma Salvage,533215X,217874,APROBADO
Francisco Ballena Audaz,40690X,573403,APROBADO
Pepe Perro Salvage,906902X,697832,APROBADO
Pancha Nutria Salvage,249380X,849857,APROBADO
Maria Nutria Sigiloso,62317X,517822,APROBADO
Lucho Gato Salvage,749139X,276131,APROBADO
Lucho Leon Gigante,136176X,180040,APROBADO
Sacha Condor Rojo,209288X,581273,RECHAZADO (Riesgo Salud/Financiero)
Francisco Huemul Austral,254199X,186249,APROBADO
Juan Condor Veloz,252659X,575392,APROBADO
Matias Gato Austral,519934X,819994,APROBADO
Pancha Condor Gigante,49806X,159548,APROBADO
Juan Huemul Rojo,52788X,450835,RECHAZADO (Riesgo Salud/Financiero)
Maria Puma Audaz,367383X,220881,APROBADO
Matias Nutria Veloz,704753X,234268,APROBADO
Francisco Zorro Audaz,974497X,315553,APROBADO
Pepe Gato Sigiloso,261153X,868989,RECHAZADO (Riesgo Salud/Financiero)
Juan Zorro Rojo,665559X,368388,RECHAZADO (Riesgo Salud/Financiero)
Lucho Gato Gigante,324718X,17385,APROBADO
Francisco Puma Audaz,742480X,501517,APROBADO
Lucho Nutria Veloz,936616X,371756,APROBADO
Maria Puma Austral,713829X,408941,APROBADO
Matias Nutria Austral,169399X,406963,APROBADO
Maria Perro Sigiloso,768678X,99815,APROBADO
Juan Nutria Sigiloso,737346X,76944,APROBADO
Juan Nutria Austral,139727X,72336,APROBADO
Pancha Perro Audaz,826915X,827593,APROBADO
Pancha Gato Noble,772848X,541023,APROBADO
Pepe Gato Veloz,48201X,406272,APROBADO
Maria Ballena Audaz,618838X,594864,RECHAZADO (Riesgo Salud/Financiero)
Pancha Gato Sigiloso,975748X,269673,APROBADO
Francisco Nutria Salvage,720085X,848623,APROBADO
Matias Condor Veloz,963390X,429921,APROBADO
Pancha Ballena Austral,703841X,822080,APROBADO
Lucho Condor Sigiloso,585687X,352743,APROBADO
Maria Puma Noble,637621X,878974,APROBADO
Sacha Huemul Austral,249818X,378426,APROBADO
Francisco Ballena Sigiloso,992543X,91519,APROBADO
Juan Leon Rojo,392463X,189958,APROBADO
Sacha Leon Salvage,137220X,826931,RECHAZADO (Riesgo Salud/Financiero)
Pancha Leon Noble,185367X,848348,APROBADO
Matias Ballena Noble,231356X,151786,APROBADO
Pepe Zorro Veloz,976990X,641505,APROBADO
Lucho Perro Gigante,680970X,820910,RECHAZADO (Riesgo Salud/Financiero)
Francisco Leon Gigante,927552X,824117,APROBADO
Pancha Zorro Rojo,953444X,876676,APROBADO
Matias Gato Sigiloso,762241X,751772,APROBADO
Maria Puma Salvage,99994X,243156,RECHAZADO (Riesgo Salud/Financiero)
Maria Zorro Salvage,96655X,452201,APROBADO
Lucho Perro Audaz,543714X,61396,APROBADO
Maria Gato Audaz,781902X,297418,APROBADO
Francisco Nutria Audaz,24626X,875141,APROBADO
Sacha Ballena Audaz,318733X,734568,RECHAZADO (Riesgo Salud/Financiero)
Pancha Zorro Noble,268363X,431721,APROBADO
Juan Ballena Veloz,745856X,622489,APROBADO
Pepe Puma Veloz,923634X,887528,RECHAZADO (Riesgo Salud/Financiero)
Pepe Condor Salvage,809217X,273957,APROBADO
Juan Nutria Rojo,518678X,871052,APROBADO
Maria Leon Audaz,662389X,618595,APROBADO
Pancha Zorro Audaz,454218X,17495,APROBADO
Francisco Huemul Gigante,194883X,387485,APROBADO
Lucho Ballena Austral,552811X,739649,RECHAZADO (Riesgo Salud/Financiero)
Sacha Nutria Sigiloso,295755X,713141,APROBADO
Maria Ballena Noble,53789X,574060,APROBADO
Juan Condor Rojo,76683X,241980,APROBADO
Coty Perro Gigante,418170X,157697,APROBADO
Coty Gato Salvage,653938X,537184,RECHAZADO (Riesgo Salud/Financiero)
Matias Nutria Rojo,832681X,536388,APROBADO
Francisco Perro Audaz,92563X,63750,APROBADO
Sacha Nutria Austral,797704X,695655,APROBADO
Matias Leon Noble,433312X,405845,APROBADO
Matias Ballena Sigiloso,911574X,727676,APROBADO
Francisco Huemul Salvage,165976X,334373,RECHAZADO (Riesgo Salud/Financiero)
Coty Puma Sigiloso,34861X,807586,APROBADO
Juan Ballena Sigiloso,552369X,194934,RECHAZADO (Riesgo Salud/Financiero)
Lucho Ballena Rojo,776053X,364512,APROBADO
Matias Condor Veloz,92471X,462278,APROBADO
Lucho Gato Salvage,792403X,351848,APROBADO
Coty Nutria Rojo,584651X,155125,APROBADO
Pancha Puma Noble,802577X,608386,APROBADO
Sacha Gato Salvage,249313X,649490,RECHAZADO (Riesgo Salud/Financiero)
Coty Perro Sigiloso,723076X,292146,APROBADO
Matias Nutria Salvage,818295X,174918,APROBADO
Matias Nutria Gigante,115665X,852354,RECHAZADO (Riesgo Salud/Financiero)
Francisco Nutria Rojo,599453X,788634,APROBADO
Sacha Nutria Sigiloso,986281X,624432,APROBADO
Lucho Zorro Sigiloso,235774X,885062,APROBADO
Juan Ballena Rojo,851051X,737078,APROBADO
Lucho Nutria Audaz,119130X,475269,RECHAZADO (Riesgo Salud/Financiero)
Pepe Gato Audaz,314004X,588937,RECHAZADO (Riesgo Salud/Financiero)
Matias Zorro Sigiloso,48430X,890502,APROBADO
Matias Puma Veloz,899388X,585938,APROBADO
Juan Gato Austral,920756X,581674,APROBADO
Maria Leon Austral,128001X,210168,APROBADO
Coty Puma Audaz,406723X,502211,APROBADO
Juan Zorro Salvage,910842X,392589,APROBADO
Pepe Ballena Audaz,157174X,331487,APROBADO
Lucho Condor Noble,768925X,841205,RECHAZADO (Riesgo Salud/Financiero)
Matias Zorro Austral,574850X,755458,APROBADO
Matias Condor Salvage,104289X,670395,APROBADO
Sacha Condor Noble,67530X,232102,RECHAZADO (Riesgo Salud/Financiero)
Lucho Nutria Noble,844690X,687050,APROBADO
Pepe Zorro Austral,563804X,806598,APROBADO
Juan Leon Salvage,585873X,437387,APROBADO
Lucho Leon Noble,647399X,660558,RECHAZADO (Riesgo Salud/Financiero)
Sacha Perro Salvage,277423X,481298,APROBADO
Matias Gato Noble,428893X,315473,APROBADO
Coty Condor Noble,57878X,663561,RECHAZADO (Riesgo Salud/Financiero)
Pepe Leon Noble,829606X,477640,APROBADO
Matias Ballena Austral,199299X,285772,APROBADO
Matias Condor Veloz,700716X,456106,APROBADO
Coty Perro Audaz,850594X,820651,RECHAZADO (Riesgo Salud/Financiero)
Sacha Condor Rojo,774289X,61769,APROBADO
Maria Nutria Gigante,473403X,722144,APROBADO
Pepe Condor Noble,165600X,361374,APROBADO
Maria Puma Austral,578634X,366412,APROBADO
Juan Perro Salvage,378740X,95920,APROBADO
Pepe Nutria Salvage,316380X,635076,APROBADO
Lucho Nutria Noble,176931X,709732,APROBADO
Matias Perro Austral,874992X,863822,APROBADO
Francisco Leon Rojo,953299X,381447,APROBADO
Pancha Leon Veloz,162633X,793187,APROBADO
Sacha Ballena Rojo,954183X,244158,APROBADO
Matias Leon Noble,138165X,191861,APROBADO
Juan Gato Audaz,196608X,342531,RECHAZADO (Riesgo Salud/Financiero)
Juan Perro Austral,36011X,444799,RECHAZADO (Riesgo Salud/Financiero)
Pepe Perro Gigante,372552X,483411,APROBADO
Sacha Puma Audaz,878838X,503405,APROBADO
Francisco Zorro Sigiloso,36085X,83745,APROBADO
Maria Puma Sigiloso,406973X,91781,APROBADO
Matias Perro Sigiloso,628189X,34564,RECHAZADO (Riesgo Salud/Financiero)
Juan Condor Audaz,51217X,711003,APROBADO
Coty Puma Austral,75458X,822400,APROBADO
Coty Leon Noble,553796X,898618,APROBADO
Coty Nutria Noble,450558X,41415,APROBADO
Lucho Zorro Noble,517149X,288760,APROBADO
Maria Condor Rojo,269748X,777767,APROBADO
Matias Condor Noble,642390X,165454,APROBADO
Juan Ballena Noble,566027X,620054,APROBADO
Juan Condor Sigiloso,394856X,264023,RECHAZADO (Riesgo Salud/Financiero)
Pepe Leon Gigante,573601X,442651,APROBADO
Sacha Condor Austral,926679X,894218,APROBADO
Lucho Gato Rojo,913798X,886086,APROBADO
Juan Gato Gigante,100410X,466656,APROBADO
Matias Condor Sigiloso,254064X,408854,APROBADO
Matias Condor Gigante,952205X,711172,APROBADO
Pancha Huemul Sigiloso,783774X,245363,APROBADO
Matias Condor Gigante,455761X,198813,APROBADO
Francisco Huemul Noble,151664X,243882,APROBADO
Pancha Zorro Sigiloso,728227X,780101,APROBADO
Juan Zorro Audaz,877947X,111984,APROBADO
Matias Zorro Audaz,587891X,435506,APROBADO
Juan Perro Noble,529842X,78447,APROBADO
Sacha Condor Gigante,203613X,17815,RECHAZADO (Riesgo Salud/Financiero)
Coty Nutria Rojo,605619X,60115,APROBADO
Lucho Nutria Sigiloso,311873X,599143,APROBADO
Pancha Huemul Noble,547371X,425128,APROBADO
Pepe Condor Sigiloso,822588X,107119,RECHAZADO (Riesgo Salud/Financiero)
Sacha Puma Noble,724407X,827977,APROBADO
Matias Ballena Rojo,358821X,899184,APROBADO
Francisco Gato Sigiloso,439428X,708005,APROBADO
Maria Zorro Gigante,749635X,754078,APROBADO
Maria Puma Sigiloso,508853X,810100,APROBADO
Pepe Puma Audaz,358657X,383310,RECHAZADO (Riesgo Salud/Financiero)
Coty Perro Sigiloso,161487X,592426,APROBADO
Pancha Nutria Austral,633544X,527304,RECHAZADO (Riesgo Salud/Financiero)
Lucho Zorro Audaz,484358X,54556,APROBADO
Pepe Leon Salvage,226017X,495591,APROBADO
Maria Puma Sigiloso,98288X,714524,APROBADO
Pancha Condor Sigiloso,552453X,452905,RECHAZADO (Riesgo Salud/Financiero)
Maria Ballena Austral,312541X,863861,RECHAZADO (Riesgo Salud/Financiero)
Pancha Zorro Gigante,338360X,820107,APROBADO
Pepe Huemul Noble,676083X,863507,RECHAZADO (Riesgo Salud/Financiero)
Francisco Condor Rojo,693667X,199031,APROBADO
Pancha Ballena Austral,103725X,379325,APROBADO
Pepe Perro Gigante,537871X,744970,APROBADO
Francisco Gato Austral,305795X,618489,APROBADO
Lucho Condor Austral,485909X,359593,RECHAZADO (Riesgo Salud/Financiero)
Lucho Perro Noble,136346X,219981,APROBADO
Sacha Leon Audaz,982529X,742861,APROBADO
Lucho Perro Audaz,557546X,270437,APROBADO
Coty Nutria Sigiloso,887190X,224073,APROBADO
Lucho Gato Gigante,556125X,245757,APROBADO
Sacha Gato Veloz,914828X,224496,APROBADO
Juan Zorro Gigante,935980X,704220,APROBADO
Pancha Puma Salvage,281343X,850520,RECHAZADO (Riesgo Salud/Financiero)
Lucho Gato Gigante,846344X,195814,APROBADO
Sacha Zorro Noble,347436X,568834,APROBADO
Pepe Gato Audaz,668741X,339909,APROBADO
Coty Puma Austral,777662X,192169,APROBADO
Juan Huemul Veloz,900150X,136542,APROBADO
Juan Ballena Sigiloso,955053X,328244,APROBADO
Pancha Perro Noble,753814X,621892,APROBADO
Pepe Puma Noble,601264X,635552,APROBADO
Pepe Huemul Audaz,173485X,524308,APROBADO
Pancha Gato Gigante,741337X,486904,APROBADO
Sacha Condor Veloz,52569X,489309,APROBADO
Pancha Perro Salvage,751869X,267294,RECHAZADO (Riesgo Salud/Financiero)
Lucho Leon Rojo,194052X,113142,APROBADO
Pepe Nutria Veloz,98251X,19958,APROBADO
Coty Nutria Sigiloso,626836X,854371,APROBADO
Matias Huemul Rojo,290746X,798837,RECHAZADO (Riesgo Salud/Financiero)
Juan Ballena Rojo,815189X,397375,APROBADO
Francisco Huemul Sigiloso,527032X,794602,RECHAZADO (Riesgo Salud/Financiero)
Pancha Condor Gigante,349588X,788972,RECHAZADO (Riesgo Salud/Financiero)
Maria Puma Audaz,475950X,602177,RECHAZADO (Riesgo Salud/Financiero)
Sacha Puma Salvage,160621X,220121,APROBADO
Maria Nutria Audaz,663259X,208535,APROBADO
Pepe Zorro Sigiloso,206071X,826194,APROBADO
Francisco Puma Audaz,300160X,830502,APROBADO
Pancha Zorro Sigiloso,18028X,36237,APROBADO
Pancha Nutria Rojo,687228X,397390,APROBADO
Francisco Zorro Noble,412487X,334425,RECHAZADO (Riesgo Salud/Financiero)
Pancha Nutria Sigiloso,860184X,190148,APROBADO
Juan Condor Salvage,137673X,565505,APROBADO
Francisco Gato Austral,63475X,547136,APROBADO
Pepe Gato Gigante,626665X,426071,APROBADO
Juan Condor Noble,78033X,114549,RECHAZADO (Riesgo Salud/Financiero)
Pepe Leon Audaz,783845X,174298,APROBADO
Juan Zorro Veloz,278868X,123689,RECHAZADO (Riesgo Salud/Financiero)
Pepe Puma Rojo,590940X,689404,APROBADO
Lucho Perro Rojo,814529X,152446,RECHAZADO (Riesgo Salud/Financiero)
Lucho Gato Veloz,150063X,361435,APROBADO
Sacha Leon Sigiloso,636283X,384164,RECHAZADO (Riesgo Salud/Financiero)
Matias Nutria Veloz,508405X,736753,RECHAZADO (Riesgo Salud/Financiero)
Francisco Leon Rojo,9983X,53002,RECHAZADO (Riesgo Salud/Financiero)
Francisco Perro Sigiloso,504261X,359167,APROBADO
Francisco Gato Austral,416109X,545392,APROBADO
Francisco Nutria Salvage,147575X,676773,APROBADO
Maria Nutria Gigante,416023X,890655,RECHAZADO (Riesgo Salud/Financiero)
Pancha Condor Rojo,70820X,529501,APROBADO
Maria Puma Noble,509031X,556098,APROBADO
Maria Condor Austral,180104X,834399,APROBADO
Coty Condor Sigiloso,85338X,718930,APROBADO
Sacha Perro Veloz,30837X,217562,APROBADO
Juan Zorro Audaz,310945X,270919,APROBADO
Pancha Leon Rojo,154105X,504357,APROBADO
Sacha Huemul Noble,523371X,146705,APROBADO
Pancha Ballena Sigiloso,359629X,213372,RECHAZADO (Riesgo Salud/Financiero)
Pepe Leon Audaz,633346X,360771,APROBADO
Pepe Perro Austral,878995X,280140,APROBADO
Francisco Puma Noble,821666X,36099,APROBADO
Pepe Gato Salvage,305301X,504564,RECHAZADO (Riesgo Salud/Financiero)
Juan Puma Sigiloso,312642X,785908,APROBADO
Pancha Condor Veloz,781276X,225217,APROBADO
Juan Puma Audaz,561178X,25204,APROBADO
Maria Zorro Rojo,149908X,349331,RECHAZADO (Riesgo Salud/Financiero)
Maria Condor Gigante,688006X,106591,APROBADO
Juan Perro Austral,696896X,847110,RECHAZADO (Riesgo Salud/Financiero)
Francisco Puma Salvage,763162X,133958,APROBADO
Francisco Puma Noble,952431X,860226,APROBADO
Sacha Zorro Sigiloso,403334X,168221,APROBADO
Pancha Zorro Veloz,135695X,696724,APROBADO
Coty Ballena Audaz,126611X,626044,APROBADO
Coty Ballena Rojo,554454X,609556,APROBADO
Pancha Puma Veloz,111870X,593477,APROBADO
Coty Zorro Gigante,832494X,157706,APROBADO
Maria Zorro Noble,462553X,268093,APROBADO
Matias Ballena Veloz,326747X,365762,RECHAZADO (Riesgo Salud/Financiero)
Pancha Leon Sigiloso,509387X,350167,APROBADO
Pepe Ballena Noble,758940X,107903,APROBADO
Francisco Condor Austral,707735X,478490,APROBADO
Lucho Perro Gigante,335147X,186804,RECHAZADO (Riesgo Salud/Financiero)
Pancha Gato Salvage,942824X,302506,APROBADO
Pepe Nutria Austral,635027X,774635,APROBADO
Maria Nutria Noble,836994X,251151,APROBADO
Pepe Nutria Gigante,994760X,689486,APROBADO
Juan Huemul Audaz,64606X,655236,APROBADO
Juan Gato Gigante,433391X,498391,RECHAZADO (Riesgo Salud/Financiero)
Francisco Condor Austral,516221X,805000,APROBADO
Coty Leon Rojo,410920X,285443,RECHAZADO (Riesgo Salud/Financiero)
Pancha Leon Gigante,909165X,687252,APROBADO
Maria Nutria Salvage,205180X,450961,APROBADO
Lucho Leon Gigante,984513X,470386,APROBADO
Pepe Nutria Veloz,861052X,791292,APROBADO
Pancha Nutria Salvage,491436X,668634,APROBADO
Matias Condor Audaz,422542X,455516,APROBADO
Pepe Leon Austral,970113X,317155,RECHAZADO (Riesgo Salud/Financiero)
Sacha Leon Audaz,746031X,618146,APROBADO
Maria Perro Salvage,43896X,226739,RECHAZADO (Riesgo Salud/Financiero)
Lucho Zorro Austral,61878X,829137,RECHAZADO (Riesgo Salud/Financiero)
Pancha Perro Salvage,214163X,43833,APROBADO
Pancha Zorro Sigiloso,794749X,653031,APROBADO
Maria Ballena Austral,382502X,94895,RECHAZADO (Riesgo Salud/Financiero)
Lucho Leon Gigante,917841X,628930,APROBADO
Pancha Huemul Austral,582833X,580390,APROBADO
Pancha Gato Salvage,404825X,284007,RECHAZADO (Riesgo Salud/Financiero)
Lucho Leon Austral,8598X,54681,APROBADO
Francisco Zorro Sigiloso,957781X,624501,APROBADO
Juan Perro Noble,627000X,784856,APROBADO
Lucho Ballena Austral,230547X,555401,APROBADO
Juan Perro Veloz,157441X,260185,RECHAZADO (Riesgo Salud/Financiero)
Matias Ballena Austral,548097X,376157,APROBADO
Sacha Leon Austral,153134X,318232,APROBADO
Maria Leon Austral,880908X,249522,APROBADO
Matias Puma Veloz,721096X,402199,APROBADO
Maria Perro Noble,415933X,115144,RECHAZADO (Riesgo Salud/Financiero)
Matias Gato Audaz,52873X,655254,RECHAZADO (Riesgo Salud/Financiero)
Sacha Ballena Salvage,749226X,414506,APROBADO
Lucho Ballena Salvage,411055X,584718,APROBADO
Lucho Condor Noble,772082X,205312,RECHAZADO (Riesgo Salud/Financiero)
Maria Nutria Rojo,468758X,115717,APROBADO
Maria Condor Audaz,501817X,696087,APROBADO
Pancha Ballena Rojo,688202X,87989,APROBADO
Lucho Perro Gigante,732083X,66391,APROBADO
Maria Gato Rojo,549679X,63176,RECHAZADO (Riesgo Salud/Financiero)
Pancha Puma Rojo,793230X,728954,APROBADO
Francisco Huemul Veloz,18808X,371880,APROBADO
Juan Perro Audaz,977827X,571879,APROBADO
Francisco Gato Rojo,11184X,36426,APROBADO
Juan Zorro Salvage,532649X,632120,APROBADO
Lucho Zorro Gigante,649236X,744315,APROBADO
Juan Condor Gigante,329753X,887845,APROBADO
Juan Huemul Noble,133577X,438993,APROBADO
Francisco Gato Sigiloso,935486X,597571,APROBADO
Lucho Leon Salvage,863491X,253419,APROBADO
Sacha Huemul Noble,707573X,442487,APROBADO
Pepe Perro Sigiloso,35402X,599813,APROBADO
Juan Puma Audaz,559378X,119363,APROBADO
Sacha Zorro Sigiloso,963338X,589539,APROBADO
Pepe Condor Audaz,829428X,134222,RECHAZADO (Riesgo Salud/Financiero)
Coty Nutria Sigiloso,47037X,139018,APROBADO
Coty Condor Veloz,341572X,172909,RECHAZADO (Riesgo Salud/Financiero)
Pancha Zorro Sigiloso,373944X,796741,APROBADO
Sacha Zorro Rojo,7457X,671840,APROBADO
Juan Ballena Noble,668113X,285903,APROBADO
Maria Gato Rojo,245021X,26738,RECHAZADO (Riesgo Salud/Financiero)
Pepe Gato Salvage,428440X,83080,APROBADO
Pancha Gato Gigante,394798X,691078,APROBADO
Pepe Leon Salvage,403482X,66374,APROBADO
Francisco Gato Audaz,799135X,315563,APROBADO
Pancha Puma Salvage,416234X,830506,APROBADO
Sacha Gato Gigante,665175X,328860,APROBADO
Lucho Leon Salvage,704355X,163071,APROBADO
Sacha Huemul Veloz,851368X,784812,APROBADO
Matias Huemul Salvage,884079X,120621,APROBADO
Matias Condor Veloz,602025X,50915,APROBADO
Maria Puma Rojo,810784X,541705,APROBADO
Matias Leon Salvage,647961X,114255,APROBADO
Lucho Condor Austral,447826X,282651,RECHAZADO (Riesgo Salud/Financiero)
Coty Puma Noble,206022X,48506,APROBADO
Lucho Puma Audaz,234464X,861465,RECHAZADO (Riesgo Salud/Financiero)
Maria Puma Rojo,765429X,555985,RECHAZADO (Riesgo Salud/Financiero)
Coty Leon Sigiloso,431857X,860467,APROBADO
Juan Puma Noble,657247X,76768,APROBADO
Pepe Gato Austral,669619X,506067,APROBADO
Maria Gato Audaz,278991X,100391,RECHAZADO (Riesgo Salud/Financiero)
Matias Ballena Salvage,396197X,783492,APROBADO
Maria Ballena Noble,791879X,60495,APROBADO
Pepe Nutria Audaz,344004X,504453,APROBADO
Matias Condor Salvage,70399X,174261,APROBADO
Matias Puma Sigiloso,451614X,767724,APROBADO
Pepe Huemul Veloz,641392X,680223,RECHAZADO (Riesgo Salud/Financiero)
Coty Huemul Audaz,502138X,617588,APROBADO
Lucho Huemul Rojo,942594X,697433,APROBADO
Juan Nutria Austral,715586X,18970,RECHAZADO (Riesgo Salud/Financiero)
Pepe Zorro Austral,489012X,194976,RECHAZADO (Riesgo Salud/Financiero)
Lucho Condor Gigante,818749X,188231,APROBADO
Juan Perro Austral,570498X,21140,APROBADO
Maria Leon Austral,2608X,821391,APROBADO
Francisco Nutria Austral,805314X,53622,APROBADO
Pancha Huemul Gigante,679971X,82952,APROBADO
Pancha Leon Salvage,265626X,602466,APROBADO
Lucho Huemul Salvage,609905X,860694,APROBADO
Coty Huemul Noble,96594X,832962,APROBADO
Lucho Puma Salvage,37264X,672909,APROBADO
Maria Gato Rojo,389588X,676416,APROBADO
Pancha Huemul Austral,893239X,531522,RECHAZADO (Riesgo Salud/Financiero)
Maria Huemul Veloz,601573X,455095,APROBADO
Matias Ballena Noble,698353X,388699,APROBADO
Sacha Zorro Veloz,791665X,863935,APROBADO
Lucho Huemul Audaz,305305X,32070,APROBADO
Coty Puma Noble,679860X,663151,APROBADO
Pancha Huemul Noble,807926X,15861,RECHAZADO (Riesgo Salud/Financiero)
Matias Huemul Rojo,201601X,108223,APROBADO
Francisco Condor Audaz,774031X,214272,APROBADO
Pancha Puma Sigiloso,141343X,191777,APROBADO
Juan Condor Gigante,35787X,821818,APROBADO
Coty Nutria Veloz,790696X,652012,APROBADO
Pepe Leon Noble,947391X,79634,APROBADO
Sacha Leon Rojo,876904X,696817,RECHAZADO (Riesgo Salud/Financiero)
Matias Perro Noble,954871X,415279,APROBADO
Maria Zorro Sigiloso,764121X,330436,APROBADO
Lucho Ballena Audaz,65119X,110323,APROBADO
Maria Condor Austral,224990X,329087,APROBADO
Pancha Huemul Gigante,415078X,339420,APROBADO
Francisco Ballena Noble,363580X,275437,APROBADO
Pancha Perro Gigante,261477X,764678,APROBADO
Sacha Condor Audaz,915636X,145309,APROBADO
Lucho Zorro Veloz,712943X,667570,APROBADO
Maria Huemul Gigante,285400X,318786,APROBADO
Francisco Perro Sigiloso,991668X,684929,APROBADO
Pancha Nutria Sigiloso,167935X,410638,APROBADO
Sacha Puma Noble,155635X,145574,APROBADO
Matias Perro Salvage,623497X,87099,APROBADO
Pepe Nutria Veloz,833946X,300095,APROBADO
Pancha Nutria Audaz,590905X,180237,RECHAZADO (Riesgo Salud/Financiero)
Juan Ballena Noble,330396X,760665,APROBADO
Sacha Gato Veloz,76021X,149293,APROBADO
Juan Zorro Veloz,548642X,782478,APROBADO
Pancha Zorro Salvage,716201X,615004,APROBADO
Francisco Zorro Austral,208062X,404513,APROBADO
Francisco Perro Veloz,2031X,432445,RECHAZADO (Riesgo Salud/Financiero)
Sacha Condor Austral,561326X,537893,APROBADO
Pepe Zorro Gigante,228564X,588736,APROBADO
Pancha Leon Sigiloso,868243X,140738,RECHAZADO (Riesgo Salud/Financiero)
Pepe Perro Sigiloso,435270X,810776,RECHAZADO (Riesgo Salud/Financiero)
Juan Condor Audaz,539607X,727185,APROBADO
Francisco Zorro Salvage,763091X,693147,APROBADO
Maria Leon Veloz,22238X,159315,APROBADO
Juan Ballena Sigiloso,300654X,145648,APROBADO
Juan Huemul Austral,306641X,801336,APROBADO
Coty Huemul Veloz,181116X,612265,APROBADO
Maria Condor Salvage,525615X,205839,APROBADO
Coty Perro Veloz,267691X,469678,RECHAZADO (Riesgo Salud/Financiero)
Maria Perro Noble,390033X,455598,APROBADO
Sacha Leon Austral,777072X,484413,RECHAZADO (Riesgo Salud/Financiero)
Juan Leon Veloz,995672X,240925,APROBADO
Lucho Ballena Audaz,608016X,686593,APROBADO
Lucho Gato Audaz,758777X,234555,APROBADO
Maria Condor Noble,131388X,788857,RECHAZADO (Riesgo Salud/Financiero)
Pancha Ballena Veloz,167593X,854040,APROBADO
Lucho Condor Veloz,709873X,28186,APROBADO
Matias Ballena Austral,281273X,357366,RECHAZADO (Riesgo Salud/Financiero)
Francisco Zorro Veloz,166286X,526069,APROBADO
Matias Ballena Noble,718020X,335423,APROBADO
Pancha Gato Veloz,497751X,806297,APROBADO
Coty Leon Gigante,127120X,593503,APROBADO
Sacha Huemul Veloz,98368X,804208,APROBADO
Francisco Huemul Rojo,520513X,664173,APROBADO
Sacha Zorro Noble,762443X,709892,APROBADO
Maria Condor Gigante,358522X,384640,APROBADO
Pepe Gato Gigante,988373X,570704,RECHAZADO (Riesgo Salud/Financiero)
Coty Ballena Gigante,762965X,170513,APROBADO
Sacha Condor Veloz,616275X,492103,APROBADO
Francisco Ballena Rojo,552381X,671891,APROBADO
Francisco Zorro Audaz,572956X,466013,APROBADO
Matias Nutria Sigiloso,657455X,401138,APROBADO
Pepe Leon Noble,521205X,322613,APROBADO
Juan Gato Audaz,341247X,159475,APROBADO
Pancha Gato Sigiloso,203217X,178655,APROBADO
Coty Huemul Rojo,149447X,837212,APROBADO
Matias Puma Austral,985436X,500896,APROBADO
Lucho Perro Salvage,260453X,15557,APROBADO
Lucho Puma Austral,835600X,714558,APROBADO
Coty Gato Noble,914856X,507708,APROBADO
Sacha Leon Veloz,741416X,296767,APROBADO
Pepe Condor Austral,418660X,356980,APROBADO
Coty Perro Audaz,19208X,774232,APROBADO
Matias Zorro Noble,30349X,245482,APROBADO
Matias Nutria Salvage,330440X,365589,APROBADO
Pepe Leon Sigiloso,231469X,689851,APROBADO
Matias Zorro Noble,866565X,297202,APROBADO
Coty Gato Noble,264616X,632348,APROBADO
Juan Zorro Audaz,324430X,422107,APROBADO
Pancha Puma Gigante,752053X,482738,APROBADO
Coty Huemul Rojo,237989X,92883,APROBADO
Matias Leon Gigante,530012X,66994,RECHAZADO (Riesgo Salud/Financiero)
Pepe Condor Austral,733361X,757969,APROBADO
Matias Gato Rojo,549908X,177319,APROBADO
Sacha Condor Austral,249378X,779762,RECHAZADO (Riesgo Salud/Financiero)
Matias Zorro Rojo,306113X,179892,APROBADO
Lucho Zorro Audaz,476350X,518348,RECHAZADO (Riesgo Salud/Financiero)
Sacha Gato Noble,226428X,855955,APROBADO
Francisco Condor Audaz,154855X,521304,APROBADO
Maria Zorro Audaz,161991X,594840,RECHAZADO (Riesgo Salud/Financiero)
Pancha Zorro Salvage,700241X,388492,APROBADO
Matias Condor Noble,332212X,650878,APROBADO
Juan Ballena Austral,901780X,133141,APROBADO
Matias Puma Noble,324042X,472768,APROBADO
Juan Nutria Austral,58595X,899010,APROBADO
Francisco Gato Salvage,509090X,567485,APROBADO
Pepe Perro Austral,374671X,508746,RECHAZADO (Riesgo Salud/Financiero)
Francisco Gato Audaz,465161X,93826,APROBADO
Pepe Condor Veloz,915519X,522734,APROBADO
Francisco Perro Veloz,477777X,720234,APROBADO
Maria Zorro Gigante,334352X,702690,APROBADO
Sacha Puma Sigiloso,464010X,660234,RECHAZADO (Riesgo Salud/Financiero)
Lucho Condor Veloz,725206X,342037,APROBADO
Francisco Zorro Gigante,556469X,269388,APROBADO
Francisco Gato Gigante,776451X,647445,APROBADO
Juan Ballena Sigiloso,193565X,113636,APROBADO
Juan Zorro Salvage,154271X,850278,APROBADO
Coty Puma Rojo,854698X,329944,APROBADO
Coty Condor Gigante,971011X,564501,APROBADO
Matias Leon Audaz,866132X,129284,APROBADO
Sacha Gato Rojo,59901X,759075,APROBADO
Sacha Condor Gigante,718680X,89626,APROBADO
Sacha Condor Rojo,56904X,383861,RECHAZADO (Riesgo Salud/Financiero)
Pancha Gato Audaz,547777X,858816,APROBADO
Francisco Huemul Rojo,150871X,547025,APROBADO
Francisco Puma Salvage,286929X,360216,RECHAZADO (Riesgo Salud/Financiero)
Pepe Ballena Rojo,284356X,86454,APROBADO
Lucho Leon Noble,639011X,469679,APROBADO
Sacha Zorro Audaz,655632X,187880,APROBADO
Sacha Zorro Noble,675811X,333641,RECHAZADO (Riesgo Salud/Financiero)
Sacha Leon Salvage,706571X,639692,APROBADO
Maria Leon Gigante,381670X,786748,APROBADO
Juan Nutria Veloz,736142X,429038,APROBADO
Francisco Nutria Austral,631236X,700352,APROBADO
Maria Nutria Austral,744755X,614210,APROBADO
Sacha Condor Rojo,89440X,399577,APROBADO
Maria Leon Salvage,494640X,866992,APROBADO
Coty Zorro Sigiloso,673927X,259174,APROBADO
Sacha Puma Noble,702599X,771251,APROBADO
Coty Gato Rojo,952810X,61273,APROBADO
Maria Zorro Rojo,83753X,661155,RECHAZADO (Riesgo Salud/Financiero)
Pepe Puma Sigiloso,902163X,387308,APROBADO
Coty Nutria Austral,459660X,515128,APROBADO
Lucho Puma Rojo,845983X,90023,APROBADO
Sacha Ballena Noble,880626X,706921,APROBADO
Lucho Perro Rojo,590349X,899685,RECHAZADO (Riesgo Salud/Financiero)
Sacha Nutria Gigante,289348X,36185,APROBADO
Pancha Perro Noble,937938X,809128,APROBADO
Maria Leon Gigante,84018X,459480,APROBADO
Juan Gato Salvage,926805X,391730,APROBADO
Pepe Condor Audaz,473327X,254834,APROBADO
Maria Ballena Salvage,27122X,899898,APROBADO
Sacha Huemul Veloz,808869X,207295,APROBADO
Francisco Leon Salvage,323402X,344803,APROBADO
Lucho Gato Audaz,246549X,641263,RECHAZADO (Riesgo Salud/Financiero)
Francisco Leon Rojo,989654X,553179,APROBADO
Lucho Zorro Sigiloso,595034X,795622,APROBADO
Sacha Leon Audaz,266707X,378616,APROBADO
Maria Zorro Salvage,263937X,886533,APROBADO
Matias Zorro Veloz,366537X,884338,RECHAZADO (Riesgo Salud/Financiero)
Matias Condor Salvage,826144X,219798,APROBADO
Pancha Leon Rojo,161259X,670412,APROBADO
Sacha Zorro Gigante,517849X,356657,APROBADO
Sacha Perro Gigante,170497X,344668,APROBADO
Matias Ballena Rojo,5531X,759272,APROBADO
Maria Gato Salvage,443999X,555024,RECHAZADO (Riesgo Salud/Financiero)
Juan Nutria Salvage,702632X,122485,APROBADO
Pepe Ballena Sigiloso,106668X,888108,APROBADO
Matias Leon Noble,169516X,580520,APROBADO
Juan Perro Veloz,77309X,672122,APROBADO
Juan Puma Gigante,652028X,667734,RECHAZADO (Riesgo Salud/Financiero)
Pancha Zorro Gigante,721262X,833901,APROBADO
Coty Leon Veloz,340721X,308746,APROBADO
Pepe Zorro Gigante,514830X,888352,APROBADO
Pancha Condor Sigiloso,984973X,727526,APROBADO
Matias Gato Noble,630929X,186023,APROBADO
Sacha Perro Sigiloso,894253X,457348,APROBADO
Pepe Condor Rojo,51384X,358160,APROBADO
Maria Perro Audaz,767675X,779908,APROBADO
Maria Leon Austral,231259X,823898,RECHAZADO (Riesgo Salud/Financiero)
Maria Perro Salvage,807309X,194486,APROBADO
Matias Zorro Veloz,654694X,129752,APROBADO
Francisco Huemul Salvage,105854X,531687,APROBADO
Maria Zorro Rojo,754982X,39191,RECHAZADO (Riesgo Salud/Financiero)
Pancha Puma Sigiloso,273411X,262091,APROBADO
Francisco Perro Gigante,820113X,869275,APROBADO
Matias Condor Rojo,263766X,72108,APROBADO
Coty Perro Gigante,251404X,820394,APROBADO
Sacha Leon Rojo,566043X,431630,RECHAZADO (Riesgo Salud/Financiero)
Juan Huemul Salvage,206471X,205884,APROBADO
Sacha Huemul Austral,288438X,16458,APROBADO
Lucho Huemul Salvage,105632X,579760,RECHAZADO (Riesgo Salud/Financiero)
Lucho Condor Noble,950109X,341193,APROBADO
Matias Puma Veloz,11493X,498389,APROBADO
Pepe Perro Audaz,208656X,145915,APROBADO
Francisco Huemul Gigante,902159X,43101,APROBADO
Francisco Puma Rojo,410370X,66805,APROBADO
Juan Leon Austral,513727X,180065,APROBADO
Juan Leon Sigiloso,867391X,284047,APROBADO
Juan Nutria Audaz,801959X,343886,APROBADO
Coty Huemul Noble,125701X,610704,RECHAZADO (Riesgo Salud/Financiero)
Sacha Nutria Audaz,327569X,253096,APROBADO
Matias Puma Veloz,355217X,183198,APROBADO
Maria Nutria Audaz,380860X,870476,APROBADO
Lucho Condor Noble,244663X,103433,APROBADO
Lucho Huemul Rojo,616833X,312770,APROBADO
Juan Perro Rojo,114007X,387977,APROBADO
Sacha Ballena Austral,549013X,874814,APROBADO
Juan Condor Rojo,115725X,456076,APROBADO
Pepe Perro Audaz,589655X,515500,APROBADO
Juan Perro Salvage,115197X,667503,APROBADO
Maria Leon Austral,494048X,352582,APROBADO
Lucho Huemul Noble,440080X,899053,APROBADO
Maria Gato Noble,120157X,284583,APROBADO
Pepe Ballena Gigante,396724X,302917,APROBADO
Sacha Condor Sigiloso,111350X,73218,APROBADO
Pancha Perro Sigiloso,396204X,434772,APROBADO
Francisco Condor Salvage,215287X,466932,APROBADO
Lucho Puma Sigiloso,913332X,58198,APROBADO
Lucho Gato Sigiloso,214270X,856075,RECHAZADO (Riesgo Salud/Financiero)
Lucho Zorro Salvage,732556X,772877,APROBADO
Maria Condor Gigante,764957X,655705,APROBADO
Francisco Gato Rojo,548385X,467319,APROBADO
Pancha Gato Sigiloso,472245X,553982,APROBADO
Pepe Puma Gigante,808493X,253322,APROBADO
Juan Puma Audaz,242946X,365747,APROBADO
Pancha Gato Rojo,685874X,712949,APROBADO
Sacha Puma Austral,226707X,310168,APROBADO
Pepe Leon Rojo,772336X,88539,RECHAZADO (Riesgo Salud/Financiero)
Francisco Leon Austral,192224X,27608,APROBADO
Matias Ballena Sigiloso,585629X,512905,APROBADO
Francisco Puma Salvage,391142X,141412,APROBADO
Coty Puma Gigante,738031X,315088,APROBADO
Pancha Gato Sigiloso,601116X,889958,APROBADO
Francisco Ballena Sigiloso,529187X,324125,RECHAZADO (Riesgo Salud/Financiero)
Lucho Puma Gigante,676501X,34871,APROBADO
Francisco Perro Salvage,259390X,643213,RECHAZADO (Riesgo Salud/Financiero)
Matias Puma Noble,876228X,871743,APROBADO
Francisco Puma Noble,83003X,245977,APROBADO
Matias Condor Audaz,843453X,702002,APROBADO
Lucho Perro Sigiloso,810034X,555471,APROBADO
Maria Condor Veloz,167596X,844717,APROBADO
Francisco Ballena Noble,32161X,707463,APROBADO
Francisco Leon Sigiloso,514515X,156517,RECHAZADO (Riesgo Salud/Financiero)
Pepe Perro Gigante,888891X,493390,APROBADO
Pepe Huemul Sigiloso,151515X,489131,APROBADO
Maria Perro Sigiloso,817712X,142502,APROBADO
Lucho Puma Rojo,512192X,585444,APROBADO
Maria Perro Audaz,111057X,421578,RECHAZADO (Riesgo Salud/Financiero)
Lucho Condor Sigiloso,516142X,97217,APROBADO
Lucho Puma Salvage,460383X,473323,RECHAZADO (Riesgo Salud/Financiero)
Lucho Ballena Austral,257331X,856196,APROBADO
Lucho Zorro Salvage,401797X,490068,APROBADO
Juan Condor Rojo,564962X,420057,RECHAZADO (Riesgo Salud/Financiero)
Francisco Leon Sigiloso,585145X,566238,APROBADO
Lucho Gato Sigiloso,100077X,635347,APROBADO
Pepe Puma Salvage,674400X,204529,APROBADO
Pancha Leon Veloz,767645X,710751,APROBADO
Lucho Zorro Noble,669635X,432374,APROBADO
Sacha Zorro Sigiloso,579515X,850755,APROBADO
Sacha Zorro Sigiloso,307242X,67266,APROBADO
Juan Puma Sigiloso,951183X,717002,APROBADO
Sacha Perro Salvage,328172X,268125,RECHAZADO (Riesgo Salud/Financiero)
Juan Huemul Austral,295287X,837802,APROBADO
Sacha Puma Veloz,8677X,314389,APROBADO
Maria Perro Austral,259067X,299836,APROBADO
Sacha Gato Sigiloso,128691X,627001,APROBADO
Coty Ballena Noble,214035X,871935,APROBADO
Pepe Huemul Gigante,388884X,669852,APROBADO
Maria Nutria Rojo,817367X,61961,RECHAZADO (Riesgo Salud/Financiero)
Matias Gato Audaz,494957X,419504,RECHAZADO (Riesgo Salud/Financiero)
Sacha Ballena Sigiloso,495615X,46312,APROBADO
Sacha Nutria Noble,546111X,399565,APROBADO
Matias Ballena Rojo,948530X,840398,RECHAZADO (Riesgo Salud/Financiero)
Sacha Ballena Gigante,499449X,868125,APROBADO
Coty Puma Austral,461515X,286754,APROBADO
Juan Huemul Gigante,374594X,586933,RECHAZADO (Riesgo Salud/Financiero)
Juan Leon Rojo,530985X,250991,APROBADO
Pancha Gato Gigante,782073X,102423,RECHAZADO (Riesgo Salud/Financiero)
Coty Gato Austral,239724X,585565,APROBADO
Pepe Gato Audaz,152328X,125995,APROBADO
Sacha Condor Sigiloso,598104X,67741,APROBADO
Maria Zorro Veloz,511902X,762674,APROBADO
Juan Perro Austral,62424X,479549,APROBADO
Matias Puma Noble,962809X,880098,APROBADO
Pancha Perro Veloz,37436X,485652,APROBADO
Pancha Leon Sigiloso,229956X,461653,APROBADO
Lucho Perro Austral,866889X,491076,APROBADO
Juan Condor Rojo,944027X,238778,APROBADO
Pancha Nutria Audaz,871286X,436666,APROBADO
Maria Zorro Sigiloso,293579X,611977,APROBADO
Coty Ballena Gigante,920174X,655022,APROBADO
Francisco Puma Austral,308863X,82038,APROBADO
Matias Ballena Rojo,300168X,50508,APROBADO
Lucho Ballena Salvage,41980X,547313,APROBADO
Pepe Ballena Salvage,804751X,462421,APROBADO
Maria Nutria Noble,827491X,773063,RECHAZADO (Riesgo Salud/Financiero)
Maria Leon Sigiloso,898026X,55792,APROBADO
Coty Puma Austral,471706X,557689,RECHAZADO (Riesgo Salud/Financiero)
Francisco Nutria Austral,427475X,457550,RECHAZADO (Riesgo Salud/Financiero)
Coty Leon Sigiloso,848391X,234205,APROBADO
Matias Gato Sigiloso,663199X,211035,APROBADO
Juan Huemul Veloz,851065X,778560,APROBADO
Pancha Ballena Gigante,947643X,424283,APROBADO
Pancha Condor Audaz,194548X,102434,RECHAZADO (Riesgo Salud/Financiero)
Coty Perro Austral,386996X,642428,APROBADO
Francisco Perro Austral,749661X,522351,APROBADO
Pancha Zorro Noble,851449X,615505,RECHAZADO (Riesgo Salud/Financiero)
Coty Condor Sigiloso,352724X,319860,APROBADO
Lucho Leon Salvage,14933X,240742,APROBADO
Juan Puma Salvage,716334X,78606,RECHAZADO (Riesgo Salud/Financiero)
Coty Condor Noble,47620X,580591,APROBADO
Juan Condor Salvage,997739X,30520,APROBADO
Sacha Puma Salvage,575864X,190660,APROBADO
Pepe Gato Audaz,703534X,388328,APROBADO
Juan Perro Salvage,191789X,182335,APROBADO
Juan Nutria Austral,397251X,274185,APROBADO
Sacha Huemul Sigiloso,497702X,389069,APROBADO
Pancha Perro Austral,168439X,165952,APROBADO
Francisco Condor Salvage,422349X,593642,RECHAZADO (Riesgo Salud/Financiero)
Coty Puma Sigiloso,889657X,502711,APROBADO
Pepe Nutria Audaz,755251X,856274,APROBADO
Matias Huemul Sigiloso,390171X,802137,APROBADO
Pepe Nutria Rojo,331013X,721805,RECHAZADO (Riesgo Salud/Financiero)
Francisco Huemul Salvage,501803X,824706,APROBADO
Matias Gato Audaz,905620X,604654,APROBADO
Coty Gato Gigante,815783X,836800,RECHAZADO (Riesgo Salud/Financiero)
Coty Nutria Veloz,642676X,615455,APROBADO
Coty Gato Audaz,533502X,620832,APROBADO
Pancha Zorro Sigiloso,448894X,591463,APROBADO
Matias Leon Veloz,628441X,595291,APROBADO
Sacha Condor Gigante,75301X,222306,APROBADO
Sacha Zorro Sigiloso,181793X,230348,RECHAZADO (Riesgo Salud/Financiero)
Juan Zorro Veloz,641509X,770709,APROBADO
Maria Zorro Audaz,424507X,30500,RECHAZADO (Riesgo Salud/Financiero)
Coty Huemul Austral,397362X,439880,RECHAZADO (Riesgo Salud/Financiero)
Maria Zorro Sigiloso,477336X,551644,APROBADO
Pepe Gato Salvage,912791X,292839,RECHAZADO (Riesgo Salud/Financiero)
Lucho Leon Veloz,497177X,664706,RECHAZADO (Riesgo Salud/Financiero)
Pancha Perro Audaz,171501X,440981,APROBADO
Pancha Perro Noble,331546X,362513,APROBADO
Pepe Condor Noble,478356X,548905,APROBADO
Pancha Nutria Veloz,194076X,590646,APROBADO
Lucho Nutria Rojo,466883X,292739,APROBADO
Francisco Condor Salvage,327819X,786784,RECHAZADO (Riesgo Salud/Financiero)
Maria Perro Audaz,579864X,252543,APROBADO
Francisco Ballena Rojo,970957X,426538,APROBADO
Maria Zorro Rojo,69466X,706389,APROBADO
Juan Condor Noble,75796X,245421,RECHAZADO (Riesgo Salud/Financiero)
Juan Leon Gigante,304257X,578640,APROBADO
Maria Ballena Sigiloso,579533X,880400,APROBADO
Juan Zorro Austral,189358X,526093,APROBADO
Francisco Zorro Rojo,81200X,222745,APROBADO
Matias Leon Veloz,793322X,205670,RECHAZADO (Riesgo Salud/Financiero)
Pancha Huemul Rojo,962097X,420559,RECHAZADO (Riesgo Salud/Financiero)
Juan Huemul Gigante,834645X,864757,APROBADO
Francisco Gato Gigante,299271X,471644,APROBADO
Coty Perro Rojo,487092X,863208,RECHAZADO (Riesgo Salud/Financiero)
Sacha Nutria Sigiloso,944733X,38513,RECHAZADO (Riesgo Salud/Financiero)
Pepe Zorro Veloz,897771X,94517,APROBADO
Juan Perro Rojo,715036X,185878,RECHAZADO (Riesgo Salud/Financiero)
Francisco Gato Veloz,831678X,840445,APROBADO
Coty Puma Rojo,298105X,569514,APROBADO
Coty Nutria Audaz,653042X,768931,APROBADO
Pepe Leon Audaz,469844X,592806,APROBADO
Coty Puma Audaz,647215X,82178,RECHAZADO (Riesgo Salud/Financiero)
Francisco Leon Austral,689031X,231884,RECHAZADO (Riesgo Salud/Financiero)
Pancha Puma Salvage,484939X,253668,APROBADO
Pepe Perro Gigante,912841X,432851,APROBADO
Pepe Condor Salvage,695945X,572941,APROBADO
Coty Puma Gigante,979874X,550539,RECHAZADO (Riesgo Salud/Financiero)
Francisco Ballena Audaz,557380X,699303,APROBADO
Maria Perro Veloz,104665X,294916,APROBADO
Pepe Gato Noble,279017X,204872,RECHAZADO (Riesgo Salud/Financiero)
Matias Gato Salvage,961536X,898755,APROBADO
Francisco Puma Noble,328750X,492130,APROBADO
Lucho Huemul Veloz,765932X,208126,APROBADO
Pepe Ballena Gigante,697644X,252764,APROBADO
Matias Huemul Veloz,736396X,41424,APROBADO
Maria Gato Austral,908422X,899233,APROBADO
Sacha Leon Austral,869268X,238399,APROBADO
Pancha Puma Gigante,370663X,287920,APROBADO
Maria Nutria Rojo,752060X,61356,APROBADO
Pancha Leon Noble,617129X,872318,APROBADO
Matias Leon Sigiloso,320612X,732521,APROBADO
Juan Condor Audaz,352783X,164953,APROBADO
Coty Zorro Gigante,940380X,214263,APROBADO
Coty Perro Veloz,800109X,59697,APROBADO
Francisco Condor Noble,51767X,486474,APROBADO
Maria Puma Gigante,629646X,191227,RECHAZADO (Riesgo Salud/Financiero)
Juan Puma Sigiloso,433274X,285034,APROBADO
Pancha Huemul Austral,571481X,743055,APROBADO
Pepe Huemul Austral,781044X,399475,APROBADO
Francisco Huemul Austral,190165X,574539,APROBADO
Francisco Zorro Sigiloso,965818X,378495,APROBADO
Matias Huemul Veloz,299424X,127324,APROBADO
Maria Condor Austral,624185X,651546,RECHAZADO (Riesgo Salud/Financiero)
Pepe Leon Salvage,677901X,504360,RECHAZADO (Riesgo Salud/Financiero)
Pepe Perro Gigante,30159X,138822,RECHAZADO (Riesgo Salud/Financiero)
Coty Gato Sigiloso,469948X,818319,APROBADO
Juan Ballena Austral,627597X,470305,APROBADO
Matias Nutria Gigante,605221X,375342,APROBADO
Pancha Gato Sigiloso,171715X,157794,APROBADO
Francisco Nutria Veloz,755895X,315283,APROBADO
Francisco Puma Salvage,703037X,739661,RECHAZADO (Riesgo Salud/Financiero)
Pepe Puma Gigante,168188X,599610,APROBADO
Coty Huemul Gigante,381283X,422266,APROBADO
Pancha Huemul Austral,518366X,139188,APROBADO
Francisco Zorro Rojo,423148X,82920,RECHAZADO (Riesgo Salud/Financiero)
Pepe Huemul Rojo,439190X,225873,APROBADO
Pancha Gato Gigante,865526X,271949,APROBADO
Francisco Ballena Sigiloso,139817X,748489,APROBADO
Juan Leon Noble,210516X,304186,RECHAZADO (Riesgo Salud/Financiero)
Pepe Huemul Gigante,144422X,859505,APROBADO
Francisco Huemul Noble,799959X,389467,APROBADO
Sacha Leon Veloz,143050X,354035,APROBADO
Sacha Condor Austral,598281X,512660,APROBADO
Coty Puma Veloz,678536X,536450,APROBADO
Lucho Condor Audaz,669565X,25155,APROBADO
Sacha Perro Gigante,38079X,772144,APROBADO
Coty Gato Salvage,228690X,822548,RECHAZADO (Riesgo Salud/Financiero)
Lucho Ballena Veloz,677042X,695171,APROBADO
Pepe Huemul Rojo,661599X,31942,RECHAZADO (Riesgo Salud/Financiero)
Sacha Huemul Veloz,310967X,184684,APROBADO
Pancha Huemul Austral,954326X,20933,APROBADO
Pepe Huemul Gigante,733936X,221345,APROBADO
Sacha Nutria Austral,948390X,774788,RECHAZADO (Riesgo Salud/Financiero)
Maria Nutria Salvage,891198X,251479,RECHAZADO (Riesgo Salud/Financiero)
Pancha Gato Austral,925413X,745147,APROBADO
Pepe Gato Veloz,156921X,428837,APROBADO
Juan Perro Veloz,549324X,874423,APROBADO
Francisco Perro Sigiloso,607484X,578447,RECHAZADO (Riesgo Salud/Financiero)
Coty Leon Veloz,952502X,144224,APROBADO
Juan Gato Noble,32514X,106983,APROBADO
Pancha Puma Gigante,148316X,373218,APROBADO
Maria Gato Salvage,101185X,443583,RECHAZADO (Riesgo Salud/Financiero)
Pepe Ballena Veloz,482457X,899787,RECHAZADO (Riesgo Salud/Financiero)
Sacha Leon Noble,767369X,561464,APROBADO
Coty Gato Noble,121642X,112352,APROBADO
Juan Condor Austral,547015X,290579,APROBADO
Coty Perro Noble,351012X,627891,RECHAZADO (Riesgo Salud/Financiero)
Sacha Huemul Gigante,784613X,370970,APROBADO
Coty Puma Salvage,69047X,153451,RECHAZADO (Riesgo Salud/Financiero)
Lucho Leon Austral,78153X,225267,APROBADO
Francisco Huemul Salvage,152642X,814689,APROBADO
Lucho Leon Sigiloso,943402X,361764,APROBADO
Pepe Puma Veloz,79187X,257114,APROBADO
Coty Huemul Audaz,632956X,737958,APROBADO
Coty Nutria Veloz,192092X,670765,RECHAZADO (Riesgo Salud/Financiero)
Coty Zorro Veloz,948288X,90617,APROBADO
Maria Puma Salvage,818853X,340376,APROBADO
Pancha Puma Austral,582370X,498405,APROBADO
Pancha Condor Gigante,611145X,816063,RECHAZADO (Riesgo Salud/Financiero)
Juan Zorro Gigante,433933X,502494,RECHAZADO (Riesgo Salud/Financiero)
Lucho Condor Austral,163969X,399229,APROBADO
Pepe Puma Veloz,43217X,420464,APROBADO
Maria Perro Austral,349994X,727391,APROBADO
Pancha Puma Noble,615509X,787824,APROBADO
Lucho Zorro Gigante,812387X,579447,APROBADO
Pepe Leon Sigiloso,453828X,152330,APROBADO
Sacha Puma Gigante,110421X,95764,APROBADO
Juan Huemul Noble,396803X,407504,RECHAZADO (Riesgo Salud/Financiero)
Lucho Condor Austral,435799X,118583,APROBADO
Juan Perro Veloz,464066X,468980,APROBADO
Sacha Nutria Noble,753302X,354680,RECHAZADO (Riesgo Salud/Financiero)
Pancha Huemul Sigiloso,121594X,23611,APROBADO
Lucho Condor Salvage,951217X,439933,APROBADO
Pepe Nutria Veloz,286658X,153276,RECHAZADO (Riesgo Salud/Financiero)
Matias Gato Sigiloso,168258X,754173,APROBADO
Sacha Puma Audaz,910424X,891640,APROBADO
Juan Condor Gigante,815092X,252450,APROBADO
Coty Perro Salvage,827820X,487762,APROBADO
Pepe Ballena Austral,266202X,796202,APROBADO
Pancha Huemul Sigiloso,955449X,832440,APROBADO
Coty Perro Noble,146982X,227870,APROBADO
Pancha Nutria Gigante,774187X,284126,APROBADO
Pepe Ballena Salvage,712634X,160575,APROBADO
Sacha Condor Austral,179440X,632116,APROBADO
Juan Huemul Audaz,328652X,665157,APROBADO
Pancha Perro Noble,773666X,301802,APROBADO
Matias Zorro Veloz,483318X,20673,APROBADO
Lucho Ballena Audaz,409465X,782257,APROBADO
Sacha Zorro Rojo,167919X,808678,APROBADO
Juan Condor Salvage,816569X,847326,RECHAZADO (Riesgo Salud/Financiero)
Pepe Ballena Audaz,201532X,198391,APROBADO
Juan Huemul Sigiloso,553859X,335084,RECHAZADO (Riesgo Salud/Financiero)
Matias Zorro Veloz,630908X,379724,RECHAZADO (Riesgo Salud/Financiero)
Sacha Zorro Veloz,757288X,662824,APROBADO
Matias Zorro Sigiloso,737314X,780911,APROBADO
Sacha Condor Gigante,875217X,72522,APROBADO
Lucho Condor Audaz,420764X,843724,RECHAZADO (Riesgo Salud/Financiero)
Sacha Gato Sigiloso,680690X,741224,APROBADO
Coty Huemul Noble,849953X,436562,APROBADO
Coty Puma Gigante,811402X,253972,RECHAZADO (Riesgo Salud/Financiero)
Juan Zorro Rojo,46681X,452636,RECHAZADO (Riesgo Salud/Financiero)
Pepe Condor Veloz,438056X,89368,APROBADO
Francisco Zorro Austral,581844X,405106,APROBADO
Pancha Condor Rojo,250227X,815621,APROBADO
Coty Nutria Rojo,570848X,113584,RECHAZADO (Riesgo Salud/Financiero)
Francisco Nutria Salvage,406954X,785127,APROBADO
Francisco Gato Veloz,574271X,550853,APROBADO
Francisco Ballena Austral,594425X,604547,APROBADO
Pepe Condor Austral,85859X,187057,RECHAZADO (Riesgo Salud/Financiero)
Juan Condor Gigante,226056X,524567,APROBADO
Francisco Zorro Austral,297849X,315720,APROBADO
Maria Condor Sigiloso,251756X,728127,APROBADO
Lucho Leon Salvage,886675X,196911,RECHAZADO (Riesgo Salud/Financiero)
Coty Zorro Veloz,726051X,379030,APROBADO
Francisco Puma Noble,817084X,117853,APROBADO
Lucho Perro Salvage,64219X,834041,APROBADO
Lucho Nutria Gigante,316012X,886330,APROBADO
Coty Zorro Rojo,452214X,782423,APROBADO
Pepe Huemul Noble,785861X,511056,APROBADO
Maria Puma Noble,62537X,22880,APROBADO
Juan Puma Sigiloso,836873X,67672,APROBADO
Francisco Huemul Rojo,643123X,70748,RECHAZADO (Riesgo Salud/Financiero)
Pancha Gato Gigante,841505X,639695,APROBADO
Lucho Zorro Audaz,25913X,625114,APROBADO
Coty Zorro Audaz,610357X,221490,APROBADO
Pepe Perro Rojo,77518X,463911,APROBADO
Coty Perro Austral,573257X,529991,APROBADO
Lucho Gato Salvage,75675X,232336,APROBADO
Coty Gato Audaz,431452X,45496,RECHAZADO (Riesgo Salud/Financiero)
Matias Perro Gigante,577706X,834809,APROBADO
Coty Nutria Austral,659281X,148116,APROBADO
Coty Perro Rojo,426478X,757978,APROBADO
Maria Nutria Veloz,725390X,853828,APROBADO
Pancha Zorro Austral,82081X,401836,RECHAZADO (Riesgo Salud/Financiero)
Juan Puma Audaz,746604X,56819,APROBADO
Matias Puma Sigiloso,164118X,570304,RECHAZADO (Riesgo Salud/Financiero)
Pancha Nutria Gigante,993272X,473521,APROBADO
Pepe Ballena Noble,16124X,343252,APROBADO
Juan Huemul Veloz,255073X,810117,APROBADO
Juan Leon Veloz,873595X,843944,APROBADO
Pepe Perro Austral,172893X,134926,APROBADO
Lucho Gato Rojo,216746X,244028,APROBADO
Pepe Perro Noble,762250X,788770,APROBADO
Francisco Puma Veloz,808792X,740375,RECHAZADO (Riesgo Salud/Financiero)
Coty Puma Sigiloso,60624X,486619,APROBADO
Pancha Huemul Sigiloso,307611X,656285,APROBADO
Matias Huemul Austral,673300X,648559,APROBADO
Matias Perro Veloz,242637X,140858,APROBADO
Juan Ballena Salvage,182846X,128653,APROBADO
Pancha Gato Austral,79234X,108495,APROBADO
Sacha Nutria Sigiloso,411586X,61166,APROBADO
Lucho Ballena Sigiloso,809224X,70991,APROBADO
Sacha Nutria Salvage,355289X,112226,RECHAZADO (Riesgo Salud/Financiero)
Lucho Leon Austral,491876X,537374,APROBADO
Maria Zorro Veloz,229803X,459947,APROBADO
Pepe Leon Veloz,413571X,132986,RECHAZADO (Riesgo Salud/Financiero)
Pepe Puma Salvage,955867X,375203,APROBADO
Juan Condor Noble,264501X,88183,APROBADO
Lucho Ballena Gigante,108569X,585748,APROBADO
Lucho Condor Gigante,427695X,627457,APROBADO
Maria Zorro Gigante,33095X,454094,APROBADO
Matias Gato Austral,516996X,422025,APROBADO
Matias Perro Sigiloso,932403X,191732,APROBADO
Matias Zorro Salvage,946993X,823856,RECHAZADO (Riesgo Salud/Financiero)
Lucho Leon Noble,481196X,313717,APROBADO
Maria Gato Audaz,519939X,815239,APROBADO
Matias Condor Rojo,663514X,732307,APROBADO
Pepe Gato Austral,190858X,182833,RECHAZADO (Riesgo Salud/Financiero)
Lucho Nutria Veloz,485166X,767659,RECHAZADO (Riesgo Salud/Financiero)
Lucho Ballena Sigiloso,647446X,448806,APROBADO
Juan Huemul Veloz,154608X,601280,APROBADO
Pepe Gato Veloz,629102X,230652,APROBADO
Maria Condor Noble,47979X,832671,RECHAZADO (Riesgo Salud/Financiero)
Sacha Gato Rojo,884341X,563235,RECHAZADO (Riesgo Salud/Financiero)
Maria Ballena Austral,23400X,362886,RECHAZADO (Riesgo Salud/Financiero)
Pepe Condor Austral,777032X,852648,APROBADO
Francisco Gato Audaz,989472X,802111,APROBADO
Lucho Puma Noble,638710X,687649,APROBADO
Juan Puma Gigante,507716X,275512,APROBADO
Pancha Huemul Salvage,322064X,633506,RECHAZADO (Riesgo Salud/Financiero)
Maria Perro Austral,678808X,309498,APROBADO
Coty Zorro Audaz,218101X,150202,APROBADO
Matias Condor Noble,964802X,470097,APROBADO
Juan Ballena Audaz,127884X,358881,APROBADO
Pepe Leon Rojo,137778X,111205,APROBADO
Pancha Zorro Austral,321198X,553432,APROBADO
Matias Gato Gigante,561841X,224530,APROBADO
Francisco Ballena Salvage,344827X,808467,APROBADO
Francisco Huemul Gigante,159689X,265651,APROBADO
Coty Condor Austral,188536X,344651,APROBADO
Pepe Huemul Audaz,754896X,459694,RECHAZADO (Riesgo Salud/Financiero)
Pepe Puma Sigiloso,469951X,704279,RECHAZADO (Riesgo Salud/Financiero)
Francisco Zorro Veloz,773861X,254797,APROBADO
Lucho Ballena Sigiloso,254324X,541268,APROBADO
Francisco Perro Sigiloso,298678X,617496,APROBADO
Coty Perro Salvage,292625X,141630,RECHAZADO (Riesgo Salud/Financiero)
Pepe Perro Salvage,727561X,498037,APROBADO
Matias Leon Veloz,943778X,97974,APROBADO
Sacha Ballena Austral,867126X,356724,APROBADO
Matias Ballena Audaz,59525X,227957,APROBADO
Francisco Leon Rojo,996756X,403438,APROBADO
Pepe Nutria Audaz,35528X,269175,APROBADO
Pancha Condor Austral,308621X,358880,APROBADO
Maria Perro Rojo,7620X,487312,APROBADO
Matias Nutria Rojo,557799X,374011,APROBADO
Matias Perro Gigante,164264X,425184,APROBADO
Maria Condor Salvage,556855X,480503,APROBADO
Lucho Nutria Audaz,970368X,871388,APROBADO
Coty Huemul Gigante,809346X,375860,APROBADO
Francisco Huemul Austral,529770X,90939,APROBADO
Pancha Ballena Salvage,244997X,690050,APROBADO
Francisco Huemul Austral,432361X,789998,APROBADO
Pepe Zorro Sigiloso,215918X,284894,APROBADO
Coty Perro Austral,947596X,80851,APROBADO
Coty Huemul Noble,792189X,788024,APROBADO
Francisco Ballena Noble,241429X,750581,APROBADO
Sacha Nutria Veloz,583813X,763329,RECHAZADO (Riesgo Salud/Financiero)
Lucho Gato Gigante,624219X,450136,APROBADO
Juan Leon Veloz,851601X,804109,APROBADO
Matias Puma Austral,384038X,193745,APROBADO
Coty Leon Salvage,33378X,635133,APROBADO
Sacha Huemul Rojo,585968X,117273,APROBADO
Francisco Zorro Gigante,989307X,714575,APROBADO
Coty Perro Sigiloso,852648X,264651,APROBADO
Lucho Zorro Gigante,256279X,651736,APROBADO
Francisco Huemul Salvage,705372X,828777,APROBADO
Coty Leon Salvage,796945X,168608,APROBADO
Matias Condor Audaz,988463X,277456,APROBADO
Pancha Puma Audaz,10690X,189463,RECHAZADO (Riesgo Salud/Financiero)
Maria Gato Noble,891845X,203257,RECHAZADO (Riesgo Salud/Financiero)
Sacha Condor Veloz,51435X,107498,APROBADO
Sacha Condor Sigiloso,217239X,704936,APROBADO
Francisco Puma Sigiloso,657853X,748322,RECHAZADO (Riesgo Salud/Financiero)
Matias Ballena Salvage,359846X,731110,APROBADO
Lucho Perro Salvage,554651X,512217,APROBADO
Juan Gato Gigante,124441X,835657,APROBADO
Lucho Huemul Noble,138599X,550015,APROBADO
Coty Ballena Austral,390657X,418165,RECHAZADO (Riesgo Salud/Financiero)
Pepe Nutria Austral,582463X,564685,APROBADO
Lucho Nutria Sigiloso,857952X,108306,RECHAZADO (Riesgo Salud/Financiero)
Juan Perro Austral,919060X,493756,RECHAZADO (Riesgo Salud/Financiero)
Francisco Gato Noble,950207X,700711,RECHAZADO (Riesgo Salud/Financiero)
Lucho Condor Audaz,834549X,763144,APROBADO
Juan Puma Gigante,703699X,139246,RECHAZADO (Riesgo Salud/Financiero)
Lucho Puma Gigante,992706X,383304,APROBADO
Maria Nutria Rojo,792971X,787242,APROBADO
Pancha Condor Sigiloso,800171X,194339,APROBADO
Pancha Condor Salvage,621396X,144590,RECHAZADO (Riesgo Salud/Financiero)
Pepe Huemul Salvage,176633X,763242,APROBADO
Pepe Huemul Sigiloso,743415X,689468,APROBADO
Pepe Zorro Gigante,601055X,70936,APROBADO
Pancha Puma Sigiloso,806552X,719204,APROBADO
Francisco Ballena Salvage,230746X,523473,APROBADO
Coty Perro Salvage,454462X,814964,APROBADO
Matias Condor Austral,575043X,592846,APROBADO
Sacha Puma Austral,506560X,109397,APROBADO
Maria Nutria Rojo,473145X,512714,APROBADO
Juan Huemul Austral,327592X,357840,APROBADO
Sacha Leon Veloz,849343X,673667,APROBADO
Coty Condor Salvage,709813X,687943,RECHAZADO (Riesgo Salud/Financiero)
Matias Puma Noble,91335X,664789,RECHAZADO (Riesgo Salud/Financiero)
Pancha Huemul Audaz,759739X,51895,APROBADO
Francisco Nutria Rojo,884020X,431243,APROBADO
Lucho Nutria Noble,127864X,681859,APROBADO
Matias Puma Rojo,883805X,709573,RECHAZADO (Riesgo Salud/Financiero)
Francisco Nutria Austral,352990X,688520,RECHAZADO (Riesgo Salud/Financiero)
Pepe Gato Audaz,784790X,311002,RECHAZADO (Riesgo Salud/Financiero)
Juan Perro Austral,978558X,500884,APROBADO
Francisco Condor Salvage,274087X,819545,APROBADO
Matias Gato Salvage,987174X,564092,APROBADO
Lucho Condor Sigiloso,654741X,71146,APROBADO
Pancha Condor Veloz,767006X,882720,RECHAZADO (Riesgo Salud/Financiero)
Matias Nutria Sigiloso,25789X,34122,APROBADO
Matias Perro Veloz,467170X,274748,APROBADO
Maria Condor Salvage,273807X,664759,APROBADO
Francisco Zorro Austral,494667X,82641,APROBADO
Pepe Ballena Rojo,955707X,173716,APROBADO
Lucho Gato Veloz,346418X,146918,RECHAZADO (Riesgo Salud/Financiero)
Sacha Ballena Rojo,400231X,595698,APROBADO
Francisco Condor Salvage,112870X,46569,APROBADO
Francisco Condor Sigiloso,630737X,618819,APROBADO
Pancha Puma Gigante,831454X,733636,RECHAZADO (Riesgo Salud/Financiero)
Sacha Huemul Audaz,421722X,509457,APROBADO
Lucho Nutria Audaz,556504X,186385,APROBADO
Coty Gato Audaz,25227X,552037,APROBADO
Lucho Leon Noble,314541X,169354,APROBADO
Pepe Puma Audaz,547947X,25589,RECHAZADO (Riesgo Salud/Financiero)
Matias Nutria Gigante,688899X,555228,APROBADO
Sacha Perro Sigiloso,167744X,468801,APROBADO
Matias Nutria Salvage,681048X,798838,APROBADO
Sacha Perro Salvage,636095X,466404,APROBADO
Francisco Puma Veloz,282322X,711166,APROBADO
Matias Zorro Gigante,347373X,165131,RECHAZADO (Riesgo Salud/Financiero)
Pepe Condor Gigante,65300X,286211,RECHAZADO (Riesgo Salud/Financiero)
Coty Huemul Sigiloso,825692X,163427,APROBADO
Juan Huemul Noble,868752X,564041,APROBADO
Maria Leon Audaz,690957X,439479,APROBADO
Sacha Zorro Salvage,818510X,539636,APROBADO
Francisco Nutria Rojo,528732X,164826,APROBADO
Matias Zorro Salvage,772581X,681214,APROBADO
Francisco Nutria Gigante,632014X,767941,APROBADO
Coty Condor Sigiloso,494111X,813861,APROBADO
Pancha Puma Audaz,476808X,785635,RECHAZADO (Riesgo Salud/Financiero)
Lucho Zorro Gigante,151627X,569137,APROBADO
Lucho Condor Salvage,983191X,192481,APROBADO
Sacha Perro Gigante,576964X,418179,APROBADO
Pancha Zorro Gigante,810150X,493946,APROBADO
Francisco Nutria Austral,160275X,398742,APROBADO
Maria Gato Veloz,240823X,839686,APROBADO
Pancha Perro Noble,947305X,477064,RECHAZADO (Riesgo Salud/Financiero)
Maria Puma Gigante,85685X,767695,APROBADO
Pepe Nutria Salvage,764684X,530242,APROBADO
Pepe Huemul Rojo,569541X,823229,RECHAZADO (Riesgo Salud/Financiero)
Juan Perro Sigiloso,814140X,880201,APROBADO
Maria Condor Austral,601285X,91602,APROBADO
Juan Gato Rojo,454450X,717739,APROBADO
Francisco Zorro Salvage,598751X,78993,APROBADO
Francisco Perro Audaz,177100X,470609,APROBADO
Coty Gato Rojo,73463X,539596,APROBADO
Sacha Gato Rojo,622136X,184805,APROBADO
Matias Puma Veloz,327144X,40608,APROBADO
Pancha Nutria Audaz,241629X,799765,APROBADO
Maria Puma Gigante,605001X,59050,APROBADO
Matias Puma Salvage,939067X,401356,APROBADO
Pepe Huemul Rojo,426781X,465130,APROBADO
Pancha Perro Salvage,181460X,860107,APROBADO
Juan Condor Sigiloso,555592X,760202,APROBADO
Francisco Zorro Noble,834661X,119726,RECHAZADO (Riesgo Salud/Financiero)
Juan Ballena Noble,344237X,876426,APROBADO
Juan Leon Noble,123820X,40872,APROBADO
Matias Leon Veloz,362681X,672445,APROBADO
Juan Gato Audaz,198872X,413313,RECHAZADO (Riesgo Salud/Financiero)
Pepe Condor Gigante,182927X,863980,APROBADO
Matias Leon Salvage,857015X,629481,APROBADO
Matias Perro Veloz,307507X,713441,RECHAZADO (Riesgo Salud/Financiero)
Juan Puma Noble,714261X,72682,APROBADO
Pepe Puma Austral,998601X,622459,APROBADO
Pancha Condor Veloz,540415X,119084,RECHAZADO (Riesgo Salud/Financiero)
Lucho Perro Noble,671491X,719694,APROBADO
Pancha Gato Veloz,152132X,59482,APROBADO
Matias Nutria Sigiloso,501212X,834309,APROBADO
Pancha Perro Salvage,268376X,174730,APROBADO
Lucho Nutria Veloz,729294X,761272,APROBADO
Lucho Zorro Gigante,28834X,206552,APROBADO
Juan Leon Gigante,919706X,594084,APROBADO
Lucho Zorro Austral,642818X,175053,RECHAZADO (Riesgo Salud/Financiero)
Pepe Puma Noble,582050X,863000,APROBADO
Pancha Gato Salvage,903404X,547352,APROBADO
Francisco Zorro Gigante,626592X,723452,APROBADO
Sacha Perro Noble,123403X,784793,APROBADO
Pancha Zorro Gigante,62074X,523574,APROBADO
Matias Huemul Sigiloso,986600X,687591,APROBADO
Maria Huemul Austral,181530X,261527,APROBADO
Pancha Ballena Sigiloso,408893X,482795,APROBADO
Coty Nutria Sigiloso,370749X,886757,APROBADO
Matias Condor Audaz,692850X,853361,APROBADO
Sacha Puma Salvage,580282X,619398,APROBADO
Coty Nutria Sigiloso,385582X,515055,APROBADO
Sacha Condor Veloz,287473X,742166,RECHAZADO (Riesgo Salud/Financiero)
Lucho Puma Salvage,168504X,213275,APROBADO
Sacha Leon Gigante,955032X,807006,APROBADO
Matias Leon Austral,917265X,224244,APROBADO
Pepe Zorro Austral,353274X,470358,APROBADO
Pepe Huemul Gigante,655137X,575944,APROBADO
Pancha Perro Noble,17570X,736783,APROBADO
Sacha Ballena Noble,85490X,183385,APROBADO
Pancha Gato Austral,850126X,495072,APROBADO
Coty Ballena Noble,683365X,76662,APROBADO
Maria Perro Audaz,80409X,449596,APROBADO
Pancha Huemul Noble,756092X,330348,APROBADO
Lucho Perro Rojo,736006X,849360,APROBADO
Matias Condor Rojo,318379X,317755,APROBADO
Pancha Huemul Gigante,212519X,236201,RECHAZADO (Riesgo Salud/Financiero)
Francisco Zorro Sigiloso,440923X,641903,RECHAZADO (Riesgo Salud/Financiero)
Juan Puma Rojo,585323X,210951,APROBADO
Juan Leon Audaz,362895X,669276,APROBADO
Maria Perro Noble,25700X,480251,APROBADO
Lucho Ballena Rojo,571355X,726952,RECHAZADO (Riesgo Salud/Financiero)
Pancha Zorro Noble,597106X,649691,APROBADO
Pepe Gato Gigante,395493X,583232,APROBADO
Pepe Condor Veloz,478069X,36243,APROBADO
Coty Perro Audaz,326799X,395178,RECHAZADO (Riesgo Salud/Financiero)
Pancha Huemul Austral,959672X,616430,RECHAZADO (Riesgo Salud/Financiero)
Juan Gato Noble,574009X,42712,APROBADO
Sacha Nutria Veloz,76935X,445978,APROBADO
Sacha Puma Sigiloso,825289X,676359,RECHAZADO (Riesgo Salud/Financiero)
Juan Zorro Veloz,430206X,17562,APROBADO
Lucho Zorro Noble,197470X,280278,APROBADO
Matias Perro Veloz,939092X,229370,APROBADO
Coty Condor Audaz,624455X,385434,APROBADO
Sacha Ballena Gigante,238003X,367339,APROBADO
Maria Ballena Noble,626738X,755779,RECHAZADO (Riesgo Salud/Financiero)
Sacha Leon Gigante,548360X,561839,RECHAZADO (Riesgo Salud/Financiero)
Maria Puma Rojo,576557X,416048,APROBADO
Pancha Zorro Noble,993128X,392457,APROBADO
Lucho Huemul Gigante,656925X,840907,APROBADO
Juan Ballena Veloz,438021X,582638,APROBADO
Coty Condor Gigante,773275X,383882,RECHAZADO (Riesgo Salud/Financiero)
Coty Leon Audaz,688111X,574290,APROBADO
Pancha Nutria Audaz,583363X,81392,APROBADO
Maria Zorro Austral,708037X,61173,APROBADO
Matias Condor Sigiloso,756272X,539605,APROBADO
Juan Gato Veloz,79310X,771429,RECHAZADO (Riesgo Salud/Financiero)
Maria Nutria Audaz,440450X,441359,APROBADO
Francisco Puma Sigiloso,493964X,413973,APROBADO
Juan Zorro Veloz,180497X,494064,APROBADO
Coty Gato Audaz,397302X,264542,RECHAZADO (Riesgo Salud/Financiero)
Pancha Gato Veloz,867422X,447408,APROBADO
Sacha Condor Veloz,183974X,533282,RECHAZADO (Riesgo Salud/Financiero)
Maria Ballena Sigiloso,469754X,432214,APROBADO
Francisco Puma Gigante,355887X,376957,APROBADO
Maria Gato Austral,701578X,19723,APROBADO
Pepe Nutria Noble,366641X,356884,APROBADO
Coty Leon Rojo,85537X,836445,APROBADO
Juan Puma Rojo,391435X,889985,RECHAZADO (Riesgo Salud/Financiero)
Matias Gato Sigiloso,934124X,220728,APROBADO
Francisco Nutria Veloz,177555X,702188,APROBADO
Juan Condor Sigiloso,606317X,516235,APROBADO
Pepe Perro Salvage,24458X,647245,APROBADO
Pancha Ballena Gigante,375894X,685745,APROBADO
Pepe Perro Audaz,725509X,434790,APROBADO
Pancha Condor Gigante,942508X,637165,APROBADO
Lucho Leon Audaz,414868X,215053,APROBADO
Francisco Ballena Gigante,38496X,281786,RECHAZADO (Riesgo Salud/Financiero)
Matias Leon Noble,772938X,410596,APROBADO
Lucho Nutria Salvage,253302X,21619,APROBADO
Juan Zorro Gigante,802977X,895711,APROBADO
Pepe Gato Noble,248904X,847851,APROBADO
Coty Huemul Rojo,678801X,612716,APROBADO
Francisco Huemul Rojo,70095X,694278,RECHAZADO (Riesgo Salud/Financiero)
Maria Nutria Audaz,593092X,875669,APROBADO
Pepe Huemul Austral,855371X,282793,APROBADO
Matias Nutria Rojo,823329X,506644,APROBADO
Pepe Puma Sigiloso,654174X,152343,APROBADO
Matias Condor Rojo,742530X,210863,RECHAZADO (Riesgo Salud/Financiero)
Juan Ballena Audaz,967735X,426904,RECHAZADO (Riesgo Salud/Financiero)
Pancha Leon Sigiloso,437708X,28316,APROBADO
Pancha Gato Sigiloso,819731X,250268,RECHAZADO (Riesgo Salud/Financiero)
Lucho Perro Sigiloso,927148X,31625,APROBADO
Pepe Huemul Noble,645382X,400959,APROBADO
Matias Huemul Sigiloso,25980X,784252,APROBADO
Sacha Gato Gigante,3927X,639464,APROBADO
Pepe Gato Audaz,152119X,740414,APROBADO
Coty Zorro Audaz,906172X,220803,APROBADO
Maria Perro Noble,167373X,99581,APROBADO
Francisco Huemul Audaz,989839X,881421,APROBADO
Matias Nutria Austral,913884X,774548,RECHAZADO (Riesgo Salud/Financiero)
Matias Perro Salvage,113458X,838018,APROBADO
Pepe Leon Salvage,17581X,51840,APROBADO
Matias Huemul Audaz,742664X,188634,APROBADO
Lucho Nutria Veloz,571219X,887912,RECHAZADO (Riesgo Salud/Financiero)
Juan Ballena Noble,166112X,658480,APROBADO
Pepe Leon Audaz,615851X,429238,APROBADO
Matias Leon Rojo,92530X,55659,RECHAZADO (Riesgo Salud/Financiero)
Pepe Nutria Veloz,439064X,773121,RECHAZADO (Riesgo Salud/Financiero)
Maria Ballena Austral,946531X,806128,RECHAZADO (Riesgo Salud/Financiero)
Pepe Puma Rojo,356353X,518139,APROBADO
Francisco Perro Gigante,500961X,725352,APROBADO
Pepe Ballena Sigiloso,337745X,830973,APROBADO
Francisco Condor Audaz,570704X,346524,APROBADO
Coty Zorro Rojo,531653X,612094,APROBADO
Matias Gato Audaz,168006X,341159,RECHAZADO (Riesgo Salud/Financiero)
Matias Puma Noble,637347X,890947,APROBADO
Juan Perro Rojo,390194X,90236,APROBADO
Sacha Perro Sigiloso,684945X,164345,APROBADO
Francisco Ballena Gigante,917732X,458668,APROBADO
Pancha Leon Gigante,307133X,157668,APROBADO
Pancha Perro Rojo,415031X,32159,APROBADO
Pancha Ballena Sigiloso,272186X,683217,APROBADO
Pancha Perro Gigante,976540X,606664,APROBADO
Maria Nutria Gigante,892541X,440262,RECHAZADO (Riesgo Salud/Financiero)
Sacha Nutria Rojo,551149X,544572,APROBADO
Maria Puma Sigiloso,217636X,400035,APROBADO
Pepe Zorro Gigante,796605X,610764,APROBADO
Coty Ballena Salvage,258632X,780173,RECHAZADO (Riesgo Salud/Financiero)
Pancha Condor Salvage,253572X,220559,APROBADO
Francisco Nutria Sigiloso,155421X,797312,APROBADO
Coty Leon Gigante,887350X,381500,APROBADO
Pancha Zorro Sigiloso,273324X,248153,APROBADO
Sacha Leon Salvage,142222X,799974,RECHAZADO (Riesgo Salud/Financiero)
Coty Puma Austral,740066X,675302,APROBADO
Juan Gato Austral,807209X,157478,APROBADO
Pepe Perro Noble,560863X,708113,APROBADO
Maria Nutria Rojo,528438X,306984,APROBADO
Francisco Huemul Austral,971977X,178088,APROBADO
Pancha Huemul Veloz,1877X,835960,APROBADO
Sacha Huemul Salvage,614285X,576640,APROBADO
Lucho Condor Noble,821060X,840963,APROBADO
Francisco Leon Sigiloso,285750X,229420,APROBADO
Pancha Leon Noble,563114X,173140,APROBADO
Juan Zorro Audaz,810731X,777239,APROBADO
Juan Nutria Salvage,605472X,710307,APROBADO
Pepe Condor Gigante,685577X,487603,APROBADO
Pepe Zorro Gigante,994610X,153313,APROBADO
Maria Perro Noble,577240X,376059,APROBADO
Coty Perro Noble,892727X,404422,APROBADO
Coty Condor Veloz,360101X,29612,APROBADO
Pepe Puma Austral,948237X,640816,APROBADO
Francisco Nutria Noble,713426X,260141,APROBADO
Sacha Ballena Sigiloso,768652X,191187,RECHAZADO (Riesgo Salud/Financiero)
Matias Gato Gigante,731172X,214470,APROBADO
Juan Nutria Gigante,452231X,506819,APROBADO
Pancha Perro Audaz,62818X,825254,APROBADO
Juan Puma Rojo,513517X,327352,RECHAZADO (Riesgo Salud/Financiero)
Coty Zorro Noble,687273X,735391,APROBADO
Francisco Puma Sigiloso,895565X,659048,RECHAZADO (Riesgo Salud/Financiero)
Lucho Huemul Noble,233721X,783088,APROBADO
Pancha Leon Audaz,642710X,563390,APROBADO
Juan Leon Sigiloso,14226X,209328,APROBADO
Pepe Huemul Sigiloso,819877X,485344,APROBADO
Pepe Nutria Austral,387746X,699986,APROBADO
Matias Zorro Veloz,707400X,551865,APROBADO
Juan Perro Sigiloso,517430X,307580,APROBADO
Pepe Puma Gigante,742799X,775671,RECHAZADO (Riesgo Salud/Financiero)
Francisco Nutria Rojo,540376X,260068,APROBADO
Pancha Ballena Sigiloso,327780X,292613,RECHAZADO (Riesgo Salud/Financiero)
Juan Nutria Salvage,728916X,769300,APROBADO
Pepe Ballena Gigante,556697X,268137,APROBADO
Juan Ballena Sigiloso,891045X,292943,RECHAZADO (Riesgo Salud/Financiero)
Pancha Puma Rojo,892353X,378910,APROBADO
Pancha Condor Austral,807444X,555938,APROBADO
Juan Condor Salvage,149191X,129980,APROBADO
Sacha Puma Rojo,992290X,438974,APROBADO
Matias Huemul Salvage,49258X,835519,RECHAZADO (Riesgo Salud/Financiero)
Pepe Ballena Sigiloso,51305X,890253,APROBADO
Juan Condor Gigante,30727X,554373,RECHAZADO (Riesgo Salud/Financiero)
Maria Zorro Austral,918617X,328482,APROBADO
Lucho Huemul Veloz,139586X,720948,APROBADO
Sacha Zorro Noble,491050X,893643,APROBADO
Matias Gato Salvage,64377X,474658,APROBADO
Pepe Ballena Noble,990052X,475021,RECHAZADO (Riesgo Salud/Financiero)
Coty Perro Rojo,714460X,822957,APROBADO
Sacha Perro Veloz,500017X,64439,APROBADO
Pepe Nutria Salvage,98812X,151090,APROBADO
Coty Perro Audaz,417362X,63879,APROBADO
Pepe Perro Sigiloso,204495X,692872,APROBADO
Maria Gato Gigante,498960X,518582,APROBADO
Matias Condor Rojo,474400X,275199,RECHAZADO (Riesgo Salud/Financiero)
Lucho Gato Noble,258259X,677752,APROBADO
Francisco Puma Noble,418175X,386344,APROBADO
Pancha Gato Sigiloso,49792X,496762,RECHAZADO (Riesgo Salud/Financiero)
Lucho Ballena Audaz,736268X,760618,APROBADO
Coty Perro Veloz,396584X,441527,APROBADO
Lucho Condor Veloz,738642X,481660,APROBADO
Maria Leon Salvage,411052X,705054,APROBADO
Lucho Huemul Sigiloso,409786X,465025,APROBADO
Francisco Zorro Rojo,33208X,751906,APROBADO
Lucho Ballena Audaz,995360X,120882,APROBADO
Maria Puma Audaz,581172X,226141,RECHAZADO (Riesgo Salud/Financiero)
Sacha Gato Austral,737963X,771664,RECHAZADO (Riesgo Salud/Financiero)
Juan Nutria Audaz,508218X,194637,APROBADO
Sacha Huemul Sigiloso,205484X,100347,APROBADO
Pancha Zorro Noble,379040X,618516,APROBADO
Juan Condor Salvage,328392X,88312,APROBADO
Juan Leon Austral,576163X,445197,RECHAZADO (Riesgo Salud/Financiero)
Juan Condor Salvage,669328X,236375,APROBADO
Pancha Leon Austral,233209X,762443,RECHAZADO (Riesgo Salud/Financiero)
Matias Leon Noble,393330X,544660,RECHAZADO (Riesgo Salud/Financiero)
Lucho Leon Rojo,470052X,653069,APROBADO
Coty Nutria Austral,893308X,48376,APROBADO
Pancha Ballena Veloz,438666X,74706,APROBADO
Francisco Gato Noble,308237X,838856,APROBADO
Coty Huemul Gigante,540634X,686540,RECHAZADO (Riesgo Salud/Financiero)
Maria Leon Veloz,911108X,751699,APROBADO
Pepe Huemul Gigante,141258X,162994,RECHAZADO (Riesgo Salud/Financiero)
Coty Huemul Noble,37120X,163675,RECHAZADO (Riesgo Salud/Financiero)
Francisco Ballena Audaz,193551X,205085,APROBADO
Pancha Nutria Noble,838798X,672195,APROBADO
Pancha Condor Noble,35290X,358555,APROBADO
Juan Condor Gigante,461673X,762728,APROBADO
Maria Gato Audaz,620815X,581254,APROBADO
Juan Condor Salvage,202670X,122337,APROBADO
Coty Ballena Audaz,294872X,188472,APROBADO
Coty Zorro Noble,117161X,174293,APROBADO
Coty Condor Noble,654180X,746735,APROBADO
Francisco Perro Veloz,576749X,122205,APROBADO
Lucho Zorro Noble,881849X,215200,APROBADO
Lucho Condor Veloz,619789X,50039,APROBADO
Sacha Nutria Salvage,505776X,648731,APROBADO
Lucho Huemul Rojo,120796X,286071,APROBADO
Francisco Puma Sigiloso,872425X,278008,RECHAZADO (Riesgo Salud/Financiero)
Pepe Zorro Noble,869569X,212753,APROBADO
Coty Nutria Gigante,129540X,389604,RECHAZADO (Riesgo Salud/Financiero)
Lucho Gato Sigiloso,323051X,271581,APROBADO
Maria Nutria Gigante,973557X,302049,APROBADO
Pancha Nutria Rojo,329870X,727955,APROBADO
Pancha Nutria Audaz,212572X,638194,APROBADO
Pepe Ballena Rojo,868687X,867782,APROBADO
Pepe Puma Gigante,762104X,483066,APROBADO
Pancha Nutria Salvage,875227X,565188,APROBADO
Francisco Zorro Gigante,482549X,473360,APROBADO
Juan Perro Austral,433972X,823958,APROBADO
Pepe Perro Audaz,424909X,301981,RECHAZADO (Riesgo Salud/Financiero)
Pepe Puma Austral,921803X,328567,APROBADO
Juan Puma Noble,956061X,333759,APROBADO
Pancha Zorro Rojo,581149X,422392,APROBADO
Pancha Zorro Veloz,933191X,789133,APROBADO
Coty Ballena Rojo,789363X,460998,APROBADO
Maria Ballena Austral,529660X,240975,APROBADO
Juan Ballena Salvage,706589X,842282,APROBADO
Sacha Condor Audaz,323017X,436483,APROBADO
Francisco Zorro Salvage,945062X,528007,APROBADO
Sacha Huemul Sigiloso,306296X,436462,RECHAZADO (Riesgo Salud/Financiero)
Pancha Nutria Rojo,867431X,300044,RECHAZADO (Riesgo Salud/Financiero)
Sacha Condor Sigiloso,580009X,594386,APROBADO
Pepe Ballena Rojo,5175X,426502,APROBADO
Maria Nutria Salvage,827721X,610655,APROBADO
Matias Zorro Salvage,666555X,351173,APROBADO
Maria Nutria Salvage,755986X,712818,APROBADO
Coty Nutria Salvage,912843X,542723,RECHAZADO (Riesgo Salud/Financiero)
Francisco Huemul Gigante,625515X,21450,APROBADO
Lucho Puma Sigiloso,239824X,581533,RECHAZADO (Riesgo Salud/Financiero)
Juan Ballena Salvage,574818X,341303,APROBADO
Pepe Gato Austral,868485X,850691,APROBADO
Juan Puma Audaz,752686X,815858,APROBADO
Sacha Ballena Salvage,50826X,131753,APROBADO
Matias Condor Veloz,147752X,123597,APROBADO
Francisco Puma Sigiloso,94636X,479690,RECHAZADO (Riesgo Salud/Financiero)
Maria Perro Salvage,724935X,769662,RECHAZADO (Riesgo Salud/Financiero)
Lucho Leon Sigiloso,115568X,804874,RECHAZADO (Riesgo Salud/Financiero)
Pancha Zorro Audaz,814813X,436003,APROBADO
Pancha Condor Noble,877031X,88772,APROBADO
Francisco Zorro Sigiloso,651264X,63733,RECHAZADO (Riesgo Salud/Financiero)
Lucho Huemul Sigiloso,545247X,252638,RECHAZADO (Riesgo Salud/Financiero)
Francisco Ballena Rojo,77112X,551261,RECHAZADO (Riesgo Salud/Financiero)
Francisco Huemul Salvage,147371X,387491,APROBADO
Sacha Huemul Rojo,797238X,796269,APROBADO
Francisco Zorro Veloz,149466X,126483,APROBADO
Juan Perro Gigante,126466X,722041,APROBADO
Francisco Condor Sigiloso,915086X,51333,APROBADO
Matias Puma Audaz,470996X,78865,APROBADO
Maria Perro Audaz,322566X,87784,APROBADO
Matias Zorro Rojo,608492X,640193,APROBADO
Pancha Leon Noble,246172X,451006,APROBADO
Pancha Ballena Audaz,494916X,880945,APROBADO
Maria Zorro Rojo,128178X,398914,RECHAZADO (Riesgo Salud/Financiero)
Sacha Huemul Salvage,423721X,650086,APROBADO
Sacha Gato Sigiloso,176658X,62797,RECHAZADO (Riesgo Salud/Financiero)
Francisco Leon Sigiloso,543883X,442076,APROBADO
Sacha Gato Salvage,283686X,46859,APROBADO
Matias Zorro Salvage,922032X,466321,APROBADO
Maria Gato Noble,427831X,85009,RECHAZADO (Riesgo Salud/Financiero)
Pancha Gato Veloz,148872X,206067,RECHAZADO (Riesgo Salud/Financiero)
Matias Huemul Gigante,71379X,194200,RECHAZADO (Riesgo Salud/Financiero)
Coty Perro Gigante,740157X,383639,APROBADO
Matias Huemul Veloz,965271X,72781,APROBADO
Sacha Puma Austral,744174X,319754,RECHAZADO (Riesgo Salud/Financiero)
Pepe Gato Noble,562030X,740290,APROBADO
Coty Gato Salvage,341476X,831478,APROBADO
Maria Condor Veloz,652574X,755752,APROBADO
Francisco Leon Salvage,539071X,263146,APROBADO
Matias Zorro Rojo,92180X,747461,APROBADO
Juan Huemul Rojo,160893X,782202,APROBADO
Sacha Zorro Sigiloso,244644X,716837,APROBADO
Maria Perro Salvage,92003X,609497,RECHAZADO (Riesgo Salud/Financiero)
Coty Nutria Rojo,506362X,98386,APROBADO
Sacha Huemul Audaz,844355X,399583,APROBADO
Francisco Condor Noble,19995X,69806,RECHAZADO (Riesgo Salud/Financiero)
Pepe Condor Salvage,971285X,246082,RECHAZADO (Riesgo Salud/Financiero)
Sacha Zorro Austral,111919X,673431,RECHAZADO (Riesgo Salud/Financiero)
Pancha Puma Salvage,433604X,225047,APROBADO
Pepe Puma Sigiloso,664462X,637613,APROBADO
Pancha Perro Veloz,826746X,17736,APROBADO
Lucho Gato Rojo,295170X,551004,APROBADO
Sacha Puma Austral,861950X,680591,APROBADO
Pancha Huemul Gigante,889811X,447680,APROBADO
Juan Perro Audaz,34961X,131121,APROBADO
Pepe Condor Audaz,420432X,70855,APROBADO
Pepe Ballena Audaz,465911X,379402,RECHAZADO (Riesgo Salud/Financiero)
Sacha Huemul Audaz,904857X,252131,APROBADO
Pepe Perro Sigiloso,914739X,343682,APROBADO
Lucho Huemul Salvage,558508X,797376,APROBADO
Lucho Puma Rojo,517588X,546006,RECHAZADO (Riesgo Salud/Financiero)
Coty Ballena Audaz,591413X,696705,APROBADO
Lucho Ballena Audaz,831207X,241057,APROBADO
Juan Zorro Veloz,325846X,809363,APROBADO
Pancha Gato Gigante,246325X,522964,APROBADO
Coty Nutria Salvage,866370X,632104,APROBADO
Coty Puma Gigante,519634X,369496,RECHAZADO (Riesgo Salud/Financiero)
Juan Condor Gigante,76321X,188798,APROBADO
Coty Leon Salvage,312736X,700848,APROBADO
Maria Leon Rojo,218736X,864746,APROBADO
Coty Gato Austral,469462X,864376,APROBADO
Juan Gato Rojo,602358X,650080,RECHAZADO (Riesgo Salud/Financiero)
Matias Gato Salvage,163303X,235927,APROBADO
Coty Nutria Noble,963736X,271468,APROBADO
Sacha Zorro Veloz,47713X,890466,APROBADO
Pepe Huemul Sigiloso,43956X,563110,APROBADO
Pepe Condor Salvage,766493X,896380,APROBADO
Juan Zorro Salvage,91475X,409735,APROBADO
Pepe Huemul Audaz,870747X,176705,APROBADO
Lucho Zorro Audaz,844468X,654907,APROBADO
Juan Huemul Austral,505215X,846863,APROBADO
Coty Condor Gigante,179625X,363226,APROBADO
Pancha Gato Rojo,464349X,804498,APROBADO
Lucho Gato Audaz,206610X,453493,APROBADO
Maria Leon Salvage,43260X,591598,APROBADO
Francisco Huemul Sigiloso,994596X,540321,APROBADO
Pepe Leon Sigiloso,361171X,728183,APROBADO
Pepe Leon Sigiloso,710829X,790837,APROBADO
Matias Perro Veloz,120249X,421999,RECHAZADO (Riesgo Salud/Financiero)
Juan Ballena Noble,423618X,281524,APROBADO
Lucho Ballena Noble,750884X,673344,APROBADO
Sacha Leon Rojo,746259X,35220,APROBADO
Pancha Condor Austral,812875X,161261,APROBADO
Sacha Leon Gigante,336271X,321021,APROBADO
Coty Ballena Gigante,896572X,233878,APROBADO
Matias Gato Veloz,335449X,648040,APROBADO
Coty Leon Noble,372878X,271464,APROBADO
Pancha Condor Sigiloso,251077X,20912,APROBADO
Coty Zorro Noble,947361X,498414,RECHAZADO (Riesgo Salud/Financiero)
Juan Condor Noble,774259X,492893,APROBADO
Coty Perro Audaz,860156X,23611,RECHAZADO (Riesgo Salud/Financiero)
Juan Perro Veloz,108948X,869689,RECHAZADO (Riesgo Salud/Financiero)
Pancha Perro Veloz,46071X,651416,APROBADO
Francisco Zorro Austral,102566X,203179,APROBADO
Pepe Condor Sigiloso,861541X,485282,APROBADO
Pancha Gato Austral,268426X,633707,APROBADO
Lucho Nutria Veloz,463764X,738122,APROBADO
Coty Puma Audaz,23740X,65578,APROBADO
Pancha Puma Noble,570010X,573686,RECHAZADO (Riesgo Salud/Financiero)
Pepe Huemul Salvage,588204X,65796,RECHAZADO (Riesgo Salud/Financiero)
Matias Leon Austral,632139X,812172,APROBADO
Juan Perro Sigiloso,992276X,355310,RECHAZADO (Riesgo Salud/Financiero)
Sacha Huemul Gigante,190693X,90920,APROBADO
Pepe Gato Austral,502946X,256673,APROBADO
Matias Ballena Gigante,304164X,842324,RECHAZADO (Riesgo Salud/Financiero)
Pancha Huemul Veloz,957684X,710220,APROBADO
Coty Nutria Gigante,428255X,111555,APROBADO
Maria Leon Audaz,541038X,785181,APROBADO
Pancha Huemul Sigiloso,549911X,730096,RECHAZADO (Riesgo Salud/Financiero)
Pepe Nutria Austral,51797X,574578,APROBADO
Juan Huemul Gigante,650020X,418434,RECHAZADO (Riesgo Salud/Financiero)
Juan Condor Salvage,29059X,95099,APROBADO
Maria Perro Salvage,689948X,602092,RECHAZADO (Riesgo Salud/Financiero)
Sacha Huemul Austral,169587X,387791,APROBADO
Pancha Gato Salvage,403253X,103133,APROBADO
Coty Zorro Sigiloso,564796X,107189,APROBADO
Pancha Ballena Noble,31729X,51557,APROBADO
Lucho Nutria Audaz,783199X,296860,APROBADO
Coty Ballena Austral,819419X,340043,APROBADO
Pepe Perro Austral,966203X,300730,RECHAZADO (Riesgo Salud/Financiero)
Maria Leon Austral,193997X,356289,RECHAZADO (Riesgo Salud/Financiero)
Juan Zorro Rojo,991129X,431341,APROBADO
Pancha Ballena Rojo,696585X,709455,APROBADO
Sacha Zorro Rojo,675213X,569583,APROBADO
Juan Puma Salvage,71304X,856149,APROBADO
Pancha Perro Audaz,783485X,330287,APROBADO
Francisco Ballena Austral,850593X,608743,APROBADO
Maria Nutria Gigante,491794X,210805,APROBADO
Coty Perro Rojo,101840X,36561,APROBADO
Juan Leon Noble,126143X,444229,APROBADO
Pepe Huemul Salvage,201708X,560861,APROBADO
Sacha Perro Salvage,120064X,608777,APROBADO
Pepe Gato Rojo,373822X,397449,APROBADO
Pancha Gato Noble,636857X,135106,APROBADO
Sacha Huemul Austral,657753X,491242,APROBADO
Lucho Leon Veloz,104837X,444462,APROBADO
Coty Gato Sigiloso,175800X,433703,APROBADO
Coty Perro Noble,833098X,819137,APROBADO
Sacha Huemul Rojo,68579X,732738,APROBADO
Sacha Ballena Sigiloso,541644X,557857,RECHAZADO (Riesgo Salud/Financiero)
Francisco Nutria Noble,1220X,536837,RECHAZADO (Riesgo Salud/Financiero)
Pepe Leon Austral,419594X,373637,APROBADO
Pancha Leon Salvage,236085X,115487,APROBADO
Pepe Condor Sigiloso,297767X,64429,APROBADO
Francisco Ballena Salvage,86021X,704443,RECHAZADO (Riesgo Salud/Financiero)
Sacha Ballena Sigiloso,713511X,468900,APROBADO
Sacha Zorro Sigiloso,711348X,194805,APROBADO
Pepe Gato Gigante,218773X,874791,RECHAZADO (Riesgo Salud/Financiero)
Sacha Condor Rojo,271802X,93106,RECHAZADO (Riesgo Salud/Financiero)
Lucho Huemul Gigante,451859X,120100,APROBADO
Lucho Huemul Audaz,861549X,245785,APROBADO
Pepe Condor Austral,99373X,772709,APROBADO
Coty Leon Sigiloso,90514X,252155,APROBADO
Lucho Zorro Noble,303142X,329964,RECHAZADO (Riesgo Salud/Financiero)
Pancha Gato Sigiloso,220402X,477591,APROBADO
Pepe Condor Noble,869798X,718490,RECHAZADO (Riesgo Salud/Financiero)
Francisco Puma Sigiloso,807431X,484036,APROBADO
Maria Huemul Sigiloso,863630X,839111,RECHAZADO (Riesgo Salud/Financiero)
Pepe Nutria Noble,805630X,112937,APROBADO
Pancha Leon Noble,675541X,831263,APROBADO
Coty Leon Sigiloso,792618X,896408,RECHAZADO (Riesgo Salud/Financiero)
Sacha Gato Noble,825270X,535168,RECHAZADO (Riesgo Salud/Financiero)
Matias Leon Salvage,797281X,440353,APROBADO
Lucho Zorro Noble,898619X,327055,APROBADO
Maria Zorro Veloz,512046X,410565,APROBADO
Matias Huemul Gigante,96536X,576906,RECHAZADO (Riesgo Salud/Financiero)
Sacha Perro Noble,876824X,332237,APROBADO
Sacha Huemul Austral,981693X,859731,APROBADO
Pepe Ballena Audaz,749988X,447059,APROBADO
Pepe Zorro Noble,385012X,758266,APROBADO
Maria Ballena Rojo,995245X,860646,APROBADO
Francisco Perro Audaz,579438X,412362,APROBADO
Pepe Zorro Salvage,968966X,396531,APROBADO
Sacha Zorro Rojo,846567X,517934,APROBADO
Matias Gato Veloz,495854X,823195,APROBADO
Pancha Ballena Sigiloso,401675X,217488,APROBADO
Francisco Condor Veloz,767923X,58154,APROBADO
Maria Zorro Gigante,656891X,758690,APROBADO
Matias Zorro Sigiloso,752303X,267033,APROBADO
Francisco Nutria Gigante,814926X,426826,APROBADO
Lucho Puma Gigante,83107X,491408,RECHAZADO (Riesgo Salud/Financiero)
Juan Puma Austral,883014X,766598,RECHAZADO (Riesgo Salud/Financiero)
Sacha Leon Austral,624620X,29618,APROBADO
Matias Nutria Sigiloso,366318X,127414,RECHAZADO (Riesgo Salud/Financiero)
Juan Condor Audaz,730635X,694353,APROBADO
Pepe Zorro Gigante,666594X,352036,APROBADO
Sacha Ballena Audaz,79940X,890268,APROBADO
Francisco Huemul Salvage,133908X,420153,RECHAZADO (Riesgo Salud/Financiero)
Juan Nutria Salvage,317210X,732857,APROBADO
Maria Perro Audaz,451034X,537877,APROBADO
Pancha Condor Veloz,905246X,613539,APROBADO
Coty Puma Sigiloso,290621X,848937,APROBADO
Sacha Puma Veloz,665006X,882478,APROBADO
Coty Ballena Salvage,703172X,552335,APROBADO
Matias Gato Veloz,958477X,378632,APROBADO
Matias Ballena Austral,56283X,37140,APROBADO
Juan Condor Austral,862800X,508667,APROBADO
Juan Condor Sigiloso,820390X,539410,APROBADO
Pancha Condor Salvage,291465X,296816,APROBADO
Juan Zorro Gigante,481809X,594012,RECHAZADO (Riesgo Salud/Financiero)
Francisco Puma Salvage,584679X,804314,APROBADO
Maria Gato Salvage,738578X,194134,APROBADO
Pepe Ballena Austral,250542X,294476,APROBADO
Matias Zorro Veloz,9783X,160478,APROBADO
Pancha Ballena Sigiloso,102306X,287396,APROBADO
Juan Zorro Rojo,513689X,697099,APROBADO
Pepe Nutria Audaz,250494X,738884,APROBADO
Pepe Huemul Sigiloso,228611X,824372,RECHAZADO (Riesgo Salud/Financiero)
Coty Gato Audaz,171029X,126413,APROBADO
Pepe Nutria Austral,29102X,746554,APROBADO
Juan Perro Gigante,888222X,521363,RECHAZADO (Riesgo Salud/Financiero)
Lucho Puma Sigiloso,723842X,612624,APROBADO
Sacha Leon Veloz,726320X,214134,APROBADO
Lucho Condor Austral,497271X,503353,APROBADO
Pancha Puma Rojo,19344X,540714,APROBADO
Francisco Leon Audaz,313755X,832531,APROBADO
Coty Leon Gigante,990760X,260859,APROBADO
Juan Condor Veloz,666407X,379428,APROBADO
Coty Nutria Audaz,252744X,61955,APROBADO
Sacha Nutria Audaz,497745X,802929,APROBADO
Francisco Perro Noble,196313X,396633,APROBADO
Sacha Ballena Salvage,222473X,541859,RECHAZADO (Riesgo Salud/Financiero)
Pancha Gato Salvage,544906X,161631,APROBADO
Maria Huemul Salvage,578468X,333191,APROBADO
Pancha Nutria Audaz,44706X,550413,APROBADO
Maria Leon Gigante,831047X,55016,RECHAZADO (Riesgo Salud/Financiero)
Coty Leon Austral,464445X,338331,APROBADO
Lucho Puma Salvage,458235X,148223,APROBADO
Pancha Zorro Rojo,735308X,491221,APROBADO
Coty Condor Noble,719337X,476879,APROBADO
Maria Gato Austral,51839X,39399,APROBADO
Pancha Condor Noble,768056X,352693,RECHAZADO (Riesgo Salud/Financiero)
Sacha Perro Audaz,683243X,524215,RECHAZADO (Riesgo Salud/Financiero)
Sacha Puma Austral,802639X,30337,APROBADO
Pepe Zorro Veloz,116134X,500914,APROBADO
Maria Perro Noble,670567X,352504,RECHAZADO (Riesgo Salud/Financiero)
Maria Huemul Salvage,331263X,873309,APROBADO
Pepe Ballena Salvage,475756X,296924,APROBADO
Coty Gato Veloz,768880X,627520,RECHAZADO (Riesgo Salud/Financiero)
Francisco Zorro Gigante,350390X,381351,APROBADO
Francisco Huemul Austral,657253X,547781,RECHAZADO (Riesgo Salud/Financiero)
Coty Zorro Noble,603943X,24247,APROBADO
Pancha Nutria Sigiloso,867659X,780332,APROBADO
Sacha Puma Veloz,588798X,161222,APROBADO
Lucho Zorro Audaz,768985X,782436,APROBADO
Sacha Puma Salvage,413187X,534849,APROBADO
Pancha Nutria Rojo,823618X,693012,APROBADO
Matias Condor Austral,16091X,58642,APROBADO
Maria Condor Veloz,935554X,435752,RECHAZADO (Riesgo Salud/Financiero)
Pepe Perro Noble,814982X,676890,APROBADO
Maria Huemul Audaz,68438X,87693,APROBADO
Matias Condor Gigante,870249X,52171,APROBADO
Matias Zorro Rojo,689206X,730835,RECHAZADO (Riesgo Salud/Financiero)
Maria Perro Sigiloso,164616X,537519,APROBADO
Maria Zorro Sigiloso,213661X,459709,APROBADO
Pepe Ballena Rojo,255280X,557331,APROBADO
Matias Condor Rojo,78410X,206564,APROBADO
Coty Nutria Sigiloso,875289X,776567,APROBADO
Juan Gato Noble,463435X,393747,APROBADO
Matias Puma Salvage,659692X,443597,APROBADO
Sacha Ballena Sigiloso,39327X,466051,APROBADO
Juan Huemul Audaz,467903X,435732,APROBADO
Lucho Gato Rojo,962788X,872724,APROBADO
Juan Nutria Audaz,965789X,512747,APROBADO
Maria Puma Sigiloso,732478X,379261,APROBADO
Pancha Perro Salvage,296911X,745166,APROBADO
Maria Perro Salvage,510802X,324566,RECHAZADO (Riesgo Salud/Financiero)
Maria Huemul Sigiloso,499290X,364610,RECHAZADO (Riesgo Salud/Financiero)
Maria Condor Sigiloso,489292X,288848,APROBADO
Maria Huemul Audaz,491788X,507650,APROBADO
Juan Perro Salvage,495076X,423071,APROBADO
Sacha Zorro Gigante,140629X,861477,APROBADO
Matias Ballena Salvage,893279X,285318,APROBADO
Matias Leon Gigante,660340X,212921,APROBADO
Maria Gato Noble,148973X,575440,APROBADO
Lucho Zorro Audaz,994983X,180190,APROBADO
Juan Condor Austral,921011X,139898,APROBADO
Juan Perro Veloz,413186X,175554,APROBADO
Pepe Condor Salvage,67369X,186492,RECHAZADO (Riesgo Salud/Financiero)
Francisco Zorro Sigiloso,621573X,118214,APROBADO
Francisco Zorro Audaz,837786X,390060,APROBADO
Matias Ballena Austral,413880X,432177,APROBADO
Juan Ballena Sigiloso,480411X,860430,APROBADO
Matias Nutria Noble,420265X,666526,APROBADO
Pepe Leon Rojo,546076X,126044,APROBADO
Coty Puma Salvage,371352X,572807,APROBADO
Lucho Leon Rojo,630898X,348159,APROBADO
Coty Huemul Salvage,880034X,443685,APROBADO
Coty Ballena Noble,318538X,542066,RECHAZADO (Riesgo Salud/Financiero)
Maria Perro Sigiloso,579761X,191071,APROBADO
Coty Huemul Salvage,639009X,649984,APROBADO
Juan Condor Austral,76677X,371996,APROBADO
Matias Huemul Salvage,850884X,472006,APROBADO
Maria Huemul Salvage,901639X,684046,APROBADO
Matias Huemul Rojo,700316X,382109,APROBADO
Matias Nutria Salvage,482040X,589353,RECHAZADO (Riesgo Salud/Financiero)
Sacha Ballena Veloz,772334X,306191,APROBADO
Pancha Huemul Rojo,48921X,243033,APROBADO
Maria Nutria Veloz,915592X,346880,APROBADO
Juan Perro Salvage,538020X,497145,RECHAZADO (Riesgo Salud/Financiero)
Pepe Nutria Audaz,62813X,247081,APROBADO
Matias Puma Audaz,480433X,546791,APROBADO
Sacha Ballena Veloz,661651X,559067,APROBADO
Juan Perro Audaz,909601X,874377,APROBADO
Sacha Puma Gigante,584285X,55046,RECHAZADO (Riesgo Salud/Financiero)
Lucho Condor Sigiloso,975257X,723459,RECHAZADO (Riesgo Salud/Financiero)
Lucho Leon Veloz,95594X,484963,APROBADO
Francisco Leon Noble,48193X,602363,APROBADO
Sacha Nutria Noble,995500X,574079,APROBADO
Coty Condor Veloz,430732X,331741,APROBADO
Pepe Gato Austral,600716X,659820,APROBADO
Francisco Ballena Salvage,736693X,811915,APROBADO
Juan Perro Audaz,707143X,177011,APROBADO
Coty Leon Salvage,215732X,177406,APROBADO
Matias Puma Sigiloso,973578X,307326,APROBADO
Pepe Perro Noble,888021X,546710,APROBADO
Maria Huemul Audaz,342628X,693667,RECHAZADO (Riesgo Salud/Financiero)
Pepe Leon Salvage,270065X,778003,APROBADO
Francisco Condor Gigante,855098X,791417,RECHAZADO (Riesgo Salud/Financiero)
Maria Zorro Audaz,351521X,206862,APROBADO
Coty Ballena Audaz,476483X,135102,APROBADO
Juan Huemul Rojo,740201X,797276,APROBADO
Sacha Huemul Noble,426224X,146562,APROBADO
Pancha Gato Austral,731709X,754592,APROBADO
Matias Gato Rojo,422951X,373762,APROBADO
Pepe Zorro Gigante,254267X,395646,APROBADO
Juan Huemul Audaz,308076X,513463,RECHAZADO (Riesgo Salud/Financiero)
Juan Leon Gigante,720060X,72549,APROBADO
Pancha Condor Noble,341572X,648304,APROBADO
Pepe Condor Noble,251996X,846043,APROBADO
Juan Ballena Veloz,799890X,670338,RECHAZADO (Riesgo Salud/Financiero)
Sacha Zorro Gigante,97302X,290385,APROBADO
Coty Zorro Salvage,924955X,371035,RECHAZADO (Riesgo Salud/Financiero)
Lucho Nutria Audaz,24699X,738213,RECHAZADO (Riesgo Salud/Financiero)
Maria Ballena Austral,204524X,605807,RECHAZADO (Riesgo Salud/Financiero)
Lucho Zorro Austral,682221X,78794,APROBADO
Pancha Condor Gigante,928575X,213465,APROBADO
Juan Gato Veloz,455227X,474962,APROBADO
Coty Puma Sigiloso,36032X,795333,APROBADO
Maria Puma Veloz,31028X,861563,RECHAZADO (Riesgo Salud/Financiero)
Matias Huemul Audaz,87747X,649965,APROBADO
Lucho Gato Noble,227848X,171070,APROBADO
Pepe Gato Gigante,617958X,327017,APROBADO
Pepe Puma Noble,352965X,843430,APROBADO
Pepe Puma Austral,382018X,745811,APROBADO
Matias Zorro Noble,94069X,186912,APROBADO
Francisco Zorro Austral,944843X,830596,RECHAZADO (Riesgo Salud/Financiero)
Maria Nutria Gigante,521788X,352421,APROBADO
Francisco Perro Veloz,330513X,784072,APROBADO
Francisco Puma Veloz,405470X,273785,RECHAZADO (Riesgo Salud/Financiero)
Lucho Nutria Rojo,534150X,223733,APROBADO
Lucho Nutria Sigiloso,625750X,576678,APROBADO
Maria Zorro Veloz,43495X,363608,APROBADO
Matias Puma Austral,59963X,165112,APROBADO
Maria Condor Austral,137651X,646284,RECHAZADO (Riesgo Salud/Financiero)
Matias Gato Austral,438841X,142372,APROBADO
Coty Zorro Gigante,288560X,370151,RECHAZADO (Riesgo Salud/Financiero)
Sacha Zorro Austral,863590X,241219,APROBADO
Coty Nutria Rojo,883241X,256573,APROBADO
Sacha Gato Gigante,818285X,436767,APROBADO
Francisco Puma Austral,632504X,545135,APROBADO
Pancha Huemul Austral,720569X,647829,APROBADO
Coty Condor Rojo,989180X,457024,APROBADO
Juan Condor Noble,885564X,218298,APROBADO
Francisco Perro Salvage,609869X,663908,APROBADO
Pancha Huemul Salvage,127246X,546224,APROBADO
Lucho Gato Austral,837808X,578639,APROBADO
Juan Perro Austral,486615X,880503,APROBADO
Matias Zorro Sigiloso,834754X,102353,APROBADO
Sacha Leon Veloz,908179X,289375,APROBADO
Lucho Condor Gigante,630479X,494493,APROBADO
Juan Huemul Salvage,614042X,324399,APROBADO
Maria Leon Gigante,540626X,130151,APROBADO
Lucho Leon Gigante,395917X,100670,APROBADO
Francisco Condor Noble,806058X,727776,APROBADO
Juan Gato Veloz,925512X,254921,APROBADO
Francisco Zorro Gigante,601392X,286237,RECHAZADO (Riesgo Salud/Financiero)
Matias Gato Veloz,769234X,386437,RECHAZADO (Riesgo Salud/Financiero)
Francisco Perro Veloz,936271X,168060,APROBADO
Matias Ballena Audaz,789545X,638011,RECHAZADO (Riesgo Salud/Financiero)
Maria Perro Veloz,714259X,452213,APROBADO
Pancha Puma Rojo,253959X,696121,APROBADO
Juan Huemul Salvage,425819X,693692,APROBADO
Pancha Puma Rojo,947988X,164974,APROBADO
Pancha Ballena Noble,48799X,684595,APROBADO
Maria Nutria Veloz,827355X,524778,APROBADO
Pepe Zorro Veloz,512905X,266286,APROBADO
Francisco Huemul Salvage,100660X,514107,APROBADO
Lucho Zorro Rojo,83606X,624850,RECHAZADO (Riesgo Salud/Financiero)
Coty Gato Sigiloso,536252X,615720,APROBADO
Maria Nutria Gigante,441850X,95246,APROBADO
Lucho Nutria Veloz,66260X,307253,APROBADO
Coty Nutria Noble,629646X,447236,APROBADO
Maria Ballena Austral,533968X,168484,APROBADO
Lucho Ballena Gigante,495631X,127661,APROBADO
Matias Gato Sigiloso,432997X,761112,APROBADO
Sacha Perro Audaz,329221X,544827,APROBADO
Coty Ballena Austral,663157X,117583,APROBADO
Francisco Leon Salvage,453008X,564559,APROBADO
Pancha Zorro Noble,72304X,861507,APROBADO
Francisco Zorro Noble,236652X,525695,APROBADO
Maria Puma Austral,755438X,729099,APROBADO
Pancha Leon Gigante,592148X,501792,APROBADO
Matias Ballena Veloz,414108X,159278,APROBADO
Lucho Zorro Audaz,162830X,114371,APROBADO
Matias Gato Veloz,403169X,360708,APROBADO
Sacha Perro Noble,33085X,403107,RECHAZADO (Riesgo Salud/Financiero)
Lucho Ballena Noble,273042X,826782,APROBADO
Sacha Nutria Audaz,111871X,855350,APROBADO
Coty Gato Gigante,299923X,774122,RECHAZADO (Riesgo Salud/Financiero)
Sacha Huemul Audaz,702470X,676066,RECHAZADO (Riesgo Salud/Financiero)
Maria Perro Austral,205307X,776106,APROBADO
Maria Ballena Salvage,370076X,522923,RECHAZADO (Riesgo Salud/Financiero)
Francisco Zorro Gigante,981065X,807175,APROBADO
Lucho Condor Veloz,82320X,22061,APROBADO
Pancha Perro Austral,369621X,472786,APROBADO
Juan Ballena Audaz,430088X,850003,APROBADO
Juan Puma Noble,997095X,413940,APROBADO
Francisco Condor Gigante,445321X,779647,APROBADO
Sacha Perro Salvage,778848X,316545,APROBADO
Matias Zorro Rojo,898346X,408254,APROBADO
Lucho Ballena Veloz,52990X,346017,APROBADO
Juan Condor Austral,929852X,854538,APROBADO
Pepe Perro Austral,2488X,347479,APROBADO
Francisco Leon Audaz,675713X,63881,APROBADO
Pepe Huemul Gigante,288276X,397204,APROBADO
Juan Gato Rojo,614269X,894855,APROBADO
Sacha Huemul Rojo,541727X,195125,RECHAZADO (Riesgo Salud/Financiero)
Juan Zorro Sigiloso,557709X,811688,APROBADO
Matias Zorro Veloz,413628X,273290,APROBADO
Pancha Leon Audaz,229153X,514105,APROBADO
Pancha Condor Gigante,157236X,469298,APROBADO
Lucho Gato Veloz,913164X,577224,RECHAZADO (Riesgo Salud/Financiero)
Sacha Condor Rojo,88807X,458129,RECHAZADO (Riesgo Salud/Financiero)
Francisco Puma Audaz,385795X,54477,APROBADO
Coty Leon Austral,63727X,424544,APROBADO
Pepe Condor Salvage,805756X,532157,APROBADO
Francisco Condor Salvage,67840X,360113,RECHAZADO (Riesgo Salud/Financiero)
Maria Perro Sigiloso,565851X,437558,APROBADO
Sacha Leon Salvage,743874X,246679,APROBADO
Matias Leon Sigiloso,502893X,360077,APROBADO
Pancha Puma Gigante,297833X,342972,APROBADO
Maria Puma Noble,290932X,893315,RECHAZADO (Riesgo Salud/Financiero)
Coty Zorro Noble,79728X,369845,APROBADO
Pepe Huemul Salvage,2776X,57027,APROBADO
Francisco Zorro Rojo,637032X,332365,APROBADO
Matias Perro Rojo,504768X,459916,RECHAZADO (Riesgo Salud/Financiero)
Maria Nutria Gigante,865253X,244826,APROBADO
Maria Zorro Veloz,75045X,474418,APROBADO
Matias Nutria Gigante,753137X,111530,APROBADO
Matias Puma Veloz,2186X,437276,APROBADO
Lucho Zorro Rojo,952923X,343384,RECHAZADO (Riesgo Salud/Financiero)
Lucho Condor Noble,348372X,96397,RECHAZADO (Riesgo Salud/Financiero)
Lucho Zorro Gigante,395297X,143821,APROBADO
Sacha Leon Sigiloso,377745X,571894,APROBADO
Maria Ballena Noble,984131X,612013,APROBADO
Coty Huemul Austral,91163X,822886,APROBADO
Lucho Ballena Sigiloso,166565X,230159,APROBADO
Francisco Zorro Salvage,60431X,795313,APROBADO
Matias Leon Gigante,393762X,752062,RECHAZADO (Riesgo Salud/Financiero)
Coty Huemul Audaz,432602X,671062,APROBADO
Matias Leon Veloz,38259X,849456,RECHAZADO (Riesgo Salud/Financiero)
Sacha Ballena Noble,291780X,684993,APROBADO
Coty Nutria Noble,325499X,193423,APROBADO
Francisco Perro Noble,638675X,236086,APROBADO
Coty Perro Audaz,246194X,190547,APROBADO
Pepe Zorro Gigante,126294X,621715,APROBADO
Maria Nutria Rojo,674573X,832765,APROBADO
Matias Huemul Austral,381170X,869776,APROBADO
Maria Huemul Sigiloso,831669X,322687,RECHAZADO (Riesgo Salud/Financiero)
Matias Nutria Gigante,432225X,387725,APROBADO
Francisco Ballena Sigiloso,250511X,519277,RECHAZADO (Riesgo Salud/Financiero)
Sacha Zorro Austral,533106X,578997,APROBADO
Matias Huemul Rojo,233298X,844356,APROBADO
Lucho Huemul Rojo,21216X,587721,APROBADO
Matias Puma Veloz,670088X,733893,APROBADO
Francisco Perro Rojo,888867X,505842,APROBADO
Juan Perro Austral,736279X,872742,APROBADO
Matias Gato Audaz,817042X,269174,APROBADO
Lucho Leon Veloz,702847X,721725,APROBADO
Maria Condor Audaz,771468X,809120,APROBADO
Coty Ballena Noble,456618X,664429,APROBADO
Pepe Zorro Sigiloso,631571X,32689,APROBADO
Sacha Huemul Salvage,804468X,502255,APROBADO
Pancha Perro Gigante,712160X,192816,APROBADO
Maria Perro Salvage,881423X,615896,RECHAZADO (Riesgo Salud/Financiero)
Matias Puma Noble,390623X,343915,RECHAZADO (Riesgo Salud/Financiero)
Juan Puma Veloz,437521X,585439,APROBADO
Pancha Condor Austral,860273X,117992,RECHAZADO (Riesgo Salud/Financiero)
Francisco Zorro Gigante,913079X,645661,RECHAZADO (Riesgo Salud/Financiero)
Lucho Zorro Noble,200029X,200876,APROBADO
Maria Leon Veloz,146139X,252196,APROBADO
Coty Condor Noble,661615X,134211,APROBADO
Pepe Huemul Veloz,523520X,429473,APROBADO
Sacha Nutria Austral,267032X,509002,APROBADO
Lucho Condor Audaz,260811X,84375,APROBADO
Pancha Zorro Veloz,752150X,167387,APROBADO
Matias Zorro Salvage,445199X,771866,RECHAZADO (Riesgo Salud/Financiero)
Sacha Huemul Noble,337421X,628476,APROBADO
Pancha Perro Austral,264088X,440459,APROBADO
Sacha Gato Audaz,430724X,768370,APROBADO
Pepe Ballena Sigiloso,660075X,695711,APROBADO
Sacha Perro Sigiloso,349640X,521394,APROBADO
Lucho Nutria Gigante,501960X,633659,APROBADO
Lucho Nutria Sigiloso,881631X,554977,APROBADO
Lucho Ballena Austral,106602X,470723,APROBADO
Juan Zorro Austral,932954X,692751,APROBADO
Pepe Gato Audaz,189112X,114895,APROBADO
Sacha Nutria Austral,765261X,730530,RECHAZADO (Riesgo Salud/Financiero)
Sacha Nutria Veloz,888126X,284546,APROBADO
Coty Ballena Sigiloso,849602X,330769,RECHAZADO (Riesgo Salud/Financiero)
Maria Condor Austral,359820X,531737,APROBADO
Pepe Leon Sigiloso,248097X,635238,RECHAZADO (Riesgo Salud/Financiero)
Francisco Puma Rojo,929013X,344540,APROBADO
Maria Zorro Austral,346382X,15555,RECHAZADO (Riesgo Salud/Financiero)
Juan Condor Audaz,494100X,863668,APROBADO
Pepe Gato Sigiloso,57074X,652030,RECHAZADO (Riesgo Salud/Financiero)
Sacha Zorro Noble,352547X,513854,APROBADO
Pancha Leon Gigante,170436X,614574,APROBADO
Francisco Condor Audaz,94921X,261947,APROBADO
Juan Condor Sigiloso,557282X,665646,APROBADO
Sacha Zorro Veloz,368527X,399030,APROBADO
Lucho Condor Noble,153753X,384183,APROBADO
Pepe Perro Rojo,590734X,398635,RECHAZADO (Riesgo Salud/Financiero)
Matias Huemul Sigiloso,560402X,310714,APROBADO
Francisco Leon Veloz,492756X,222558,APROBADO
Coty Puma Rojo,122145X,801063,RECHAZADO (Riesgo Salud/Financiero)
Lucho Puma Gigante,994018X,813620,APROBADO
Juan Ballena Sigiloso,46268X,312518,APROBADO
Matias Puma Veloz,257000X,689396,APROBADO
Juan Puma Audaz,515250X,311591,APROBADO
Maria Ballena Rojo,495842X,574280,APROBADO
Pepe Huemul Salvage,499633X,469775,APROBADO
Lucho Huemul Audaz,206259X,183026,RECHAZADO (Riesgo Salud/Financiero)
Lucho Condor Noble,309789X,654992,APROBADO
Pepe Ballena Sigiloso,849500X,687293,APROBADO
Juan Huemul Sigiloso,797874X,512243,APROBADO
Sacha Gato Noble,362389X,533079,APROBADO
Sacha Leon Sigiloso,110597X,591300,APROBADO
Pancha Nutria Rojo,744901X,19073,APROBADO
Lucho Leon Audaz,745567X,374087,RECHAZADO (Riesgo Salud/Financiero)
Juan Leon Noble,733310X,660949,APROBADO
Pepe Leon Gigante,394241X,392987,APROBADO
Lucho Gato Noble,208922X,807816,RECHAZADO (Riesgo Salud/Financiero)
Lucho Ballena Audaz,213064X,862940,APROBADO
Francisco Leon Austral,858176X,277319,APROBADO
Lucho Leon Veloz,639613X,267513,RECHAZADO (Riesgo Salud/Financiero)
Juan Ballena Gigante,348423X,846035,APROBADO
Francisco Huemul Salvage,541070X,208604,APROBADO
Matias Condor Noble,650397X,501866,RECHAZADO (Riesgo Salud/Financiero)
Juan Leon Gigante,349763X,394538,APROBADO
Matias Nutria Sigiloso,416093X,560941,RECHAZADO (Riesgo Salud/Financiero)
Maria Perro Salvage,788178X,51057,APROBADO
Sacha Zorro Noble,867270X,339052,APROBADO
Juan Condor Rojo,493578X,597769,APROBADO
Maria Ballena Rojo,508406X,665914,APROBADO
Juan Leon Veloz,95738X,775492,APROBADO
Pepe Condor Gigante,866080X,340563,APROBADO
Lucho Nutria Gigante,472082X,509567,APROBADO
Sacha Condor Veloz,904390X,818246,RECHAZADO (Riesgo Salud/Financiero)
Maria Ballena Rojo,893414X,409427,APROBADO
Sacha Condor Sigiloso,376807X,36636,APROBADO
Coty Zorro Veloz,43807X,126783,APROBADO
Coty Zorro Audaz,422907X,724060,RECHAZADO (Riesgo Salud/Financiero)
Sacha Puma Gigante,585700X,104147,APROBADO
Francisco Perro Gigante,747569X,665124,APROBADO
Pancha Gato Sigiloso,105801X,505394,APROBADO
Matias Gato Veloz,857338X,329545,APROBADO
Sacha Zorro Salvage,227550X,551838,APROBADO
Pancha Nutria Salvage,656865X,90082,APROBADO
Pancha Nutria Audaz,341351X,634341,APROBADO
Sacha Gato Austral,398034X,422560,APROBADO
Juan Perro Salvage,415891X,410930,APROBADO
Coty Puma Rojo,936666X,524170,APROBADO
Pancha Gato Rojo,906550X,149765,APROBADO
Juan Huemul Rojo,971702X,662844,APROBADO
Matias Zorro Noble,389144X,321560,RECHAZADO (Riesgo Salud/Financiero)
Pepe Nutria Veloz,172904X,67759,RECHAZADO (Riesgo Salud/Financiero)
Francisco Perro Rojo,798250X,658930,APROBADO
Juan Nutria Salvage,849552X,830317,APROBADO
Matias Ballena Sigiloso,937620X,72785,APROBADO
Coty Ballena Audaz,808270X,773144,APROBADO
Lucho Perro Salvage,957551X,705517,APROBADO
Francisco Huemul Sigiloso,822671X,892427,APROBADO
Lucho Gato Noble,217141X,466910,APROBADO
Maria Gato Sigiloso,73107X,123189,RECHAZADO (Riesgo Salud/Financiero)
Juan Zorro Gigante,163888X,772721,APROBADO
Sacha Condor Gigante,451911X,86298,RECHAZADO (Riesgo Salud/Financiero)
Francisco Perro Veloz,44922X,100170,APROBADO
Francisco Puma Veloz,773267X,594069,APROBADO
Juan Gato Salvage,559882X,68358,APROBADO
Francisco Ballena Gigante,303241X,347168,APROBADO
Matias Puma Rojo,883463X,274500,APROBADO
Pepe Puma Salvage,800475X,885171,APROBADO
Lucho Ballena Audaz,710318X,851193,APROBADO
Coty Huemul Veloz,763156X,601406,APROBADO
Lucho Condor Noble,957555X,854233,APROBADO
Coty Condor Noble,318215X,301151,APROBADO
Coty Condor Audaz,787954X,92099,APROBADO
Coty Perro Austral,92096X,76166,RECHAZADO (Riesgo Salud/Financiero)
Sacha Puma Veloz,528534X,96206,APROBADO
Juan Huemul Veloz,565139X,419522,APROBADO
Francisco Condor Veloz,963786X,416149,APROBADO
Matias Huemul Gigante,444915X,288680,APROBADO
Coty Zorro Gigante,893313X,532379,APROBADO
Sacha Puma Noble,826551X,186518,APROBADO
Juan Zorro Audaz,482215X,364488,APROBADO
Matias Condor Austral,499035X,854666,RECHAZADO (Riesgo Salud/Financiero)
Pancha Huemul Austral,143977X,258475,APROBADO
Pancha Huemul Rojo,975735X,437972,APROBADO
Sacha Leon Sigiloso,744382X,679629,APROBADO
Matias Condor Gigante,456554X,23203,APROBADO
Matias Ballena Audaz,597293X,342493,APROBADO
Sacha Gato Sigiloso,106596X,747595,RECHAZADO (Riesgo Salud/Financiero)
Lucho Perro Noble,977218X,439611,APROBADO
Coty Perro Noble,214675X,752567,APROBADO
Pepe Perro Veloz,611342X,58737,APROBADO
Francisco Perro Audaz,193564X,813566,APROBADO
Matias Ballena Salvage,563238X,420371,APROBADO
Pancha Puma Audaz,430123X,892019,APROBADO
Francisco Puma Veloz,270964X,829453,RECHAZADO (Riesgo Salud/Financiero)
Lucho Zorro Rojo,789825X,817927,RECHAZADO (Riesgo Salud/Financiero)
Lucho Ballena Austral,623067X,875732,RECHAZADO (Riesgo Salud/Financiero)
Pepe Huemul Audaz,604859X,638572,RECHAZADO (Riesgo Salud/Financiero)
Pancha Puma Noble,141613X,400351,APROBADO
Pepe Condor Audaz,69628X,538922,RECHAZADO (Riesgo Salud/Financiero)
Pepe Gato Salvage,383207X,485242,APROBADO
Maria Perro Gigante,548438X,657881,APROBADO
Lucho Ballena Veloz,762177X,567878,APROBADO
Sacha Ballena Rojo,836275X,166234,APROBADO
Pepe Huemul Audaz,505362X,802728,RECHAZADO (Riesgo Salud/Financiero)
Coty Ballena Rojo,684152X,506695,APROBADO
Maria Ballena Noble,539131X,197814,APROBADO
Pancha Zorro Rojo,641225X,236377,APROBADO
Coty Nutria Veloz,904936X,539264,RECHAZADO (Riesgo Salud/Financiero)
Sacha Perro Rojo,319130X,634312,APROBADO
Lucho Zorro Rojo,824079X,291691,APROBADO
Juan Ballena Salvage,695045X,640327,APROBADO
Sacha Perro Sigiloso,857133X,133896,APROBADO
Lucho Perro Austral,111021X,296799,APROBADO
Sacha Zorro Noble,194838X,823627,APROBADO
Maria Nutria Sigiloso,770943X,408317,RECHAZADO (Riesgo Salud/Financiero)
Coty Nutria Rojo,690317X,408745,APROBADO
Pancha Zorro Audaz,892296X,16244,APROBADO
Pancha Ballena Veloz,416838X,355889,APROBADO
Coty Condor Sigiloso,242043X,275965,APROBADO
Sacha Gato Veloz,169220X,683433,APROBADO
Coty Gato Noble,28647X,300650,APROBADO
Matias Perro Audaz,69008X,270637,APROBADO
Juan Gato Sigiloso,101783X,340280,APROBADO
Sacha Perro Noble,162414X,741278,RECHAZADO (Riesgo Salud/Financiero)
Francisco Huemul Salvage,39618X,310355,APROBADO
Sacha Huemul Audaz,828509X,633054,RECHAZADO (Riesgo Salud/Financiero)
Lucho Zorro Audaz,164516X,373551,RECHAZADO (Riesgo Salud/Financiero)
Sacha Gato Veloz,288501X,28374,RECHAZADO (Riesgo Salud/Financiero)
Coty Zorro Austral,451263X,673687,APROBADO
Lucho Zorro Salvage,401360X,693533,APROBADO
Matias Zorro Rojo,253605X,678744,APROBADO
Pancha Puma Sigiloso,265690X,60189,APROBADO
Coty Puma Audaz,146707X,868918,APROBADO
Juan Huemul Austral,366993X,100160,RECHAZADO (Riesgo Salud/Financiero)
Pancha Ballena Sigiloso,256167X,466311,APROBADO
Lucho Huemul Noble,514307X,203242,APROBADO
Lucho Zorro Sigiloso,23305X,881727,RECHAZADO (Riesgo Salud/Financiero)
Francisco Gato Audaz,987396X,470362,APROBADO
Matias Perro Sigiloso,552445X,564869,APROBADO
Coty Perro Austral,884515X,37352,APROBADO
Francisco Huemul Audaz,384533X,198115,APROBADO
Matias Ballena Austral,443072X,680392,RECHAZADO (Riesgo Salud/Financiero)
Matias Condor Rojo,693912X,113235,RECHAZADO (Riesgo Salud/Financiero)
Matias Nutria Austral,961898X,870766,APROBADO
Lucho Ballena Gigante,500221X,706013,APROBADO
Francisco Puma Gigante,829526X,776065,APROBADO
Coty Nutria Rojo,397442X,306197,APROBADO
Juan Huemul Veloz,272408X,504811,RECHAZADO (Riesgo Salud/Financiero)
Sacha Ballena Rojo,410287X,371242,APROBADO
Francisco Perro Austral,761483X,104225,APROBADO
Francisco Nutria Austral,58424X,577141,APROBADO
Lucho Condor Noble,11194X,326989,APROBADO
Lucho Perro Sigiloso,228179X,641448,APROBADO
Sacha Puma Austral,395671X,74877,APROBADO
Sacha Nutria Austral,305885X,355633,RECHAZADO (Riesgo Salud/Financiero)
Coty Huemul Noble,438362X,59257,APROBADO
Pancha Zorro Sigiloso,773124X,463891,APROBADO
Matias Ballena Audaz,963458X,847886,APROBADO
Maria Puma Salvage,429592X,443510,APROBADO
Pancha Ballena Veloz,814385X,250100,RECHAZADO (Riesgo Salud/Financiero)
Coty Nutria Gigante,196103X,539956,APROBADO
Sacha Leon Audaz,927576X,156477,APROBADO
Sacha Gato Austral,665122X,595358,APROBADO
Coty Leon Noble,887435X,574925,RECHAZADO (Riesgo Salud/Financiero)
Pancha Leon Audaz,904793X,894963,APROBADO
Coty Gato Audaz,956088X,556290,APROBADO
Coty Gato Noble,174022X,867231,APROBADO
Sacha Leon Gigante,866870X,261631,APROBADO
Coty Perro Austral,777906X,640638,RECHAZADO (Riesgo Salud/Financiero)
Maria Gato Rojo,305167X,646857,APROBADO
Sacha Condor Noble,267340X,801975,APROBADO
Sacha Puma Veloz,409539X,488970,APROBADO
Coty Ballena Gigante,994671X,663220,APROBADO
Lucho Leon Audaz,204533X,66390,APROBADO
Sacha Ballena Veloz,387203X,736707,APROBADO
Pancha Gato Audaz,879394X,19786,APROBADO
Pepe Huemul Veloz,971982X,880046,APROBADO
Matias Huemul Audaz,709897X,394817,APROBADO
Juan Condor Noble,85403X,107567,RECHAZADO (Riesgo Salud/Financiero)
Sacha Ballena Austral,277998X,326918,APROBADO
Maria Ballena Rojo,699515X,383361,APROBADO
Francisco Zorro Salvage,148262X,610721,APROBADO
Matias Zorro Noble,123793X,442519,APROBADO
Juan Huemul Austral,919761X,411941,APROBADO
Maria Leon Sigiloso,879892X,393492,APROBADO
Lucho Condor Audaz,971883X,121139,APROBADO
Pancha Perro Veloz,150776X,97946,APROBADO
Pepe Huemul Rojo,283016X,856396,APROBADO
Maria Leon Noble,994204X,705934,APROBADO
Coty Condor Noble,527341X,524537,APROBADO
Pancha Perro Salvage,198739X,597912,RECHAZADO (Riesgo Salud/Financiero)
Pancha Nutria Sigiloso,913766X,219032,APROBADO
Pancha Ballena Gigante,380472X,813864,APROBADO
Maria Puma Rojo,170156X,755244,APROBADO
Maria Huemul Salvage,877779X,88765,RECHAZADO (Riesgo Salud/Financiero)
Juan Zorro Austral,443986X,613657,RECHAZADO (Riesgo Salud/Financiero)
Pepe Huemul Veloz,600880X,623864,APROBADO
Pepe Leon Gigante,779993X,299620,APROBADO
Pepe Leon Rojo,357418X,338443,APROBADO
Juan Nutria Salvage,892915X,168398,APROBADO
Lucho Perro Sigiloso,917245X,816756,APROBADO
Lucho Leon Salvage,887932X,808106,RECHAZADO (Riesgo Salud/Financiero)
Francisco Nutria Noble,882675X,62992,RECHAZADO (Riesgo Salud/Financiero)
Juan Puma Salvage,666028X,489067,APROBADO
Pepe Nutria Austral,684338X,709413,APROBADO
Sacha Ballena Rojo,903189X,554621,RECHAZADO (Riesgo Salud/Financiero)
Sacha Condor Sigiloso,205598X,212367,APROBADO
Coty Huemul Noble,978145X,110567,APROBADO
Matias Ballena Veloz,106536X,861020,APROBADO
Coty Leon Gigante,385001X,601725,APROBADO
Juan Zorro Austral,428535X,833561,APROBADO
Juan Puma Rojo,463187X,319780,RECHAZADO (Riesgo Salud/Financiero)
Coty Nutria Sigiloso,802711X,82728,APROBADO
Sacha Puma Austral,511069X,86337,APROBADO
Matias Condor Austral,773572X,611082,RECHAZADO (Riesgo Salud/Financiero)
Coty Zorro Salvage,250890X,33686,APROBADO
Pepe Ballena Salvage,697238X,557225,APROBADO
Maria Puma Salvage,717858X,130485,RECHAZADO (Riesgo Salud/Financiero)
Matias Condor Gigante,260993X,650470,APROBADO
Juan Ballena Sigiloso,148735X,793718,APROBADO
Sacha Puma Sigiloso,901131X,552589,APROBADO
Coty Ballena Sigiloso,247199X,646856,APROBADO
Pepe Leon Noble,23732X,101649,APROBADO
Coty Ballena Austral,361383X,407808,APROBADO
Juan Gato Austral,699264X,777370,RECHAZADO (Riesgo Salud/Financiero)
Matias Zorro Audaz,749774X,685559,APROBADO
Sacha Nutria Austral,797928X,499509,APROBADO
Matias Ballena Sigiloso,966191X,848933,APROBADO
Matias Puma Austral,637641X,867733,APROBADO
Francisco Zorro Gigante,453339X,58285,APROBADO
Juan Perro Sigiloso,966773X,261208,APROBADO
Coty Ballena Austral,752666X,67281,APROBADO
Matias Puma Veloz,91889X,653556,RECHAZADO (Riesgo Salud/Financiero)
Juan Puma Rojo,722352X,573612,APROBADO
Sacha Leon Rojo,771811X,640122,APROBADO
Pepe Nutria Salvage,654960X,50795,APROBADO
Francisco Gato Rojo,590073X,447290,APROBADO
Sacha Zorro Rojo,63871X,559021,APROBADO
Pepe Nutria Audaz,563588X,777875,APROBADO
Maria Huemul Austral,935954X,871595,APROBADO
Francisco Huemul Gigante,531473X,206734,APROBADO
Francisco Perro Sigiloso,684964X,37109,APROBADO
Francisco Perro Salvage,111064X,68851,APROBADO
Matias Perro Sigiloso,566886X,184588,APROBADO
Pancha Zorro Salvage,613984X,554659,APROBADO
Coty Nutria Salvage,403180X,37339,APROBADO
Francisco Ballena Salvage,422616X,251953,RECHAZADO (Riesgo Salud/Financiero)
Matias Condor Audaz,230984X,129619,APROBADO
Lucho Ballena Rojo,883966X,338210,RECHAZADO (Riesgo Salud/Financiero)
Maria Nutria Noble,489275X,584379,APROBADO
Pancha Gato Audaz,24478X,485604,APROBADO
Matias Gato Gigante,895744X,522557,APROBADO
Pancha Gato Sigiloso,633954X,210585,APROBADO
Matias Perro Audaz,125514X,850530,RECHAZADO (Riesgo Salud/Financiero)
Lucho Huemul Audaz,976038X,105260,RECHAZADO (Riesgo Salud/Financiero)
Francisco Gato Rojo,42463X,513123,APROBADO
Francisco Condor Sigiloso,153437X,748921,APROBADO
Sacha Huemul Noble,773119X,808035,APROBADO
Pancha Huemul Sigiloso,898929X,704534,APROBADO
Pancha Nutria Audaz,780902X,562791,RECHAZADO (Riesgo Salud/Financiero)
Matias Leon Austral,313473X,41635,APROBADO
Lucho Leon Audaz,113325X,423777,APROBADO
Pancha Condor Sigiloso,324420X,43872,APROBADO
Pepe Zorro Austral,698104X,541631,APROBADO
Matias Gato Gigante,964619X,532529,APROBADO
Coty Condor Austral,679988X,886520,APROBADO
Maria Condor Sigiloso,631896X,528337,RECHAZADO (Riesgo Salud/Financiero)
Pancha Leon Rojo,99836X,773839,APROBADO
Juan Condor Rojo,284522X,520127,APROBADO
Sacha Nutria Sigiloso,717919X,236034,RECHAZADO (Riesgo Salud/Financiero)
Juan Condor Gigante,875459X,634677,APROBADO
Sacha Nutria Gigante,809677X,235892,APROBADO
Juan Huemul Noble,60852X,491215,APROBADO
Sacha Gato Sigiloso,53265X,391901,APROBADO
Maria Huemul Austral,503911X,546991,APROBADO
Pancha Gato Sigiloso,318914X,492265,APROBADO
Coty Condor Veloz,624870X,369461,APROBADO
Matias Condor Gigante,469786X,693543,RECHAZADO (Riesgo Salud/Financiero)
Francisco Leon Noble,229232X,718987,APROBADO
Matias Ballena Veloz,454142X,636925,APROBADO
Maria Huemul Gigante,468521X,62628,APROBADO
Pancha Nutria Salvage,577715X,531440,RECHAZADO (Riesgo Salud/Financiero)
Juan Puma Salvage,557448X,579188,RECHAZADO (Riesgo Salud/Financiero)
Sacha Leon Salvage,452830X,438319,APROBADO
Sacha Perro Sigiloso,358985X,343340,APROBADO
Matias Nutria Austral,907408X,858287,APROBADO
Coty Ballena Sigiloso,79967X,172396,APROBADO
Coty Leon Veloz,458452X,90529,APROBADO
Pancha Gato Salvage,672029X,496729,RECHAZADO (Riesgo Salud/Financiero)
Maria Leon Rojo,335167X,533236,APROBADO
Matias Perro Sigiloso,142975X,263024,RECHAZADO (Riesgo Salud/Financiero)
Pancha Ballena Audaz,523339X,730947,APROBADO
Matias Leon Austral,697177X,627812,APROBADO
Maria Gato Salvage,573021X,677895,RECHAZADO (Riesgo Salud/Financiero)
Coty Gato Sigiloso,959025X,542263,APROBADO
Francisco Puma Sigiloso,718684X,770155,APROBADO
Pepe Huemul Audaz,512085X,473172,APROBADO
Juan Puma Salvage,607592X,87320,APROBADO
Pepe Zorro Sigiloso,260903X,491674,RECHAZADO (Riesgo Salud/Financiero)
Pancha Zorro Audaz,659110X,338841,APROBADO
Lucho Nutria Rojo,519044X,842612,APROBADO
Maria Huemul Noble,761850X,178378,APROBADO
Pepe Condor Noble,731844X,154065,APROBADO
Coty Perro Veloz,414454X,302551,APROBADO
Lucho Nutria Veloz,18023X,91807,APROBADO
Matias Perro Rojo,224486X,680790,APROBADO
Matias Condor Austral,472280X,361435,RECHAZADO (Riesgo Salud/Financiero)
Sacha Gato Audaz,460257X,32112,APROBADO
Francisco Gato Austral,275798X,609766,APROBADO
Maria Perro Gigante,525287X,447773,APROBADO
Matias Leon Sigiloso,37115X,810720,RECHAZADO (Riesgo Salud/Financiero)
Matias Puma Noble,7515X,232480,APROBADO
Lucho Condor Austral,658841X,827360,APROBADO
Sacha Perro Veloz,75856X,860403,APROBADO
Pancha Ballena Audaz,615109X,501821,APROBADO
Pepe Nutria Gigante,785241X,834892,RECHAZADO (Riesgo Salud/Financiero)
Sacha Puma Austral,29210X,26281,APROBADO
Maria Huemul Rojo,937124X,625532,APROBADO
Maria Nutria Salvage,824703X,673957,APROBADO
Maria Zorro Rojo,537308X,489382,APROBADO
Sacha Puma Noble,425883X,31300,APROBADO
Coty Leon Salvage,959569X,405573,APROBADO
Pepe Zorro Rojo,667581X,497065,APROBADO
Lucho Puma Austral,257199X,544098,RECHAZADO (Riesgo Salud/Financiero)
Juan Leon Noble,528973X,859355,APROBADO
Sacha Huemul Gigante,455186X,422928,APROBADO
Maria Nutria Gigante,287122X,816082,RECHAZADO (Riesgo Salud/Financiero)
Francisco Gato Gigante,182813X,126580,RECHAZADO (Riesgo Salud/Financiero)
Pepe Nutria Noble,352156X,852049,APROBADO
Francisco Leon Austral,312837X,662317,RECHAZADO (Riesgo Salud/Financiero)
Pancha Puma Rojo,991661X,826855,APROBADO
Lucho Ballena Audaz,296473X,346165,APROBADO
Francisco Nutria Noble,788374X,738322,APROBADO
Juan Gato Veloz,501550X,302087,APROBADO
Pancha Puma Audaz,805019X,567296,APROBADO
Francisco Huemul Noble,110785X,110649,RECHAZADO (Riesgo Salud/Financiero)
Pepe Gato Salvage,530791X,21120,APROBADO
Juan Leon Salvage,55946X,657633,APROBADO
Pepe Ballena Rojo,710723X,126746,APROBADO
Pepe Gato Sigiloso,683827X,576896,RECHAZADO (Riesgo Salud/Financiero)
Maria Gato Veloz,327097X,298473,APROBADO
Coty Leon Austral,861314X,675912,APROBADO
Juan Leon Austral,28909X,339821,APROBADO
Juan Perro Sigiloso,427906X,583077,RECHAZADO (Riesgo Salud/Financiero)
Pancha Ballena Noble,349915X,407258,APROBADO
Juan Leon Sigiloso,246411X,140595,APROBADO
Maria Condor Noble,843183X,86041,APROBADO
Lucho Huemul Gigante,251297X,253574,RECHAZADO (Riesgo Salud/Financiero)
Juan Ballena Noble,883323X,352714,RECHAZADO (Riesgo Salud/Financiero)
Lucho Leon Austral,693018X,148142,RECHAZADO (Riesgo Salud/Financiero)
Maria Gato Veloz,226307X,778354,APROBADO
Juan Zorro Austral,190494X,122965,APROBADO
Coty Huemul Rojo,792314X,559341,APROBADO
Juan Condor Austral,867190X,208855,APROBADO
Matias Ballena Sigiloso,775472X,434901,APROBADO
Francisco Huemul Noble,345535X,88082,APROBADO
Francisco Leon Gigante,999667X,98351,APROBADO
Juan Gato Veloz,365399X,399068,APROBADO
Sacha Gato Veloz,496602X,319449,APROBADO
Sacha Huemul Salvage,454733X,412064,APROBADO
Maria Huemul Audaz,436941X,716918,APROBADO
Juan Gato Austral,594684X,405474,RECHAZADO (Riesgo Salud/Financiero)
Coty Zorro Noble,389751X,354508,RECHAZADO (Riesgo Salud/Financiero)
Pepe Huemul Noble,941337X,488214,RECHAZADO (Riesgo Salud/Financiero)
Matias Leon Veloz,650901X,854301,APROBADO
Francisco Gato Audaz,791690X,148480,APROBADO
Matias Condor Veloz,844804X,848340,APROBADO
Lucho Puma Sigiloso,984385X,320944,APROBADO
Pepe Condor Audaz,854693X,34758,RECHAZADO (Riesgo Salud/Financiero)
Pancha Gato Gigante,766433X,457466,RECHAZADO (Riesgo Salud/Financiero)
Sacha Perro Rojo,772172X,645671,APROBADO
Sacha Perro Austral,389960X,608492,APROBADO
Pepe Leon Audaz,304753X,735967,APROBADO
Pancha Perro Audaz,219661X,424600,APROBADO
Pancha Gato Salvage,285728X,452127,APROBADO
Pancha Zorro Salvage,252023X,789452,APROBADO
Coty Zorro Sigiloso,736310X,467174,APROBADO
Maria Gato Rojo,167247X,203227,APROBADO
Juan Huemul Veloz,560200X,669711,RECHAZADO (Riesgo Salud/Financiero)
Pancha Nutria Salvage,957954X,585860,APROBADO
Maria Puma Salvage,664251X,632742,APROBADO
Pancha Condor Rojo,601588X,715052,RECHAZADO (Riesgo Salud/Financiero)
Pancha Leon Rojo,969545X,264955,APROBADO
Lucho Perro Audaz,265322X,760980,APROBADO
Francisco Huemul Gigante,871279X,630184,APROBADO
Pepe Ballena Noble,549974X,320702,APROBADO
Francisco Leon Gigante,43934X,738197,RECHAZADO (Riesgo Salud/Financiero)
Juan Condor Sigiloso,637912X,523211,APROBADO
Pancha Zorro Austral,773447X,479351,RECHAZADO (Riesgo Salud/Financiero)
Coty Perro Rojo,145493X,763028,APROBADO
Maria Condor Rojo,555806X,38752,APROBADO
Pancha Gato Audaz,254344X,575842,APROBADO
Pancha Huemul Sigiloso,52335X,838010,APROBADO
Coty Ballena Salvage,57024X,420251,APROBADO
Lucho Perro Salvage,891926X,506622,APROBADO
Juan Perro Salvage,499582X,737810,APROBADO
Pancha Huemul Rojo,564893X,167940,RECHAZADO (Riesgo Salud/Financiero)
Maria Ballena Noble,773972X,362372,APROBADO
Pancha Huemul Veloz,828911X,402097,APROBADO
Maria Leon Gigante,716656X,723417,APROBADO
Pepe Leon Audaz,252476X,119967,APROBADO
Sacha Huemul Rojo,510617X,122053,RECHAZADO (Riesgo Salud/Financiero)
Coty Condor Veloz,341825X,332912,APROBADO
Pepe Condor Austral,784691X,633247,APROBADO
Francisco Condor Sigiloso,649004X,424728,APROBADO
Pepe Perro Salvage,190339X,779205,RECHAZADO (Riesgo Salud/Financiero)
Pancha Nutria Gigante,604799X,510606,RECHAZADO (Riesgo Salud/Financiero)
Matias Huemul Noble,734533X,69981,RECHAZADO (Riesgo Salud/Financiero)
Sacha Nutria Noble,320674X,497008,APROBADO
Pepe Zorro Rojo,920403X,229970,APROBADO
Pepe Ballena Salvage,301775X,318546,APROBADO
Pepe Ballena Salvage,894784X,314848,RECHAZADO (Riesgo Salud/Financiero)
Francisco Leon Rojo,189803X,102131,APROBADO
Maria Gato Gigante,125345X,178396,APROBADO
Lucho Gato Gigante,350185X,155137,APROBADO
Juan Gato Veloz,362635X,830688,APROBADO
Matias Perro Salvage,481166X,362586,APROBADO
Lucho Gato Veloz,990086X,94471,APROBADO
Lucho Puma Noble,162140X,18042,APROBADO
Lucho Nutria Gigante,168231X,200656,APROBADO
Matias Puma Noble,331197X,791667,RECHAZADO (Riesgo Salud/Financiero)
Francisco Leon Audaz,803267X,212349,APROBADO
Pancha Ballena Rojo,83333X,388808,APROBADO
Pepe Perro Veloz,564309X,69510,RECHAZADO (Riesgo Salud/Financiero)
Juan Leon Sigiloso,340384X,89949,APROBADO
Lucho Huemul Veloz,15466X,891222,APROBADO
Pepe Ballena Gigante,349793X,220519,RECHAZADO (Riesgo Salud/Financiero)
Francisco Ballena Noble,214691X,17721,APROBADO
Francisco Zorro Salvage,317057X,632837,RECHAZADO (Riesgo Salud/Financiero)
Lucho Nutria Salvage,571227X,288628,APROBADO
Pancha Leon Salvage,457666X,858041,RECHAZADO (Riesgo Salud/Financiero)
Pancha Gato Austral,46986X,234524,RECHAZADO (Riesgo Salud/Financiero)
Sacha Ballena Noble,35528X,80231,APROBADO
Maria Ballena Austral,632039X,513711,APROBADO
Sacha Ballena Rojo,611231X,861147,APROBADO
Francisco Gato Noble,777581X,785483,APROBADO
Juan Puma Rojo,975761X,493491,RECHAZADO (Riesgo Salud/Financiero)
Pancha Zorro Rojo,710839X,549834,APROBADO
Matias Condor Gigante,401091X,331130,APROBADO
Pancha Gato Veloz,951876X,281262,APROBADO
Matias Huemul Noble,880331X,307307,APROBADO
Francisco Condor Veloz,169359X,197159,RECHAZADO (Riesgo Salud/Financiero)
Maria Gato Rojo,557511X,733125,RECHAZADO (Riesgo Salud/Financiero)
Francisco Condor Noble,937727X,167856,RECHAZADO (Riesgo Salud/Financiero)
Lucho Perro Salvage,392932X,684927,APROBADO
Lucho Ballena Rojo,82163X,858911,APROBADO
Juan Zorro Sigiloso,156101X,192349,APROBADO
Lucho Puma Rojo,534014X,173733,APROBADO
Juan Nutria Salvage,788016X,784261,APROBADO
Juan Gato Audaz,938950X,299918,APROBADO
Maria Condor Veloz,15005X,893256,APROBADO
Coty Leon Gigante,218975X,800101,APROBADO
Pancha Huemul Rojo,883322X,788282,APROBADO
Francisco Huemul Noble,217993X,110833,APROBADO
Sacha Condor Sigiloso,650045X,424299,APROBADO
Lucho Huemul Austral,663805X,229858,RECHAZADO (Riesgo Salud/Financiero)
Pancha Puma Gigante,896290X,805809,APROBADO
Sacha Puma Audaz,564666X,321816,RECHAZADO (Riesgo Salud/Financiero)
Coty Leon Gigante,782718X,506701,APROBADO
Maria Zorro Sigiloso,149986X,504826,RECHAZADO (Riesgo Salud/Financiero)
Pancha Puma Salvage,48238X,465798,APROBADO
Pepe Perro Salvage,735990X,639839,RECHAZADO (Riesgo Salud/Financiero)
Juan Ballena Gigante,791507X,464771,RECHAZADO (Riesgo Salud/Financiero)
Pepe Leon Audaz,185410X,895574,RECHAZADO (Riesgo Salud/Financiero)
Pancha Puma Austral,264533X,773012,APROBADO
Sacha Condor Gigante,878064X,860609,RECHAZADO (Riesgo Salud/Financiero)
Matias Leon Noble,871695X,716731,APROBADO
Coty Perro Sigiloso,220343X,855888,APROBADO
Pancha Gato Veloz,46612X,469510,APROBADO
Coty Huemul Noble,363148X,716282,APROBADO
Lucho Zorro Audaz,994263X,75428,APROBADO
Coty Gato Rojo,72375X,114844,RECHAZADO (Riesgo Salud/Financiero)
Coty Condor Noble,298577X,619654,APROBADO
Coty Condor Sigiloso,866458X,584330,APROBADO
Coty Huemul Austral,978872X,657699,APROBADO
Matias Perro Salvage,205445X,210400,APROBADO
Sacha Ballena Austral,288722X,282109,APROBADO
Coty Condor Austral,294198X,251387,APROBADO
Pancha Condor Veloz,334052X,411564,RECHAZADO (Riesgo Salud/Financiero)
Coty Leon Noble,582810X,159212,APROBADO
Pancha Condor Salvage,648741X,323730,APROBADO
Maria Leon Noble,691405X,852358,RECHAZADO (Riesgo Salud/Financiero)
Francisco Puma Austral,295611X,501590,APROBADO
Pepe Condor Austral,70125X,675133,APROBADO
Maria Leon Audaz,507632X,603188,APROBADO
Pancha Puma Salvage,777037X,421699,APROBADO
Pepe Huemul Austral,40392X,75528,RECHAZADO (Riesgo Salud/Financiero)
Maria Puma Gigante,283196X,141861,APROBADO
Juan Leon Noble,791237X,20122,APROBADO
Pepe Ballena Audaz,450490X,208950,APROBADO
Coty Perro Salvage,245313X,322687,RECHAZADO (Riesgo Salud/Financiero)
Matias Gato Noble,525737X,554915,RECHAZADO (Riesgo Salud/Financiero)
Pancha Zorro Sigiloso,608179X,825002,APROBADO
Francisco Leon Austral,670812X,113936,APROBADO
Coty Nutria Salvage,34970X,765610,APROBADO
Matias Nutria Audaz,317009X,106428,APROBADO
Lucho Perro Noble,86093X,593970,APROBADO
Sacha Puma Rojo,327107X,612425,APROBADO
Pepe Huemul Veloz,533775X,218125,APROBADO
Pancha Condor Rojo,84925X,191959,APROBADO
Lucho Puma Austral,741013X,212727,APROBADO
Francisco Ballena Noble,897891X,616781,APROBADO
Maria Ballena Gigante,402074X,890166,APROBADO
Matias Leon Gigante,656722X,532957,APROBADO
Maria Condor Gigante,916994X,209396,RECHAZADO (Riesgo Salud/Financiero)
Juan Perro Salvage,750227X,25587,APROBADO
Maria Leon Veloz,799866X,624418,APROBADO
Sacha Huemul Austral,67367X,76024,APROBADO
Pepe Zorro Salvage,471485X,477977,RECHAZADO (Riesgo Salud/Financiero)
Lucho Condor Noble,155611X,28056,APROBADO
Pepe Leon Audaz,100977X,267854,APROBADO
Pepe Puma Veloz,421205X,234124,APROBADO
Maria Zorro Noble,485511X,712770,RECHAZADO (Riesgo Salud/Financiero)
Pepe Condor Austral,119805X,486994,APROBADO
Matias Perro Austral,539205X,337921,APROBADO
Pancha Perro Rojo,148948X,386434,APROBADO
Matias Condor Noble,66348X,205084,APROBADO
Pancha Perro Veloz,834837X,403038,APROBADO
Pepe Nutria Gigante,149362X,498981,APROBADO
Sacha Ballena Noble,5641X,727984,RECHAZADO (Riesgo Salud/Financiero)
Pepe Ballena Noble,915609X,644172,APROBADO
Pepe Nutria Audaz,155287X,523335,RECHAZADO (Riesgo Salud/Financiero)
Pepe Gato Audaz,193621X,503224,APROBADO
Pepe Leon Gigante,565404X,815975,APROBADO
Maria Leon Audaz,195799X,570727,APROBADO
Francisco Leon Austral,709716X,251207,APROBADO
Pepe Leon Gigante,31564X,462162,APROBADO
Pancha Condor Rojo,139954X,49898,APROBADO
Francisco Condor Salvage,434372X,114202,APROBADO
Juan Ballena Sigiloso,308779X,82685,APROBADO
Sacha Huemul Noble,498591X,871873,APROBADO
Pepe Puma Veloz,748183X,549622,APROBADO
Matias Gato Veloz,438006X,285237,APROBADO
Sacha Zorro Rojo,811939X,346416,APROBADO
Matias Perro Gigante,501288X,358953,RECHAZADO (Riesgo Salud/Financiero)
Matias Leon Salvage,903452X,430937,APROBADO
Francisco Nutria Gigante,412130X,137363,APROBADO
Sacha Puma Audaz,693806X,474638,APROBADO
Pancha Condor Sigiloso,237122X,860880,APROBADO
Maria Leon Veloz,337451X,187605,RECHAZADO (Riesgo Salud/Financiero)
Juan Huemul Austral,675571X,88837,APROBADO
Coty Zorro Austral,366143X,430233,RECHAZADO (Riesgo Salud/Financiero)
Francisco Nutria Audaz,847979X,161059,APROBADO
Juan Perro Audaz,912977X,68617,RECHAZADO (Riesgo Salud/Financiero)
Lucho Perro Audaz,486450X,324908,APROBADO
Matias Puma Salvage,335413X,600492,RECHAZADO (Riesgo Salud/Financiero)
Matias Huemul Salvage,516965X,899593,APROBADO
Matias Zorro Austral,438138X,196815,APROBADO
Pancha Condor Audaz,781054X,355972,APROBADO
Juan Puma Rojo,416530X,641312,APROBADO
Maria Zorro Noble,420532X,381758,RECHAZADO (Riesgo Salud/Financiero)
Pepe Condor Veloz,223690X,210440,APROBADO
Coty Ballena Salvage,383208X,213599,APROBADO
Maria Gato Noble,31086X,812346,APROBADO
Pancha Perro Veloz,87668X,29023,RECHAZADO (Riesgo Salud/Financiero)
Lucho Perro Rojo,303243X,861361,APROBADO
Maria Huemul Gigante,356005X,69627,RECHAZADO (Riesgo Salud/Financiero)
Sacha Huemul Veloz,798615X,590706,APROBADO
Matias Perro Noble,368680X,580497,APROBADO
Lucho Perro Salvage,82048X,757713,APROBADO
Maria Leon Audaz,22200X,638149,RECHAZADO (Riesgo Salud/Financiero)
Coty Zorro Veloz,170572X,554699,APROBADO
Coty Zorro Rojo,241263X,698229,APROBADO
Francisco Zorro Sigiloso,972016X,585233,RECHAZADO (Riesgo Salud/Financiero)
Juan Leon Veloz,374287X,173867,APROBADO
Maria Perro Salvage,491477X,263081,APROBADO
Coty Perro Salvage,625668X,486365,RECHAZADO (Riesgo Salud/Financiero)
Maria Huemul Audaz,838670X,238281,APROBADO
Maria Condor Noble,343932X,102669,APROBADO
Sacha Perro Rojo,8871X,234699,APROBADO
Pepe Puma Rojo,487369X,164474,APROBADO
Pancha Ballena Noble,436277X,388156,APROBADO
Maria Nutria Veloz,436867X,813776,APROBADO
Juan Ballena Gigante,92142X,727014,APROBADO
Matias Ballena Austral,951139X,687090,RECHAZADO (Riesgo Salud/Financiero)
Matias Nutria Austral,242585X,589562,APROBADO
Coty Puma Salvage,786024X,84325,APROBADO
Matias Zorro Audaz,640881X,752295,APROBADO
Juan Gato Veloz,897884X,691283,APROBADO
Juan Leon Salvage,644135X,384592,APROBADO
Lucho Perro Rojo,6823X,224861,APROBADO
Sacha Gato Audaz,858526X,636965,APROBADO
Pancha Puma Gigante,549356X,362468,APROBADO
Pancha Ballena Salvage,868257X,473796,APROBADO
Coty Nutria Gigante,509305X,472084,APROBADO
Matias Huemul Noble,499492X,891767,APROBADO
Matias Puma Veloz,232953X,818353,APROBADO
Lucho Condor Sigiloso,416886X,778277,APROBADO
Francisco Ballena Austral,902567X,383218,APROBADO
Coty Gato Sigiloso,482692X,477852,APROBADO
Sacha Leon Rojo,287684X,552714,APROBADO
Lucho Ballena Noble,417844X,762509,RECHAZADO (Riesgo Salud/Financiero)
Coty Perro Rojo,661550X,163912,APROBADO
Lucho Huemul Sigiloso,455879X,882539,APROBADO
Matias Ballena Austral,482389X,368044,APROBADO
Francisco Nutria Austral,281410X,44798,RECHAZADO (Riesgo Salud/Financiero)
Juan Puma Gigante,30186X,864298,RECHAZADO (Riesgo Salud/Financiero)
Juan Zorro Austral,968175X,55770,APROBADO
Maria Gato Noble,67485X,121518,APROBADO
Pancha Condor Noble,528602X,803807,APROBADO
Pepe Huemul Noble,514447X,164264,APROBADO
Sacha Ballena Audaz,938654X,150832,APROBADO
Maria Huemul Austral,955886X,143783,APROBADO
Juan Leon Austral,277032X,483519,APROBADO
Sacha Nutria Austral,270826X,442246,RECHAZADO (Riesgo Salud/Financiero)
Matias Ballena Austral,322367X,191848,RECHAZADO (Riesgo Salud/Financiero)
Pancha Zorro Salvage,644326X,578754,APROBADO
Lucho Huemul Salvage,486454X,581762,RECHAZADO (Riesgo Salud/Financiero)
Sacha Nutria Noble,668565X,423426,APROBADO
Lucho Leon Audaz,533965X,43099,APROBADO
Francisco Condor Austral,339255X,285537,APROBADO
Matias Leon Noble,869749X,605496,APROBADO
Pancha Zorro Rojo,348350X,544267,APROBADO
Pancha Zorro Sigiloso,277359X,879594,RECHAZADO (Riesgo Salud/Financiero)
Pepe Nutria Rojo,914043X,512692,APROBADO
Matias Nutria Salvage,277258X,620269,APROBADO
Pancha Leon Salvage,708902X,714085,APROBADO
Francisco Gato Rojo,775490X,429691,APROBADO
Lucho Zorro Noble,790526X,394045,APROBADO
Juan Condor Sigiloso,327307X,817974,RECHAZADO (Riesgo Salud/Financiero)
Francisco Huemul Sigiloso,310287X,633720,APROBADO
Pepe Puma Austral,652005X,577675,APROBADO
Coty Puma Salvage,721495X,393700,APROBADO
Matias Leon Noble,794125X,661719,APROBADO
Francisco Ballena Noble,951321X,660250,RECHAZADO (Riesgo Salud/Financiero)
Maria Puma Veloz,172213X,452893,APROBADO
Juan Ballena Noble,712881X,109838,APROBADO
Matias Perro Austral,582690X,162620,RECHAZADO (Riesgo Salud/Financiero)
Maria Puma Austral,604861X,117970,APROBADO
Pancha Gato Sigiloso,832798X,704632,APROBADO
Maria Nutria Gigante,456748X,722104,APROBADO
Coty Puma Veloz,287515X,300891,APROBADO
Juan Leon Noble,207740X,148941,APROBADO
Lucho Gato Rojo,262409X,164248,RECHAZADO (Riesgo Salud/Financiero)
Matias Condor Austral,151960X,374055,APROBADO
Lucho Zorro Veloz,89007X,611761,APROBADO
Lucho Gato Audaz,253812X,732216,APROBADO
Pepe Nutria Sigiloso,279454X,797175,APROBADO
Pancha Ballena Veloz,669120X,861884,APROBADO
Francisco Condor Sigiloso,252595X,253585,RECHAZADO (Riesgo Salud/Financiero)
Pancha Zorro Gigante,618176X,689356,APROBADO
Pancha Ballena Veloz,383059X,630553,APROBADO
Pepe Zorro Veloz,76377X,115954,APROBADO
Matias Condor Gigante,912687X,699113,RECHAZADO (Riesgo Salud/Financiero)
Coty Zorro Austral,966162X,729143,RECHAZADO (Riesgo Salud/Financiero)
Sacha Puma Veloz,424071X,42817,APROBADO
Coty Leon Audaz,591023X,712639,APROBADO
Pancha Zorro Veloz,312493X,570723,APROBADO
Lucho Condor Salvage,408746X,124045,APROBADO
Lucho Gato Salvage,908882X,474360,APROBADO
Pepe Puma Audaz,783342X,176753,APROBADO
Matias Condor Austral,760556X,185425,RECHAZADO (Riesgo Salud/Financiero)
Maria Puma Salvage,644888X,842455,RECHAZADO (Riesgo Salud/Financiero)
Sacha Puma Audaz,574737X,805811,RECHAZADO (Riesgo Salud/Financiero)
Coty Puma Salvage,719305X,247184,RECHAZADO (Riesgo Salud/Financiero)
Lucho Nutria Veloz,104626X,866500,APROBADO
Pepe Perro Veloz,918697X,725902,APROBADO
Pepe Puma Austral,828595X,119189,APROBADO
Pepe Leon Salvage,956796X,193613,RECHAZADO (Riesgo Salud/Financiero)
Pancha Puma Salvage,770565X,807592,APROBADO
Juan Leon Salvage,306723X,811202,APROBADO
Coty Zorro Veloz,177482X,488422,APROBADO
Pepe Gato Audaz,395057X,713179,APROBADO
Juan Ballena Veloz,849241X,186458,RECHAZADO (Riesgo Salud/Financiero)
Pancha Perro Veloz,191849X,46042,RECHAZADO (Riesgo Salud/Financiero)
Sacha Zorro Gigante,570627X,187923,APROBADO
Matias Condor Gigante,360958X,606217,APROBADO
Francisco Perro Gigante,220576X,539201,APROBADO
Juan Nutria Noble,934550X,575276,APROBADO
Lucho Condor Gigante,64297X,657286,APROBADO
Maria Gato Gigante,157209X,849338,APROBADO
Maria Huemul Sigiloso,658194X,379101,APROBADO
Matias Zorro Salvage,712895X,221122,APROBADO
Lucho Huemul Austral,254178X,210337,APROBADO
Matias Leon Veloz,3853X,643091,APROBADO
Sacha Huemul Rojo,349396X,262953,APROBADO
Pancha Ballena Gigante,89526X,658769,APROBADO
Coty Ballena Austral,754357X,264608,RECHAZADO (Riesgo Salud/Financiero)
Matias Perro Austral,478636X,33125,APROBADO
Juan Zorro Gigante,604032X,396254,APROBADO
Maria Huemul Gigante,105932X,743601,RECHAZADO (Riesgo Salud/Financiero)
Pancha Condor Audaz,848809X,870016,APROBADO
Coty Gato Gigante,321562X,877947,APROBADO
Matias Zorro Audaz,50539X,227840,APROBADO
Pancha Leon Austral,163407X,402189,APROBADO
Juan Zorro Salvage,190099X,861230,APROBADO
Francisco Zorro Gigante,777186X,702787,APROBADO
Maria Gato Veloz,277034X,164323,APROBADO
Lucho Ballena Austral,948325X,732559,APROBADO
Francisco Condor Noble,975718X,229375,APROBADO
Lucho Huemul Veloz,824142X,173987,APROBADO
Pepe Huemul Sigiloso,678760X,542202,APROBADO
Francisco Ballena Sigiloso,723183X,734443,APROBADO
Sacha Gato Noble,918811X,33072,APROBADO
Francisco Puma Salvage,10741X,282289,RECHAZADO (Riesgo Salud/Financiero)
Maria Huemul Gigante,531991X,420427,APROBADO
Francisco Gato Rojo,124807X,665980,RECHAZADO (Riesgo Salud/Financiero)
Juan Perro Salvage,404740X,532711,APROBADO
Lucho Zorro Noble,635655X,424406,APROBADO
Sacha Zorro Sigiloso,967098X,118780,APROBADO
Sacha Perro Salvage,435168X,141690,APROBADO
Coty Puma Audaz,792259X,644487,RECHAZADO (Riesgo Salud/Financiero)
Sacha Leon Austral,976994X,144011,APROBADO
Pancha Zorro Audaz,999341X,109461,APROBADO
Lucho Zorro Gigante,363532X,632318,APROBADO
Maria Puma Rojo,753937X,885013,APROBADO
Coty Ballena Veloz,907700X,377953,APROBADO
Matias Condor Rojo,252437X,58466,APROBADO
Coty Huemul Gigante,403879X,553416,RECHAZADO (Riesgo Salud/Financiero)
Pepe Gato Noble,446439X,498297,APROBADO
Juan Puma Sigiloso,23533X,57373,APROBADO
Sacha Perro Sigiloso,330231X,732445,APROBADO
Pancha Huemul Sigiloso,426164X,382252,RECHAZADO (Riesgo Salud/Financiero)
Maria Condor Audaz,21822X,261154,APROBADO
Maria Nutria Austral,201156X,105281,APROBADO
Juan Perro Salvage,948630X,724263,RECHAZADO (Riesgo Salud/Financiero)
Matias Nutria Gigante,52887X,671430,APROBADO
Lucho Huemul Veloz,310820X,416885,APROBADO
Coty Zorro Salvage,625243X,414822,APROBADO
Pancha Leon Austral,347555X,434533,RECHAZADO (Riesgo Salud/Financiero)
Coty Condor Sigiloso,376924X,23418,APROBADO
Pancha Zorro Sigiloso,698832X,446932,APROBADO
Maria Huemul Salvage,187815X,663631,APROBADO
Sacha Gato Audaz,785091X,649268,APROBADO
Juan Condor Audaz,183151X,772979,APROBADO
Maria Puma Austral,528394X,652642,RECHAZADO (Riesgo Salud/Financiero)
Maria Ballena Rojo,296698X,873413,RECHAZADO (Riesgo Salud/Financiero)
Juan Puma Rojo,100272X,87821,RECHAZADO (Riesgo Salud/Financiero)
Matias Gato Austral,595198X,724437,APROBADO
Juan Ballena Audaz,969508X,531688,APROBADO
Maria Gato Audaz,556490X,586262,APROBADO
Sacha Nutria Gigante,483234X,61604,APROBADO
Lucho Ballena Audaz,768732X,531899,APROBADO
Juan Leon Sigiloso,174784X,320619,APROBADO
Lucho Leon Noble,454250X,413652,APROBADO
Pancha Leon Sigiloso,937124X,116373,RECHAZADO (Riesgo Salud/Financiero)
Lucho Nutria Salvage,406770X,613868,RECHAZADO (Riesgo Salud/Financiero)
Matias Puma Sigiloso,621878X,867420,APROBADO
Sacha Condor Veloz,218163X,223324,APROBADO
Francisco Zorro Audaz,91835X,810023,APROBADO
Pepe Zorro Rojo,369164X,843367,APROBADO
Juan Condor Gigante,495161X,236608,APROBADO
Lucho Huemul Veloz,493696X,717919,APROBADO
Matias Condor Salvage,338765X,101973,APROBADO
Matias Gato Salvage,141397X,565092,APROBADO
Sacha Nutria Audaz,24414X,44577,APROBADO
Sacha Leon Veloz,492867X,325537,APROBADO
Francisco Condor Sigiloso,704290X,307779,RECHAZADO (Riesgo Salud/Financiero)
Juan Gato Austral,422937X,122505,APROBADO
Sacha Zorro Audaz,627496X,208721,RECHAZADO (Riesgo Salud/Financiero)
Sacha Perro Sigiloso,833753X,163096,APROBADO
Maria Ballena Audaz,569801X,668842,APROBADO
Pancha Leon Audaz,421087X,41359,RECHAZADO (Riesgo Salud/Financiero)
Pancha Puma Rojo,473164X,817553,APROBADO
Maria Zorro Salvage,630069X,87866,RECHAZADO (Riesgo Salud/Financiero)
Matias Ballena Salvage,762172X,309130,APROBADO
Lucho Zorro Audaz,755966X,543234,APROBADO
Matias Ballena Gigante,101597X,219911,APROBADO
Lucho Perro Sigiloso,912622X,831251,RECHAZADO (Riesgo Salud/Financiero)
Pepe Huemul Austral,617418X,359844,APROBADO
Pancha Zorro Noble,842275X,740791,APROBADO
Lucho Puma Austral,512034X,121430,APROBADO
Lucho Leon Gigante,350924X,129826,RECHAZADO (Riesgo Salud/Financiero)
Francisco Perro Gigante,349137X,476275,APROBADO
Matias Leon Audaz,116090X,589361,RECHAZADO (Riesgo Salud/Financiero)
Coty Huemul Audaz,318407X,694208,APROBADO
Maria Gato Audaz,56336X,710961,APROBADO
Pepe Ballena Audaz,682445X,480252,APROBADO
Sacha Perro Salvage,949469X,296787,APROBADO
Coty Perro Veloz,187618X,534570,APROBADO
Coty Perro Salvage,407179X,588257,APROBADO
Coty Puma Salvage,388211X,602004,APROBADO
Pancha Perro Salvage,449800X,339071,APROBADO
Pancha Zorro Sigiloso,556102X,170736,RECHAZADO (Riesgo Salud/Financiero)
Pepe Perro Salvage,84982X,149748,APROBADO
Pepe Gato Audaz,487933X,29385,APROBADO
Coty Puma Audaz,753471X,550819,APROBADO
Maria Zorro Austral,842864X,830871,RECHAZADO (Riesgo Salud/Financiero)
Coty Gato Noble,589266X,38565,APROBADO
Sacha Nutria Salvage,418855X,510414,RECHAZADO (Riesgo Salud/Financiero)
Francisco Nutria Salvage,835415X,828358,APROBADO
Pepe Huemul Austral,608873X,555919,RECHAZADO (Riesgo Salud/Financiero)
Coty Nutria Sigiloso,295846X,698855,APROBADO
Sacha Puma Gigante,584156X,307488,APROBADO
Coty Leon Veloz,21292X,568784,APROBADO
Sacha Perro Rojo,946379X,728088,APROBADO
Pancha Condor Rojo,677758X,574647,APROBADO
Lucho Nutria Sigiloso,197369X,716046,APROBADO
Lucho Nutria Gigante,256532X,793169,APROBADO
Pepe Leon Gigante,375611X,681174,APROBADO
Maria Gato Rojo,974856X,656472,APROBADO
Juan Puma Veloz,937989X,730880,APROBADO
Pancha Puma Noble,645087X,60830,APROBADO
Francisco Ballena Gigante,357474X,279144,APROBADO
Francisco Huemul Noble,790832X,205318,APROBADO
Pancha Zorro Gigante,463774X,553020,APROBADO
Matias Gato Sigiloso,688175X,641894,APROBADO
Pancha Zorro Rojo,384179X,812060,APROBADO
Francisco Nutria Noble,564487X,454805,APROBADO
Matias Nutria Gigante,577644X,844638,APROBADO
Sacha Huemul Sigiloso,617369X,846747,RECHAZADO (Riesgo Salud/Financiero)
Sacha Ballena Veloz,635080X,724195,APROBADO
Francisco Puma Audaz,759264X,172161,APROBADO
Maria Nutria Veloz,816403X,54256,APROBADO
Juan Ballena Rojo,700493X,150813,APROBADO
Maria Puma Noble,173440X,165625,APROBADO
Sacha Gato Salvage,424035X,487828,APROBADO
Matias Puma Austral,334454X,725888,APROBADO
Francisco Puma Veloz,371801X,376929,APROBADO
Francisco Leon Noble,774279X,859028,APROBADO
Matias Huemul Salvage,714152X,253699,APROBADO
Coty Ballena Noble,829494X,864577,RECHAZADO (Riesgo Salud/Financiero)
Juan Puma Gigante,832531X,39787,APROBADO
Maria Condor Rojo,830298X,419326,RECHAZADO (Riesgo Salud/Financiero)
Juan Gato Veloz,564094X,88802,APROBADO
Maria Condor Sigiloso,513849X,617929,APROBADO
Juan Perro Noble,591844X,483884,APROBADO
Maria Zorro Noble,140454X,637941,APROBADO
Pepe Puma Sigiloso,172559X,743194,RECHAZADO (Riesgo Salud/Financiero)
Sacha Nutria Noble,749159X,532327,APROBADO
Maria Condor Veloz,344226X,143005,APROBADO
Lucho Leon Sigiloso,651624X,441349,RECHAZADO (Riesgo Salud/Financiero)
Maria Ballena Salvage,434162X,139044,APROBADO
Pepe Perro Rojo,49193X,349412,APROBADO
Matias Ballena Noble,991386X,800908,RECHAZADO (Riesgo Salud/Financiero)
Pepe Puma Veloz,25750X,701756,RECHAZADO (Riesgo Salud/Financiero)
Francisco Zorro Salvage,704799X,751589,APROBADO
Sacha Gato Salvage,870375X,37360,APROBADO
Coty Gato Austral,112922X,114599,APROBADO
Coty Huemul Salvage,785235X,206116,APROBADO
Sacha Perro Sigiloso,925459X,842360,APROBADO
Sacha Perro Austral,347792X,444372,APROBADO
Pepe Huemul Audaz,717656X,854995,APROBADO
Pepe Gato Austral,559398X,397192,APROBADO
Lucho Leon Austral,120259X,272308,APROBADO
Pancha Nutria Austral,173849X,629741,RECHAZADO (Riesgo Salud/Financiero)
Pancha Perro Sigiloso,675865X,411966,RECHAZADO (Riesgo Salud/Financiero)
Juan Leon Salvage,181812X,773754,APROBADO
Francisco Zorro Noble,665074X,699990,APROBADO
Matias Huemul Salvage,336491X,549502,APROBADO
Matias Zorro Audaz,703370X,100008,APROBADO
Pancha Leon Sigiloso,114581X,861119,APROBADO
Juan Gato Salvage,401034X,523876,APROBADO
Pancha Zorro Gigante,979695X,311788,APROBADO
Matias Leon Sigiloso,947025X,642369,APROBADO
Pancha Condor Noble,743545X,602182,APROBADO
Coty Leon Rojo,960382X,856925,APROBADO
Francisco Huemul Audaz,22720X,707413,APROBADO
Sacha Nutria Noble,225500X,474951,APROBADO
Lucho Zorro Veloz,479165X,395954,APROBADO
Matias Leon Gigante,885324X,674819,APROBADO
Coty Leon Gigante,167810X,200463,APROBADO
Maria Zorro Rojo,183453X,71870,APROBADO
Coty Nutria Veloz,895096X,130174,APROBADO
Maria Huemul Veloz,7421X,144326,APROBADO
Matias Huemul Audaz,667141X,574383,APROBADO
Francisco Nutria Veloz,663686X,592337,APROBADO
Maria Gato Sigiloso,820182X,102639,APROBADO
Pepe Huemul Sigiloso,599408X,255752,APROBADO
Pepe Zorro Audaz,27605X,813184,APROBADO
Juan Perro Noble,508875X,123529,APROBADO
Juan Puma Gigante,524849X,523076,APROBADO
Sacha Perro Audaz,435762X,66578,APROBADO
Matias Leon Austral,989197X,142883,APROBADO
Pepe Leon Salvage,795972X,316680,APROBADO
Juan Puma Austral,714454X,694128,APROBADO
Juan Gato Audaz,513939X,728642,RECHAZADO (Riesgo Salud/Financiero)
Matias Leon Veloz,99527X,729728,RECHAZADO (Riesgo Salud/Financiero)
Pancha Gato Austral,308936X,709789,APROBADO
Matias Perro Austral,196811X,359274,APROBADO
Francisco Nutria Rojo,103026X,557457,RECHAZADO (Riesgo Salud/Financiero)
Matias Condor Noble,85355X,165487,RECHAZADO (Riesgo Salud/Financiero)
Juan Zorro Gigante,812326X,814599,APROBADO
Lucho Puma Audaz,529682X,340804,APROBADO
Maria Zorro Veloz,130005X,370998,RECHAZADO (Riesgo Salud/Financiero)
Coty Zorro Sigiloso,903059X,136105,APROBADO
Pancha Condor Sigiloso,13583X,591096,APROBADO
Coty Zorro Veloz,503355X,257613,APROBADO
Matias Nutria Rojo,746422X,449994,APROBADO
Sacha Huemul Gigante,737266X,325673,RECHAZADO (Riesgo Salud/Financiero)
Maria Perro Austral,29824X,223778,APROBADO
Pancha Zorro Austral,561969X,845296,APROBADO
Juan Perro Audaz,431819X,607525,APROBADO
Francisco Leon Rojo,589071X,317404,APROBADO
Pepe Leon Veloz,517695X,803060,APROBADO
Sacha Condor Sigiloso,421428X,223818,APROBADO
Lucho Huemul Noble,390872X,605281,APROBADO
Pancha Puma Veloz,135345X,490360,APROBADO
Pepe Perro Salvage,43486X,686099,APROBADO
Juan Gato Salvage,15323X,724657,APROBADO
Pepe Puma Veloz,557284X,71588,APROBADO
Juan Leon Veloz,224300X,547092,APROBADO
Juan Perro Sigiloso,919051X,700526,APROBADO
Coty Huemul Salvage,837308X,508552,RECHAZADO (Riesgo Salud/Financiero)
Matias Huemul Austral,272872X,378531,APROBADO
Sacha Ballena Austral,706118X,626564,APROBADO
Matias Leon Noble,605413X,831059,APROBADO
Matias Puma Sigiloso,828950X,562010,APROBADO
Francisco Perro Sigiloso,557315X,112207,APROBADO
Juan Huemul Audaz,147750X,375055,APROBADO
Coty Condor Audaz,419962X,553311,APROBADO
Maria Perro Salvage,125821X,196434,APROBADO
Matias Puma Salvage,556561X,547343,APROBADO
Matias Huemul Gigante,442667X,124054,APROBADO
Lucho Gato Noble,650083X,386567,RECHAZADO (Riesgo Salud/Financiero)
Lucho Leon Noble,211433X,433057,APROBADO
Pancha Puma Rojo,946027X,147105,APROBADO
Maria Perro Audaz,547543X,53543,RECHAZADO (Riesgo Salud/Financiero)
Lucho Huemul Veloz,412326X,895117,APROBADO
Maria Nutria Sigiloso,343307X,397670,APROBADO
Juan Gato Sigiloso,386219X,819063,APROBADO
Matias Perro Austral,489365X,745819,APROBADO
Pepe Nutria Austral,493793X,765647,APROBADO
Juan Zorro Veloz,263274X,857045,APROBADO
Pancha Ballena Noble,869268X,223160,RECHAZADO (Riesgo Salud/Financiero)
Pancha Zorro Audaz,584789X,841456,APROBADO
Juan Zorro Sigiloso,339903X,899843,APROBADO
Francisco Perro Salvage,175942X,44953,APROBADO
Sacha Gato Audaz,227604X,840625,APROBADO
Coty Perro Sigiloso,80207X,58317,APROBADO
Pancha Puma Austral,24121X,458307,APROBADO
Maria Ballena Noble,815607X,421981,APROBADO
Matias Huemul Rojo,711135X,437415,APROBADO
Lucho Perro Austral,914398X,425206,APROBADO
Francisco Perro Sigiloso,28988X,16622,APROBADO
Matias Ballena Austral,880706X,823576,APROBADO
Sacha Nutria Austral,899284X,661477,APROBADO
Matias Huemul Gigante,105812X,530459,APROBADO
Juan Gato Noble,978806X,339388,APROBADO
Pepe Leon Audaz,592123X,451957,APROBADO
Francisco Puma Gigante,596706X,368596,APROBADO
Francisco Huemul Austral,768411X,404728,RECHAZADO (Riesgo Salud/Financiero)
Maria Zorro Sigiloso,894311X,393866,APROBADO
Lucho Ballena Noble,999081X,677213,APROBADO
Pancha Condor Austral,703180X,630275,RECHAZADO (Riesgo Salud/Financiero)
Coty Perro Veloz,224978X,431757,APROBADO
Coty Ballena Sigiloso,805535X,868853,APROBADO
Coty Nutria Sigiloso,730576X,140760,APROBADO
Matias Zorro Noble,110072X,469562,RECHAZADO (Riesgo Salud/Financiero)
Pepe Zorro Sigiloso,857363X,398194,RECHAZADO (Riesgo Salud/Financiero)
Sacha Gato Veloz,817943X,256690,APROBADO
Coty Puma Rojo,227463X,234069,APROBADO
Pepe Perro Austral,733448X,824264,RECHAZADO (Riesgo Salud/Financiero)
Lucho Ballena Austral,820318X,286857,APROBADO
Matias Condor Rojo,347356X,737066,RECHAZADO (Riesgo Salud/Financiero)
Francisco Nutria Veloz,41618X,350918,APROBADO
Pancha Condor Noble,578528X,538810,APROBADO
Lucho Leon Gigante,663700X,18383,RECHAZADO (Riesgo Salud/Financiero)
Pancha Nutria Noble,628382X,678952,RECHAZADO (Riesgo Salud/Financiero)
Juan Condor Audaz,215780X,22252,APROBADO
Coty Perro Veloz,67716X,184617,APROBADO
Pancha Ballena Salvage,572326X,817745,APROBADO
Sacha Condor Veloz,614871X,622325,APROBADO
Pepe Condor Sigiloso,680379X,585759,APROBADO
Francisco Leon Veloz,758374X,500476,APROBADO
Pepe Perro Sigiloso,505470X,374085,APROBADO
Matias Gato Salvage,38194X,459853,APROBADO
Sacha Zorro Gigante,434094X,525123,APROBADO
Maria Ballena Gigante,773263X,169774,APROBADO
Lucho Huemul Sigiloso,829192X,573763,APROBADO
Francisco Puma Veloz,452269X,171875,RECHAZADO (Riesgo Salud/Financiero)
Maria Perro Audaz,515435X,368957,APROBADO
Lucho Zorro Salvage,118801X,77867,APROBADO
Maria Huemul Sigiloso,21008X,596394,APROBADO
Pepe Leon Gigante,322224X,595198,APROBADO
Pepe Nutria Sigiloso,282840X,656906,APROBADO
Juan Ballena Noble,640206X,481055,APROBADO
Matias Nutria Salvage,33701X,236774,RECHAZADO (Riesgo Salud/Financiero)
Pancha Nutria Gigante,584304X,787854,APROBADO
Matias Nutria Sigiloso,743295X,694062,APROBADO
Juan Ballena Veloz,322856X,485530,APROBADO
Maria Puma Sigiloso,370731X,99745,APROBADO
Pancha Huemul Veloz,633046X,504487,APROBADO
Maria Zorro Gigante,67418X,412200,APROBADO
Pepe Puma Noble,268857X,812578,APROBADO
Maria Gato Rojo,533073X,91588,APROBADO
Pepe Huemul Salvage,719683X,506089,APROBADO
Sacha Gato Gigante,938726X,498973,APROBADO
Maria Ballena Veloz,684935X,517200,APROBADO
Francisco Leon Rojo,638682X,168639,APROBADO
Lucho Perro Veloz,445781X,885614,APROBADO
Coty Ballena Rojo,135276X,247254,APROBADO
Pepe Ballena Sigiloso,203103X,133871,APROBADO
Lucho Puma Veloz,582458X,429244,RECHAZADO (Riesgo Salud/Financiero)
Coty Zorro Audaz,934632X,513778,APROBADO
Coty Ballena Audaz,673491X,865769,APROBADO
Coty Zorro Gigante,454791X,99430,RECHAZADO (Riesgo Salud/Financiero)
Sacha Perro Austral,245126X,241432,APROBADO
Pepe Leon Sigiloso,561586X,441487,APROBADO
Matias Zorro Gigante,789741X,537030,APROBADO
Juan Leon Rojo,968080X,890406,APROBADO
Sacha Nutria Noble,925075X,816427,APROBADO
Juan Zorro Audaz,944641X,242743,RECHAZADO (Riesgo Salud/Financiero)
Matias Zorro Noble,112167X,847863,APROBADO
Coty Ballena Sigiloso,361077X,736943,APROBADO
Matias Zorro Sigiloso,706538X,210951,RECHAZADO (Riesgo Salud/Financiero)
Pepe Perro Salvage,73998X,414941,APROBADO
Francisco Condor Noble,365568X,483940,APROBADO
Coty Ballena Austral,192093X,768982,APROBADO
Maria Huemul Audaz,195581X,860799,APROBADO
Matias Zorro Veloz,229784X,647148,APROBADO
Francisco Nutria Rojo,659707X,40459,RECHAZADO (Riesgo Salud/Financiero)
Lucho Perro Veloz,329433X,22532,RECHAZADO (Riesgo Salud/Financiero)
Maria Gato Austral,474767X,244560,APROBADO
Maria Condor Salvage,745283X,131907,RECHAZADO (Riesgo Salud/Financiero)
Lucho Ballena Rojo,78136X,180072,RECHAZADO (Riesgo Salud/Financiero)
Pepe Perro Gigante,719569X,781620,APROBADO
Matias Perro Sigiloso,371429X,844247,APROBADO
Francisco Puma Veloz,709688X,238623,RECHAZADO (Riesgo Salud/Financiero)
Sacha Ballena Veloz,783380X,581665,APROBADO
Pancha Zorro Austral,147403X,874063,APROBADO
Pepe Leon Audaz,703154X,260992,APROBADO
Juan Huemul Sigiloso,767260X,339842,APROBADO
Pancha Zorro Rojo,387039X,100646,APROBADO
Juan Condor Sigiloso,528953X,704802,APROBADO
Sacha Ballena Noble,903123X,893032,APROBADO
Juan Perro Noble,761309X,378442,APROBADO
Pancha Condor Gigante,213902X,541479,APROBADO
Pepe Perro Noble,755737X,513640,APROBADO
Matias Puma Audaz,75479X,493298,APROBADO
Coty Leon Gigante,68508X,693855,RECHAZADO (Riesgo Salud/Financiero)
Sacha Ballena Audaz,648506X,684859,APROBADO
Coty Nutria Veloz,817829X,482346,APROBADO
Pepe Perro Audaz,263885X,51506,APROBADO
Pancha Gato Sigiloso,178034X,293086,APROBADO
Lucho Perro Austral,661045X,67269,APROBADO
Maria Gato Salvage,652746X,362044,APROBADO
Pepe Condor Gigante,311297X,617094,RECHAZADO (Riesgo Salud/Financiero)
Sacha Ballena Salvage,140537X,146346,APROBADO
Lucho Ballena Rojo,438544X,353028,APROBADO
Matias Huemul Salvage,559748X,185104,RECHAZADO (Riesgo Salud/Financiero)
Pancha Perro Audaz,725262X,596767,APROBADO
Pepe Condor Austral,214440X,406082,APROBADO
Coty Nutria Audaz,60845X,639620,APROBADO
Pancha Zorro Gigante,528864X,728705,RECHAZADO (Riesgo Salud/Financiero)
Pancha Puma Rojo,667606X,321900,APROBADO
Pepe Puma Veloz,17550X,193401,APROBADO
Matias Zorro Rojo,74507X,203976,APROBADO
Juan Gato Gigante,341721X,339591,APROBADO
Coty Gato Sigiloso,422860X,74014,APROBADO
Lucho Zorro Audaz,514064X,78762,APROBADO
Francisco Gato Gigante,896337X,391905,APROBADO
Coty Huemul Audaz,430353X,182445,APROBADO
Pepe Huemul Audaz,926317X,583704,APROBADO
Juan Zorro Sigiloso,990460X,61793,RECHAZADO (Riesgo Salud/Financiero)
Maria Leon Sigiloso,365065X,604264,RECHAZADO (Riesgo Salud/Financiero)
Pepe Perro Salvage,149323X,885463,APROBADO
Francisco Nutria Rojo,517591X,200457,APROBADO
Pancha Ballena Veloz,460122X,568488,APROBADO
Juan Huemul Noble,834584X,654195,APROBADO
Sacha Zorro Austral,781999X,446350,APROBADO
Maria Ballena Salvage,293934X,174665,RECHAZADO (Riesgo Salud/Financiero)
Francisco Leon Audaz,553007X,560772,APROBADO
Maria Puma Rojo,939486X,880532,APROBADO
Pancha Gato Veloz,533708X,261226,APROBADO
Pancha Gato Audaz,982096X,828843,APROBADO
Pepe Nutria Noble,808238X,809839,APROBADO
Pepe Ballena Noble,629321X,583153,APROBADO
Coty Leon Noble,770034X,747352,RECHAZADO (Riesgo Salud/Financiero)
Pancha Puma Rojo,625151X,351028,APROBADO
Maria Perro Sigiloso,371095X,735715,APROBADO
Pancha Ballena Rojo,55727X,246652,RECHAZADO (Riesgo Salud/Financiero)
Juan Huemul Audaz,878960X,258432,APROBADO
Lucho Perro Austral,901136X,638111,RECHAZADO (Riesgo Salud/Financiero)
Pancha Zorro Sigiloso,409766X,312250,APROBADO
Lucho Nutria Salvage,507000X,343562,APROBADO
Sacha Perro Audaz,770626X,481810,APROBADO
Juan Puma Rojo,220311X,820764,APROBADO
Pancha Condor Austral,346977X,193555,APROBADO
Francisco Condor Veloz,152478X,424565,APROBADO
Pancha Perro Noble,361475X,786410,APROBADO
Juan Nutria Austral,180127X,350493,APROBADO
Sacha Ballena Audaz,662101X,585292,APROBADO
Francisco Puma Audaz,305663X,764425,RECHAZADO (Riesgo Salud/Financiero)
Matias Perro Austral,77376X,747852,APROBADO
Matias Condor Rojo,391640X,550216,RECHAZADO (Riesgo Salud/Financiero)
Matias Ballena Noble,608553X,32574,APROBADO
Francisco Nutria Audaz,632125X,577298,APROBADO
Matias Gato Noble,190115X,209370,APROBADO
Francisco Condor Veloz,944009X,370927,APROBADO
Pepe Ballena Gigante,376009X,829087,RECHAZADO (Riesgo Salud/Financiero)
Matias Gato Rojo,836927X,334750,APROBADO
Juan Puma Noble,691726X,238664,APROBADO
Maria Huemul Veloz,303584X,275171,APROBADO
Pancha Puma Veloz,239131X,593144,APROBADO
Sacha Puma Audaz,718189X,271253,APROBADO
Juan Gato Rojo,852018X,524751,APROBADO
Pancha Huemul Noble,650809X,468188,APROBADO
Matias Ballena Gigante,625212X,383012,APROBADO
Sacha Ballena Veloz,98837X,135026,APROBADO
Coty Nutria Noble,965672X,267174,APROBADO
Coty Condor Salvage,538350X,895412,APROBADO
Francisco Leon Veloz,334933X,656693,APROBADO
Sacha Gato Rojo,497908X,593385,APROBADO
Pepe Huemul Salvage,308552X,633083,RECHAZADO (Riesgo Salud/Financiero)
Juan Condor Audaz,701696X,780037,APROBADO
Juan Nutria Sigiloso,406478X,785407,APROBADO
Sacha Huemul Rojo,864396X,396503,APROBADO
Sacha Condor Sigiloso,483973X,467834,RECHAZADO (Riesgo Salud/Financiero)
Pancha Perro Sigiloso,894647X,444151,APROBADO
Maria Leon Noble,303048X,35485,APROBADO
Juan Ballena Veloz,854820X,779296,APROBADO
Pancha Ballena Audaz,181208X,825310,APROBADO
Sacha Leon Austral,784089X,142161,APROBADO
Maria Gato Noble,366209X,576046,APROBADO
Sacha Puma Rojo,136002X,875568,APROBADO
Pepe Leon Austral,435702X,800342,RECHAZADO (Riesgo Salud/Financiero)
Juan Perro Noble,152291X,181907,APROBADO
Francisco Gato Rojo,407001X,289538,APROBADO
Sacha Puma Rojo,348273X,127307,APROBADO
Coty Gato Veloz,510606X,702376,APROBADO
Juan Ballena Rojo,693580X,278544,APROBADO
Sacha Condor Audaz,678768X,203773,APROBADO
Francisco Huemul Salvage,342413X,586563,APROBADO
Maria Perro Audaz,680096X,704307,APROBADO
Matias Ballena Gigante,457896X,748579,RECHAZADO (Riesgo Salud/Financiero)
Francisco Puma Rojo,647254X,481295,RECHAZADO (Riesgo Salud/Financiero)
Francisco Leon Noble,534003X,204056,APROBADO
Sacha Ballena Sigiloso,983745X,707989,RECHAZADO (Riesgo Salud/Financiero)
Matias Condor Rojo,627457X,281870,RECHAZADO (Riesgo Salud/Financiero)
Lucho Puma Sigiloso,374497X,824515,APROBADO
Lucho Nutria Veloz,448640X,346302,APROBADO
Francisco Nutria Sigiloso,742314X,778620,APROBADO
Pancha Zorro Audaz,187658X,148623,APROBADO
Maria Condor Veloz,962517X,185745,APROBADO
Pepe Condor Austral,799337X,591494,APROBADO
Maria Leon Austral,480259X,377512,APROBADO
Coty Nutria Veloz,249911X,564558,APROBADO
Juan Puma Salvage,449085X,135850,APROBADO
Maria Gato Rojo,279658X,251969,APROBADO
Pepe Gato Audaz,580444X,18567,APROBADO
Sacha Huemul Veloz,380048X,262211,RECHAZADO (Riesgo Salud/Financiero)
Juan Huemul Austral,359809X,140189,APROBADO
Matias Huemul Noble,98137X,117369,APROBADO
Juan Huemul Veloz,775679X,762916,APROBADO
Maria Condor Sigiloso,116989X,814617,APROBADO
Matias Leon Sigiloso,495377X,844188,RECHAZADO (Riesgo Salud/Financiero)
Francisco Huemul Noble,671150X,739514,RECHAZADO (Riesgo Salud/Financiero)
Lucho Gato Sigiloso,153053X,176162,APROBADO
Sacha Ballena Noble,557660X,875334,APROBADO
Pepe Nutria Austral,775017X,721852,APROBADO
Maria Condor Noble,6421X,20115,APROBADO
Francisco Puma Gigante,991790X,22363,RECHAZADO (Riesgo Salud/Financiero)
Pepe Puma Austral,351788X,198534,APROBADO
Matias Ballena Rojo,304492X,53120,APROBADO
Francisco Ballena Noble,952861X,856233,RECHAZADO (Riesgo Salud/Financiero)
Pepe Zorro Audaz,34654X,660100,APROBADO
Juan Puma Austral,804590X,613612,RECHAZADO (Riesgo Salud/Financiero)
Sacha Zorro Audaz,415522X,367004,APROBADO
Sacha Condor Gigante,331628X,350700,RECHAZADO (Riesgo Salud/Financiero)
Juan Puma Salvage,327186X,737531,APROBADO
Francisco Gato Gigante,563818X,644707,APROBADO
Matias Huemul Gigante,788239X,713735,RECHAZADO (Riesgo Salud/Financiero)
Pancha Nutria Audaz,736938X,809890,APROBADO
Pepe Gato Veloz,874153X,136602,RECHAZADO (Riesgo Salud/Financiero)
Coty Puma Rojo,359346X,251177,RECHAZADO (Riesgo Salud/Financiero)
Juan Zorro Audaz,286180X,54561,APROBADO
Maria Nutria Noble,601350X,616317,APROBADO
Pepe Condor Audaz,602301X,459928,APROBADO
Lucho Nutria Veloz,108113X,589200,APROBADO
Pepe Puma Rojo,835248X,375578,APROBADO
Pepe Gato Rojo,127747X,399443,RECHAZADO (Riesgo Salud/Financiero)
Maria Nutria Noble,21202X,864790,APROBADO
Pepe Condor Sigiloso,923209X,637317,APROBADO
Maria Condor Noble,379859X,489912,APROBADO
Coty Nutria Austral,43844X,271995,APROBADO
Sacha Huemul Austral,956360X,284455,APROBADO
Juan Leon Salvage,445979X,107636,APROBADO
Sacha Zorro Gigante,165984X,131781,RECHAZADO (Riesgo Salud/Financiero)
Maria Nutria Gigante,630550X,839627,APROBADO
Matias Ballena Sigiloso,958102X,130626,APROBADO
Matias Puma Sigiloso,971479X,18366,APROBADO
Francisco Leon Gigante,912093X,189119,APROBADO
Maria Gato Rojo,675383X,330577,APROBADO
Pancha Perro Rojo,284549X,372604,APROBADO
Pepe Ballena Gigante,881930X,639552,APROBADO
Lucho Condor Rojo,71805X,542687,APROBADO
Pancha Huemul Veloz,728158X,296544,RECHAZADO (Riesgo Salud/Financiero)
Juan Huemul Audaz,651129X,199364,APROBADO
Coty Perro Rojo,674645X,215703,APROBADO
Sacha Nutria Audaz,342198X,730531,APROBADO
Lucho Condor Rojo,667512X,149569,RECHAZADO (Riesgo Salud/Financiero)
Maria Nutria Austral,312749X,184413,APROBADO
Pepe Puma Gigante,51000X,569360,APROBADO
Juan Zorro Noble,997160X,688229,APROBADO
Francisco Nutria Rojo,401538X,341262,RECHAZADO (Riesgo Salud/Financiero)
Pepe Perro Gigante,964766X,137123,APROBADO
Pancha Leon Sigiloso,836011X,436718,APROBADO
Lucho Nutria Gigante,114153X,43082,RECHAZADO (Riesgo Salud/Financiero)
Lucho Ballena Sigiloso,696444X,182883,APROBADO
Sacha Perro Sigiloso,395850X,154190,RECHAZADO (Riesgo Salud/Financiero)
Maria Huemul Rojo,47520X,432139,APROBADO
Lucho Perro Audaz,31574X,50920,APROBADO
Maria Ballena Salvage,568352X,403458,RECHAZADO (Riesgo Salud/Financiero)
Maria Zorro Noble,414543X,35054,APROBADO
Francisco Leon Sigiloso,944641X,464121,APROBADO
Juan Nutria Rojo,204119X,813475,APROBADO
Coty Huemul Austral,145403X,130484,APROBADO
Pancha Huemul Salvage,967708X,648744,RECHAZADO (Riesgo Salud/Financiero)
Matias Perro Gigante,520600X,210341,APROBADO
Sacha Condor Veloz,209231X,704136,APROBADO
Sacha Leon Salvage,138078X,237196,RECHAZADO (Riesgo Salud/Financiero)
Pancha Puma Rojo,698279X,108071,APROBADO
Lucho Condor Salvage,987493X,245156,APROBADO
Maria Gato Veloz,181322X,515927,APROBADO
Coty Huemul Audaz,111835X,646679,APROBADO
Juan Perro Salvage,472355X,479107,APROBADO
Coty Condor Audaz,36924X,295784,APROBADO
Maria Leon Audaz,800967X,498819,RECHAZADO (Riesgo Salud/Financiero)
Francisco Leon Noble,35756X,546847,RECHAZADO (Riesgo Salud/Financiero)
Matias Leon Rojo,960579X,260638,RECHAZADO (Riesgo Salud/Financiero)
Matias Nutria Rojo,322455X,661039,APROBADO
Francisco Leon Rojo,646358X,867508,APROBADO
Pepe Puma Veloz,533737X,159703,APROBADO
Lucho Zorro Veloz,279410X,680864,APROBADO
Sacha Leon Rojo,454209X,71816,APROBADO
Maria Zorro Salvage,482569X,283822,APROBADO
Lucho Nutria Gigante,862476X,867506,APROBADO
Matias Nutria Noble,102147X,831984,APROBADO
Juan Condor Salvage,176234X,102018,APROBADO
Matias Nutria Audaz,761997X,95913,APROBADO
Pepe Condor Audaz,384122X,356039,RECHAZADO (Riesgo Salud/Financiero)
Lucho Perro Sigiloso,535044X,358475,APROBADO
Pepe Gato Salvage,230469X,449418,APROBADO
Maria Perro Veloz,162005X,607560,APROBADO
Pepe Ballena Rojo,435148X,472677,RECHAZADO (Riesgo Salud/Financiero)
Francisco Nutria Audaz,673186X,88963,APROBADO
Coty Huemul Salvage,531579X,99376,APROBADO
Francisco Gato Salvage,964566X,222738,RECHAZADO (Riesgo Salud/Financiero)
Coty Zorro Austral,360831X,678502,APROBADO
Juan Nutria Salvage,326067X,411955,APROBADO
Pepe Zorro Audaz,255150X,222843,RECHAZADO (Riesgo Salud/Financiero)
Maria Ballena Noble,86638X,342489,APROBADO
Pepe Perro Gigante,603778X,29596,APROBADO
Maria Zorro Gigante,84717X,881919,RECHAZADO (Riesgo Salud/Financiero)
Maria Huemul Sigiloso,979766X,36025,APROBADO
Lucho Puma Austral,239833X,621359,APROBADO
Coty Gato Sigiloso,485459X,359772,APROBADO
Coty Puma Salvage,856943X,733660,APROBADO
Coty Zorro Audaz,690421X,660346,APROBADO
Maria Huemul Audaz,655070X,34196,APROBADO
Juan Huemul Audaz,620186X,553837,APROBADO
Maria Puma Rojo,836752X,480738,APROBADO
Pancha Gato Audaz,11238X,95048,APROBADO
Pepe Gato Austral,397182X,152655,APROBADO
Matias Ballena Salvage,427155X,660396,APROBADO
Francisco Nutria Rojo,71330X,612066,APROBADO
Maria Gato Noble,255543X,817287,APROBADO
Juan Perro Salvage,29890X,313832,RECHAZADO (Riesgo Salud/Financiero)
Pepe Zorro Gigante,78719X,183880,RECHAZADO (Riesgo Salud/Financiero)
Francisco Leon Salvage,276544X,581171,APROBADO
Coty Leon Salvage,684542X,840446,APROBADO
Coty Puma Veloz,743490X,814488,APROBADO
Pancha Leon Salvage,306969X,475826,RECHAZADO (Riesgo Salud/Financiero)
Maria Puma Noble,491712X,158409,RECHAZADO (Riesgo Salud/Financiero)
Lucho Zorro Audaz,368828X,838331,APROBADO
Sacha Huemul Audaz,686578X,641510,APROBADO
Sacha Nutria Noble,573379X,596115,APROBADO
Sacha Zorro Noble,529036X,59869,APROBADO
Maria Zorro Rojo,489045X,612269,APROBADO
Sacha Puma Austral,229022X,395473,APROBADO
Pepe Leon Gigante,346575X,494081,APROBADO
Lucho Ballena Sigiloso,681338X,627749,APROBADO
Coty Zorro Noble,353272X,855193,APROBADO
Pancha Puma Noble,658209X,458786,APROBADO
Sacha Zorro Veloz,577129X,706245,APROBADO
Matias Nutria Gigante,45655X,575172,APROBADO
Sacha Nutria Audaz,919402X,314727,APROBADO
Coty Perro Audaz,10264X,830893,APROBADO
Francisco Perro Sigiloso,9916X,654659,APROBADO
Francisco Huemul Audaz,557375X,658584,APROBADO
Sacha Huemul Salvage,560204X,414841,APROBADO
Pancha Ballena Noble,650333X,144563,APROBADO
Sacha Gato Audaz,480374X,731426,APROBADO
Pepe Gato Gigante,21258X,191281,APROBADO
Sacha Perro Veloz,330380X,828326,APROBADO
Sacha Huemul Salvage,848565X,877528,APROBADO
Sacha Leon Noble,438063X,55338,RECHAZADO (Riesgo Salud/Financiero)
Lucho Huemul Audaz,351433X,800943,APROBADO
Lucho Perro Salvage,89922X,660654,APROBADO
Francisco Huemul Salvage,724386X,277886,RECHAZADO (Riesgo Salud/Financiero)
Juan Nutria Salvage,267168X,304227,APROBADO
Pancha Ballena Gigante,826607X,47311,APROBADO
Juan Ballena Rojo,783821X,147675,RECHAZADO (Riesgo Salud/Financiero)
Pepe Huemul Rojo,311532X,799123,APROBADO
Juan Ballena Austral,18715X,176072,APROBADO
Francisco Leon Noble,620334X,61432,APROBADO
Pepe Puma Veloz,655130X,276407,APROBADO
Lucho Huemul Audaz,144684X,817226,APROBADO
Sacha Ballena Austral,932050X,836273,APROBADO
Lucho Nutria Audaz,464285X,542038,RECHAZADO (Riesgo Salud/Financiero)
Francisco Zorro Veloz,590774X,615769,APROBADO
Lucho Nutria Gigante,562807X,310074,RECHAZADO (Riesgo Salud/Financiero)
Matias Nutria Salvage,906399X,595930,APROBADO
Francisco Leon Noble,407244X,532389,APROBADO
Francisco Leon Sigiloso,11365X,104588,APROBADO
Juan Zorro Noble,539229X,129853,APROBADO
Sacha Huemul Gigante,225147X,322284,RECHAZADO (Riesgo Salud/Financiero)
Maria Gato Sigiloso,7273X,657255,APROBADO
Coty Condor Audaz,437223X,611507,APROBADO
Coty Condor Veloz,496562X,667401,APROBADO
Pancha Perro Gigante,849051X,96923,APROBADO
Coty Nutria Salvage,156803X,49585,APROBADO
Juan Ballena Austral,307286X,174031,RECHAZADO (Riesgo Salud/Financiero)
Matias Condor Rojo,53758X,546932,APROBADO
Pepe Perro Noble,728636X,86709,APROBADO
Matias Gato Gigante,858838X,326917,APROBADO
Coty Huemul Veloz,325919X,649060,APROBADO
Sacha Perro Noble,432676X,777402,RECHAZADO (Riesgo Salud/Financiero)
Juan Zorro Audaz,299607X,288500,APROBADO
Coty Nutria Veloz,555993X,194754,APROBADO
Juan Nutria Audaz,698087X,276732,APROBADO
Pancha Nutria Austral,47300X,848304,APROBADO
Pepe Perro Noble,842219X,577698,APROBADO
Pancha Leon Salvage,49957X,579167,APROBADO
Pepe Condor Rojo,880246X,533623,APROBADO
Francisco Condor Audaz,710622X,446040,APROBADO
Francisco Huemul Rojo,132791X,856261,APROBADO
Coty Ballena Austral,98341X,421150,APROBADO
Coty Huemul Audaz,875632X,796169,APROBADO
Lucho Leon Gigante,349742X,561189,APROBADO
Coty Perro Gigante,491674X,723356,RECHAZADO (Riesgo Salud/Financiero)
Pepe Nutria Gigante,379956X,361762,APROBADO
Coty Gato Noble,992721X,592163,APROBADO
Matias Puma Gigante,903056X,743898,APROBADO
Juan Puma Salvage,298935X,391138,APROBADO
Pancha Puma Sigiloso,1378X,171189,RECHAZADO (Riesgo Salud/Financiero)
Pepe Perro Veloz,151774X,585866,APROBADO
Maria Leon Salvage,76071X,884571,APROBADO
Maria Zorro Noble,820611X,540688,APROBADO
Matias Puma Gigante,173973X,778101,RECHAZADO (Riesgo Salud/Financiero)
Juan Ballena Noble,682011X,825161,APROBADO
Matias Ballena Austral,353521X,371457,RECHAZADO (Riesgo Salud/Financiero)
Pepe Leon Audaz,334292X,56348,RECHAZADO (Riesgo Salud/Financiero)
Sacha Puma Sigiloso,930477X,175983,RECHAZADO (Riesgo Salud/Financiero)
Maria Perro Veloz,628207X,463561,APROBADO
Sacha Condor Salvage,279114X,67342,APROBADO
Matias Huemul Veloz,881475X,245786,APROBADO
Sacha Huemul Rojo,134881X,553400,APROBADO
Pancha Leon Audaz,114609X,562953,RECHAZADO (Riesgo Salud/Financiero)
Lucho Nutria Austral,514080X,660815,APROBADO
Matias Gato Gigante,581534X,671349,APROBADO
Maria Leon Rojo,264540X,415728,APROBADO
Sacha Condor Audaz,729843X,197247,RECHAZADO (Riesgo Salud/Financiero)
Maria Nutria Austral,661276X,200216,APROBADO
Coty Ballena Noble,401057X,274142,APROBADO
Lucho Gato Sigiloso,485116X,797961,RECHAZADO (Riesgo Salud/Financiero)
Francisco Perro Veloz,371864X,652523,APROBADO
Pepe Ballena Sigiloso,651821X,56321,RECHAZADO (Riesgo Salud/Financiero)
Francisco Condor Audaz,922874X,498823,RECHAZADO (Riesgo Salud/Financiero)
Lucho Perro Audaz,625105X,522804,APROBADO
Sacha Huemul Austral,560604X,520595,RECHAZADO (Riesgo Salud/Financiero)
Matias Zorro Veloz,111318X,777798,APROBADO
Pepe Huemul Audaz,385769X,245287,APROBADO
Maria Leon Sigiloso,231561X,629017,RECHAZADO (Riesgo Salud/Financiero)
Sacha Puma Sigiloso,425870X,645558,APROBADO
Matias Puma Rojo,828203X,689854,APROBADO
Matias Huemul Audaz,771834X,752881,APROBADO
Lucho Huemul Rojo,189110X,598683,APROBADO
Pepe Puma Rojo,697532X,304363,APROBADO
Pepe Gato Noble,153885X,286817,APROBADO
Francisco Condor Audaz,190870X,226494,APROBADO
Francisco Puma Veloz,115294X,803060,APROBADO
Pancha Leon Salvage,158201X,790189,RECHAZADO (Riesgo Salud/Financiero)
Pepe Condor Austral,999875X,206658,APROBADO
Matias Huemul Rojo,553840X,184467,APROBADO
Juan Huemul Audaz,644227X,771994,RECHAZADO (Riesgo Salud/Financiero)
Matias Gato Salvage,16454X,418953,RECHAZADO (Riesgo Salud/Financiero)
Francisco Ballena Noble,411914X,566864,APROBADO
Juan Zorro Rojo,162466X,605401,APROBADO
Sacha Condor Austral,677930X,93559,APROBADO
Maria Condor Rojo,399658X,16446,RECHAZADO (Riesgo Salud/Financiero)
Maria Condor Salvage,336053X,102724,APROBADO
Juan Zorro Sigiloso,556122X,830887,APROBADO
Matias Puma Noble,638652X,26164,APROBADO
Francisco Zorro Noble,412055X,594190,APROBADO
Coty Gato Salvage,741776X,675576,RECHAZADO (Riesgo Salud/Financiero)
Juan Gato Austral,146883X,425005,APROBADO
Lucho Ballena Veloz,735091X,506884,APROBADO
Lucho Ballena Audaz,863399X,412939,APROBADO
Juan Zorro Sigiloso,267182X,603527,RECHAZADO (Riesgo Salud/Financiero)
Matias Leon Salvage,195415X,679272,APROBADO
Pepe Zorro Austral,712374X,826595,APROBADO
Juan Gato Rojo,387757X,458843,APROBADO
Coty Nutria Noble,199795X,59923,APROBADO
Francisco Leon Austral,900504X,519243,APROBADO
Francisco Puma Gigante,320817X,507591,APROBADO
Coty Ballena Audaz,799558X,450311,RECHAZADO (Riesgo Salud/Financiero)
Lucho Perro Rojo,357033X,28184,APROBADO
Pancha Condor Veloz,230402X,645118,APROBADO
Pancha Ballena Austral,88705X,281376,APROBADO
Sacha Puma Gigante,32135X,231643,APROBADO
Lucho Condor Audaz,36780X,193195,APROBADO
Pepe Zorro Austral,754644X,509408,RECHAZADO (Riesgo Salud/Financiero)
Matias Zorro Audaz,53080X,710657,RECHAZADO (Riesgo Salud/Financiero)
Lucho Huemul Austral,70282X,661967,APROBADO
Matias Puma Veloz,554280X,574513,APROBADO
Matias Gato Audaz,448231X,249706,APROBADO
Francisco Condor Audaz,985074X,451023,APROBADO
Coty Perro Gigante,191191X,553445,RECHAZADO (Riesgo Salud/Financiero)
Juan Leon Gigante,424895X,342738,APROBADO
Pancha Puma Rojo,427402X,866862,APROBADO
Juan Huemul Gigante,977804X,224685,APROBADO
Maria Nutria Salvage,287018X,711302,APROBADO
Juan Huemul Gigante,187508X,579500,APROBADO
Sacha Puma Sigiloso,871585X,299816,APROBADO
Juan Nutria Veloz,761362X,448813,APROBADO
Maria Zorro Audaz,27230X,494691,RECHAZADO (Riesgo Salud/Financiero)
Francisco Perro Gigante,902095X,593312,APROBADO
Pepe Condor Salvage,256973X,273581,APROBADO
Lucho Leon Noble,594759X,676000,APROBADO
Pepe Puma Sigiloso,656057X,789728,APROBADO
Maria Perro Salvage,813805X,599442,APROBADO
Coty Puma Audaz,599655X,687473,RECHAZADO (Riesgo Salud/Financiero)
Pancha Ballena Salvage,797305X,419660,RECHAZADO (Riesgo Salud/Financiero)
Francisco Condor Veloz,55289X,154492,APROBADO
Maria Perro Salvage,590977X,301828,APROBADO
Matias Zorro Veloz,444262X,552739,APROBADO
Juan Nutria Austral,137223X,125607,APROBADO
Juan Perro Rojo,809249X,540482,RECHAZADO (Riesgo Salud/Financiero)
Sacha Leon Gigante,245268X,564408,RECHAZADO (Riesgo Salud/Financiero)
Juan Perro Veloz,143653X,539519,RECHAZADO (Riesgo Salud/Financiero)
Pepe Condor Gigante,1338X,160890,APROBADO
Lucho Condor Salvage,207528X,320919,APROBADO
Sacha Leon Rojo,304108X,706473,APROBADO
Sacha Huemul Salvage,625896X,849831,APROBADO
Matias Zorro Audaz,578105X,81738,RECHAZADO (Riesgo Salud/Financiero)
Francisco Gato Rojo,899497X,769922,APROBADO
Sacha Puma Gigante,934891X,781559,RECHAZADO (Riesgo Salud/Financiero)
Pepe Zorro Salvage,738297X,267179,APROBADO
Pepe Nutria Sigiloso,237540X,320418,APROBADO
Lucho Huemul Veloz,299285X,865708,APROBADO
Sacha Ballena Veloz,795003X,725103,APROBADO
Maria Leon Veloz,406074X,232478,APROBADO
Matias Leon Gigante,728700X,668054,APROBADO
Matias Nutria Audaz,628574X,727388,APROBADO
Pepe Perro Sigiloso,894011X,624286,APROBADO
Francisco Puma Veloz,164084X,237782,APROBADO
Pepe Condor Sigiloso,151172X,220214,RECHAZADO (Riesgo Salud/Financiero)
Francisco Puma Veloz,696729X,65183,APROBADO
Pancha Leon Austral,637597X,726250,APROBADO
Francisco Condor Salvage,905800X,743161,APROBADO
Sacha Leon Noble,608542X,139396,APROBADO
Juan Nutria Rojo,826788X,690189,APROBADO
Juan Perro Sigiloso,808407X,559939,APROBADO
Maria Gato Sigiloso,310090X,73652,APROBADO
Pepe Perro Gigante,516305X,141056,APROBADO
Pepe Ballena Salvage,407193X,32113,APROBADO
Maria Puma Noble,481379X,838267,APROBADO
Pancha Puma Austral,347599X,856603,RECHAZADO (Riesgo Salud/Financiero)
Francisco Leon Sigiloso,735286X,832059,APROBADO
Juan Ballena Veloz,428018X,222433,RECHAZADO (Riesgo Salud/Financiero)
Pepe Perro Noble,384787X,16675,APROBADO
Juan Gato Gigante,807934X,179848,APROBADO
Pepe Gato Gigante,368945X,205281,APROBADO
Pancha Zorro Sigiloso,162183X,410660,APROBADO
Pepe Huemul Noble,57975X,824365,APROBADO
Sacha Nutria Austral,779220X,342501,RECHAZADO (Riesgo Salud/Financiero)
Francisco Leon Veloz,165609X,61729,APROBADO
Coty Condor Salvage,148351X,75928,APROBADO
Pancha Puma Austral,435209X,392956,APROBADO
Juan Puma Salvage,965467X,779188,APROBADO
Francisco Gato Sigiloso,776296X,798705,APROBADO
Lucho Zorro Salvage,552636X,33667,APROBADO
Maria Condor Austral,113111X,666272,APROBADO
Pancha Puma Veloz,395709X,355769,APROBADO
Juan Condor Rojo,685612X,364040,APROBADO
Juan Perro Salvage,186704X,302273,RECHAZADO (Riesgo Salud/Financiero)
Sacha Huemul Noble,929064X,555357,APROBADO
Coty Huemul Salvage,207010X,428170,APROBADO
Juan Leon Sigiloso,661094X,29826,APROBADO
Francisco Leon Rojo,613809X,828123,APROBADO
Maria Ballena Audaz,397916X,515841,APROBADO
Pancha Gato Rojo,288822X,490606,APROBADO
Pancha Huemul Gigante,969294X,50172,APROBADO
Sacha Huemul Rojo,78893X,518426,APROBADO
Maria Puma Noble,499032X,702224,RECHAZADO (Riesgo Salud/Financiero)
Pancha Perro Sigiloso,77687X,548929,APROBADO
Coty Puma Rojo,255049X,140505,APROBADO
Coty Nutria Sigiloso,704667X,78328,APROBADO
Francisco Nutria Sigiloso,218603X,327314,APROBADO
Coty Condor Audaz,518274X,168006,APROBADO
Francisco Huemul Sigiloso,999976X,468252,APROBADO
Matias Puma Salvage,226901X,18776,APROBADO
Pancha Ballena Noble,308034X,85202,RECHAZADO (Riesgo Salud/Financiero)
Pancha Perro Gigante,30382X,120274,APROBADO
Maria Ballena Salvage,448578X,631469,APROBADO
Francisco Gato Rojo,888447X,39501,RECHAZADO (Riesgo Salud/Financiero)
Pancha Zorro Austral,334008X,153752,APROBADO
Pepe Perro Gigante,331811X,751978,APROBADO
Pancha Leon Noble,132682X,54602,APROBADO
Francisco Leon Austral,860961X,854024,APROBADO
Coty Gato Noble,767116X,97353,APROBADO
Coty Leon Salvage,71905X,67796,APROBADO
Lucho Ballena Audaz,403417X,342929,APROBADO
Sacha Nutria Audaz,829044X,578995,APROBADO
Juan Zorro Austral,805515X,298285,RECHAZADO (Riesgo Salud/Financiero)
Lucho Puma Austral,784080X,213151,APROBADO
Juan Puma Veloz,344067X,889028,APROBADO
Maria Leon Salvage,934218X,760251,APROBADO
Pancha Gato Rojo,996829X,239940,RECHAZADO (Riesgo Salud/Financiero)
Pepe Puma Austral,72716X,362793,APROBADO
Pancha Leon Gigante,922100X,607746,APROBADO
Maria Ballena Austral,294573X,619095,APROBADO
Lucho Perro Rojo,10028X,266740,APROBADO
Lucho Leon Audaz,943904X,659405,APROBADO
Matias Condor Rojo,855947X,848053,APROBADO
Sacha Puma Audaz,701996X,143752,APROBADO
Pepe Nutria Gigante,162818X,813981,APROBADO
Maria Gato Gigante,417406X,210488,APROBADO
Juan Huemul Veloz,877040X,311787,APROBADO
Maria Huemul Rojo,84581X,680783,APROBADO
Maria Gato Veloz,154454X,676658,APROBADO
Pepe Gato Sigiloso,108744X,401141,APROBADO
Matias Huemul Austral,64999X,209849,APROBADO
Matias Leon Rojo,472007X,110265,APROBADO
Matias Gato Austral,468677X,372927,APROBADO
Sacha Gato Veloz,383068X,683969,APROBADO
Pepe Leon Sigiloso,775533X,331030,APROBADO
Pancha Condor Gigante,150453X,707000,RECHAZADO (Riesgo Salud/Financiero)
Francisco Ballena Austral,804530X,287862,APROBADO
Francisco Condor Salvage,512278X,528305,APROBADO
Pepe Gato Gigante,834422X,79511,RECHAZADO (Riesgo Salud/Financiero)
Sacha Nutria Salvage,124840X,878320,APROBADO
Pepe Condor Veloz,436992X,252913,APROBADO
Sacha Leon Salvage,116500X,786579,APROBADO
Pancha Nutria Austral,945766X,627632,APROBADO
Pancha Puma Rojo,247213X,330376,APROBADO
Sacha Nutria Audaz,875337X,389394,APROBADO
Lucho Gato Salvage,216432X,373243,APROBADO
Juan Nutria Rojo,587963X,404516,APROBADO
Matias Ballena Rojo,757927X,856592,APROBADO
Coty Puma Sigiloso,798428X,422755,RECHAZADO (Riesgo Salud/Financiero)
Lucho Gato Austral,261347X,134906,APROBADO
Sacha Gato Rojo,489604X,232252,APROBADO
Pancha Zorro Veloz,832773X,457973,APROBADO
Francisco Huemul Salvage,521264X,335767,APROBADO
Francisco Ballena Audaz,820354X,111362,APROBADO
Matias Gato Noble,196468X,66411,APROBADO
Sacha Condor Noble,356791X,781350,APROBADO
Francisco Zorro Noble,101532X,374339,APROBADO
Matias Nutria Veloz,545244X,371839,APROBADO
Maria Ballena Rojo,588594X,239618,APROBADO
Francisco Leon Veloz,1091X,608097,APROBADO
Sacha Zorro Gigante,374911X,275097,APROBADO
Lucho Nutria Noble,240114X,91380,APROBADO
Sacha Gato Salvage,738127X,584138,APROBADO
Lucho Condor Gigante,608085X,803166,APROBADO
Juan Zorro Noble,948177X,799026,APROBADO
Sacha Puma Audaz,776122X,204681,APROBADO
Sacha Leon Gigante,711057X,264006,APROBADO
Pancha Puma Salvage,257653X,600265,APROBADO
Francisco Puma Gigante,850586X,671435,APROBADO
Coty Puma Gigante,399266X,71802,RECHAZADO (Riesgo Salud/Financiero)
Pepe Nutria Austral,715559X,184003,APROBADO
Pancha Zorro Rojo,132708X,308142,APROBADO
Francisco Gato Salvage,800907X,335223,APROBADO
Maria Gato Austral,703901X,22126,APROBADO
Maria Leon Noble,513410X,661257,APROBADO
Sacha Ballena Gigante,542179X,627359,APROBADO
Pepe Huemul Rojo,832828X,247016,APROBADO
Sacha Puma Rojo,287504X,745233,APROBADO
Maria Leon Rojo,484996X,351837,APROBADO
Maria Puma Audaz,71273X,149472,APROBADO
Sacha Ballena Austral,65944X,713981,APROBADO
Sacha Perro Sigiloso,345715X,111642,APROBADO
Matias Zorro Noble,64015X,409549,APROBADO
Lucho Huemul Rojo,542899X,698557,RECHAZADO (Riesgo Salud/Financiero)
Pancha Gato Audaz,803110X,771466,APROBADO
Lucho Ballena Sigiloso,247118X,226875,APROBADO
Pancha Puma Rojo,989536X,677557,APROBADO
Pancha Ballena Noble,366532X,872495,APROBADO
Maria Condor Rojo,330075X,426377,APROBADO
Matias Zorro Austral,280257X,506816,APROBADO
Francisco Gato Noble,750359X,816861,RECHAZADO (Riesgo Salud/Financiero)
Francisco Perro Salvage,635967X,713951,APROBADO
Coty Huemul Sigiloso,452280X,632530,APROBADO
Pepe Condor Austral,42139X,92859,RECHAZADO (Riesgo Salud/Financiero)
Juan Puma Salvage,699174X,734979,RECHAZADO (Riesgo Salud/Financiero)
Maria Perro Gigante,714343X,539750,APROBADO
Pepe Perro Veloz,413430X,702660,APROBADO
Pepe Puma Noble,44044X,82905,APROBADO
Maria Leon Veloz,943460X,82346,APROBADO
Pancha Huemul Salvage,668999X,835754,APROBADO
Pancha Perro Salvage,789880X,481815,APROBADO
Pepe Zorro Veloz,774133X,761426,APROBADO
Maria Gato Salvage,869156X,642198,APROBADO
Lucho Condor Rojo,768008X,236364,APROBADO
Lucho Huemul Gigante,676670X,320755,APROBADO
Pancha Ballena Rojo,110514X,795314,APROBADO
Sacha Ballena Gigante,527965X,652963,APROBADO
Pepe Puma Veloz,316365X,440962,APROBADO
Pepe Zorro Gigante,183813X,713858,RECHAZADO (Riesgo Salud/Financiero)
Pepe Puma Rojo,462812X,215349,APROBADO
Juan Condor Rojo,208956X,212671,RECHAZADO (Riesgo Salud/Financiero)
Lucho Huemul Noble,763005X,807311,APROBADO
Pancha Huemul Gigante,734474X,369451,APROBADO
Maria Condor Austral,427492X,243328,APROBADO
Matias Zorro Gigante,855986X,625781,APROBADO
Matias Leon Salvage,297182X,448839,APROBADO
Pepe Nutria Salvage,101192X,894121,APROBADO
Francisco Gato Gigante,600705X,253196,APROBADO
Sacha Huemul Salvage,491366X,799483,APROBADO
Coty Nutria Sigiloso,391035X,778568,APROBADO
Juan Leon Noble,292465X,670335,RECHAZADO (Riesgo Salud/Financiero)
Pepe Ballena Austral,659922X,432656,APROBADO
Pepe Zorro Rojo,84765X,832462,RECHAZADO (Riesgo Salud/Financiero)
Juan Leon Audaz,447477X,122103,RECHAZADO (Riesgo Salud/Financiero)
Juan Condor Rojo,475407X,541273,APROBADO
Lucho Perro Veloz,970062X,426474,APROBADO
Pancha Zorro Noble,919436X,715560,APROBADO
Sacha Puma Gigante,133094X,798525,APROBADO
Juan Zorro Audaz,984690X,376529,APROBADO
Pepe Puma Gigante,183917X,815530,RECHAZADO (Riesgo Salud/Financiero)
Sacha Nutria Audaz,513198X,121409,APROBADO
Pancha Nutria Rojo,20936X,390998,APROBADO
Juan Huemul Sigiloso,156111X,672277,RECHAZADO (Riesgo Salud/Financiero)
Juan Gato Veloz,601588X,446584,RECHAZADO (Riesgo Salud/Financiero)
Coty Nutria Noble,498582X,581467,APROBADO
Francisco Leon Austral,624841X,775062,APROBADO
Matias Zorro Rojo,713539X,34544,APROBADO
Juan Huemul Austral,510938X,546911,APROBADO
Maria Leon Audaz,182093X,100433,APROBADO
Juan Puma Sigiloso,29009X,189821,APROBADO
Pancha Ballena Noble,172975X,384960,RECHAZADO (Riesgo Salud/Financiero)
Francisco Huemul Audaz,166103X,308301,APROBADO
Sacha Puma Noble,70284X,457759,APROBADO
Francisco Zorro Salvage,636482X,331464,APROBADO
Maria Gato Rojo,182273X,240553,APROBADO
Pancha Nutria Austral,962319X,355549,APROBADO
Coty Zorro Sigiloso,226570X,880914,APROBADO
Coty Gato Salvage,791668X,554963,APROBADO
Lucho Gato Noble,305965X,776192,APROBADO
Pancha Condor Sigiloso,71351X,120230,APROBADO
Francisco Huemul Rojo,70553X,363991,APROBADO
Pepe Gato Noble,140288X,688870,APROBADO
Pepe Perro Sigiloso,241713X,390197,APROBADO
Juan Nutria Austral,253086X,582710,RECHAZADO (Riesgo Salud/Financiero)
Maria Perro Sigiloso,386971X,310947,APROBADO
Pancha Leon Rojo,685652X,213904,APROBADO
Francisco Nutria Rojo,573630X,470560,APROBADO
Pepe Gato Austral,654111X,318734,APROBADO
Maria Ballena Salvage,233945X,749681,APROBADO
Pancha Condor Gigante,42906X,741486,APROBADO
Maria Huemul Audaz,475051X,89695,APROBADO
Matias Zorro Austral,723271X,858753,APROBADO
Maria Nutria Audaz,132900X,740638,APROBADO
Pepe Gato Audaz,655640X,104439,APROBADO
Francisco Condor Salvage,547531X,818797,APROBADO
Francisco Nutria Noble,890850X,337234,RECHAZADO (Riesgo Salud/Financiero)
Coty Puma Veloz,221739X,239947,APROBADO
Pancha Zorro Sigiloso,356586X,592696,APROBADO
Pancha Nutria Gigante,680917X,599316,RECHAZADO (Riesgo Salud/Financiero)
Francisco Zorro Gigante,626788X,618169,RECHAZADO (Riesgo Salud/Financiero)
Coty Nutria Rojo,656187X,358150,APROBADO
Lucho Leon Veloz,527462X,576685,APROBADO
Maria Leon Salvage,462546X,775079,APROBADO
Coty Gato Austral,980478X,860102,APROBADO
Francisco Puma Noble,17713X,22296,RECHAZADO (Riesgo Salud/Financiero)
Lucho Nutria Veloz,28132X,697614,APROBADO
Coty Leon Salvage,116179X,850761,RECHAZADO (Riesgo Salud/Financiero)
Coty Huemul Rojo,920020X,282825,APROBADO
Sacha Leon Audaz,706113X,134150,RECHAZADO (Riesgo Salud/Financiero)
Francisco Zorro Veloz,119962X,361423,APROBADO
Sacha Nutria Salvage,748447X,786152,APROBADO
Juan Huemul Salvage,402664X,866431,APROBADO
Pancha Puma Salvage,803925X,327845,APROBADO
Lucho Nutria Austral,934581X,314720,RECHAZADO (Riesgo Salud/Financiero)
Lucho Condor Noble,879600X,459357,APROBADO
Matias Leon Gigante,339490X,823282,RECHAZADO (Riesgo Salud/Financiero)
Lucho Perro Gigante,52040X,236115,APROBADO
Sacha Gato Sigiloso,334492X,252040,APROBADO
Francisco Puma Austral,742062X,763164,APROBADO
Lucho Condor Salvage,675810X,721204,APROBADO
Coty Nutria Gigante,964244X,534818,APROBADO
Maria Puma Austral,137690X,263297,RECHAZADO (Riesgo Salud/Financiero)
Maria Puma Audaz,607716X,462619,RECHAZADO (Riesgo Salud/Financiero)
Sacha Huemul Rojo,190467X,735284,APROBADO
Juan Ballena Austral,923662X,579793,APROBADO
Matias Leon Rojo,799650X,802976,APROBADO
Matias Zorro Rojo,787167X,880102,APROBADO
Sacha Condor Audaz,895002X,480204,APROBADO
Coty Leon Rojo,301948X,159554,APROBADO
Juan Gato Salvage,546732X,584775,APROBADO
Maria Zorro Noble,29541X,308933,APROBADO
Pancha Nutria Rojo,507621X,654794,APROBADO
Lucho Nutria Gigante,745013X,502541,APROBADO
Sacha Zorro Salvage,412054X,398912,APROBADO
Lucho Zorro Noble,225874X,23917,RECHAZADO (Riesgo Salud/Financiero)
Matias Condor Audaz,975833X,242155,APROBADO
Juan Leon Salvage,772382X,45811,APROBADO
Juan Gato Noble,85177X,338302,RECHAZADO (Riesgo Salud/Financiero)
Sacha Perro Rojo,897794X,860748,APROBADO
Juan Leon Audaz,909686X,262706,RECHAZADO (Riesgo Salud/Financiero)
Maria Leon Audaz,385760X,883306,APROBADO
Lucho Huemul Gigante,690452X,748641,APROBADO
Pepe Perro Sigiloso,577168X,747404,APROBADO
Sacha Leon Rojo,225602X,434118,RECHAZADO (Riesgo Salud/Financiero)
Juan Condor Noble,876396X,863295,APROBADO
Lucho Leon Audaz,827666X,664369,RECHAZADO (Riesgo Salud/Financiero)
Lucho Gato Rojo,270682X,391077,APROBADO
Maria Gato Noble,12667X,709061,APROBADO
Juan Condor Gigante,94314X,369345,APROBADO
Coty Condor Austral,213846X,43024,RECHAZADO (Riesgo Salud/Financiero)
Lucho Perro Gigante,851591X,411576,RECHAZADO (Riesgo Salud/Financiero)
Pepe Huemul Austral,388458X,91299,APROBADO
Francisco Zorro Salvage,105777X,342945,APROBADO
Pepe Ballena Austral,86786X,859859,APROBADO
Juan Huemul Noble,230418X,222050,APROBADO
Coty Huemul Sigiloso,16177X,339949,APROBADO
Pepe Huemul Gigante,815910X,435636,APROBADO
Maria Puma Austral,834126X,296095,APROBADO
Maria Gato Noble,476341X,457503,APROBADO
Pepe Perro Salvage,689418X,685798,APROBADO
Coty Leon Sigiloso,584611X,521632,APROBADO
Coty Zorro Salvage,996780X,707205,APROBADO
Pancha Nutria Veloz,616350X,483569,APROBADO
Matias Leon Austral,841178X,682163,RECHAZADO (Riesgo Salud/Financiero)
Lucho Condor Austral,174291X,798759,APROBADO
Pancha Leon Veloz,7122X,565666,RECHAZADO (Riesgo Salud/Financiero)
Coty Perro Salvage,621342X,116467,RECHAZADO (Riesgo Salud/Financiero)
Sacha Ballena Sigiloso,326054X,197063,APROBADO
Pepe Leon Rojo,605848X,433106,APROBADO
Sacha Gato Gigante,956357X,332695,APROBADO
Juan Zorro Sigiloso,59352X,150265,APROBADO
Pepe Ballena Salvage,176898X,856743,APROBADO
Lucho Condor Rojo,804082X,770655,APROBADO
Coty Ballena Veloz,563899X,254458,RECHAZADO (Riesgo Salud/Financiero)
Pancha Ballena Salvage,561751X,528153,RECHAZADO (Riesgo Salud/Financiero)
Francisco Gato Salvage,939491X,481693,RECHAZADO (Riesgo Salud/Financiero)
Matias Leon Salvage,117925X,277168,RECHAZADO (Riesgo Salud/Financiero)
Francisco Puma Veloz,53344X,842121,APROBADO
Juan Perro Gigante,709393X,888478,APROBADO
Sacha Ballena Rojo,45197X,359425,RECHAZADO (Riesgo Salud/Financiero)
Lucho Gato Veloz,359762X,121678,APROBADO
Maria Puma Salvage,367890X,681364,RECHAZADO (Riesgo Salud/Financiero)
Coty Ballena Gigante,590004X,518295,APROBADO
Juan Nutria Sigiloso,312520X,622762,RECHAZADO (Riesgo Salud/Financiero)
Juan Huemul Austral,627844X,629863,APROBADO
Maria Puma Audaz,336216X,367406,APROBADO
Lucho Leon Veloz,194705X,581787,APROBADO
Maria Leon Gigante,538281X,227999,APROBADO
Sacha Huemul Austral,801124X,67068,APROBADO
Pancha Ballena Audaz,202672X,98216,RECHAZADO (Riesgo Salud/Financiero)
Coty Huemul Austral,870910X,817396,RECHAZADO (Riesgo Salud/Financiero)
Juan Gato Rojo,794790X,785975,APROBADO
Maria Puma Audaz,523301X,796226,APROBADO
Maria Puma Rojo,742649X,519119,APROBADO
Pepe Zorro Sigiloso,206196X,221160,APROBADO
Sacha Puma Gigante,963142X,670064,APROBADO
Juan Leon Audaz,29029X,840866,APROBADO
Lucho Huemul Salvage,653950X,88375,RECHAZADO (Riesgo Salud/Financiero)
Francisco Condor Rojo,722301X,870249,APROBADO
Sacha Ballena Sigiloso,789896X,711276,APROBADO
Matias Zorro Veloz,145048X,652498,APROBADO
Coty Condor Salvage,706960X,567247,RECHAZADO (Riesgo Salud/Financiero)
Matias Huemul Salvage,241489X,659567,APROBADO
Pepe Huemul Salvage,385775X,532163,APROBADO
Pepe Ballena Veloz,594611X,290498,APROBADO
Pancha Ballena Rojo,182459X,138897,APROBADO
Coty Leon Sigiloso,96614X,739402,APROBADO
Lucho Leon Austral,12918X,869274,APROBADO
Sacha Puma Veloz,879334X,801947,APROBADO
Matias Condor Austral,854204X,57353,RECHAZADO (Riesgo Salud/Financiero)
Pepe Huemul Austral,942044X,192694,APROBADO
Matias Gato Rojo,650325X,266608,APROBADO
Pepe Leon Sigiloso,149185X,743772,RECHAZADO (Riesgo Salud/Financiero)
Francisco Zorro Salvage,692077X,637639,RECHAZADO (Riesgo Salud/Financiero)
Matias Perro Salvage,876074X,182661,APROBADO
Juan Puma Rojo,205933X,325745,APROBADO
Juan Gato Noble,220139X,352804,APROBADO
Matias Gato Veloz,539954X,595455,APROBADO
Pancha Leon Salvage,905181X,83001,APROBADO
Juan Nutria Veloz,117630X,720355,APROBADO
Coty Nutria Salvage,915150X,140202,APROBADO
Coty Nutria Gigante,881839X,441179,APROBADO
Coty Zorro Veloz,54718X,231855,APROBADO
Matias Gato Sigiloso,411685X,200919,APROBADO
Lucho Puma Audaz,233293X,831977,APROBADO
Pepe Leon Salvage,460639X,463427,APROBADO
Juan Condor Austral,782356X,355442,APROBADO
Lucho Condor Audaz,366895X,68477,RECHAZADO (Riesgo Salud/Financiero)
Maria Leon Audaz,182702X,385276,APROBADO
Pancha Gato Austral,198805X,409595,APROBADO
Coty Ballena Gigante,891619X,602975,APROBADO
Juan Ballena Veloz,884746X,836311,RECHAZADO (Riesgo Salud/Financiero)
Maria Huemul Noble,661038X,720152,APROBADO
Matias Perro Rojo,850987X,216363,APROBADO
Coty Zorro Salvage,652521X,85123,APROBADO
Pancha Perro Salvage,907894X,467611,APROBADO
Pepe Gato Noble,634333X,185193,RECHAZADO (Riesgo Salud/Financiero)
Maria Puma Austral,666372X,147481,APROBADO
Juan Ballena Austral,641487X,267290,RECHAZADO (Riesgo Salud/Financiero)
Coty Condor Noble,367516X,358630,APROBADO
Sacha Nutria Veloz,555361X,73507,APROBADO
Pancha Puma Rojo,198423X,310657,APROBADO
Pancha Puma Austral,949133X,438497,APROBADO
Juan Zorro Gigante,222492X,378893,APROBADO
Juan Huemul Rojo,308379X,790685,APROBADO
Lucho Ballena Gigante,173095X,141252,APROBADO
Lucho Gato Austral,832479X,355181,APROBADO
Sacha Huemul Rojo,99659X,59723,APROBADO
Francisco Ballena Audaz,399052X,139120,RECHAZADO (Riesgo Salud/Financiero)
Francisco Huemul Noble,293049X,186552,APROBADO
Lucho Condor Austral,991357X,37216,APROBADO
Coty Condor Veloz,999497X,574736,APROBADO
Pepe Zorro Sigiloso,515141X,706635,APROBADO
Pancha Huemul Audaz,706416X,287072,RECHAZADO (Riesgo Salud/Financiero)
Francisco Condor Salvage,434589X,768014,APROBADO
Matias Zorro Noble,415434X,865734,APROBADO
Matias Puma Austral,678652X,465703,APROBADO
Sacha Zorro Gigante,904669X,455273,APROBADO
Juan Huemul Rojo,582026X,543755,APROBADO
Pancha Zorro Salvage,272094X,93291,APROBADO
Pancha Nutria Austral,133471X,50801,APROBADO
Matias Zorro Rojo,559922X,349227,APROBADO
Pancha Perro Audaz,713422X,326217,APROBADO
Coty Leon Austral,957848X,744152,APROBADO
Juan Nutria Rojo,788193X,823875,APROBADO
Francisco Condor Sigiloso,765538X,207948,APROBADO
Coty Nutria Audaz,676688X,892454,APROBADO
Maria Perro Veloz,399627X,648057,APROBADO
Juan Puma Veloz,621163X,804912,APROBADO
Coty Nutria Veloz,7969X,243838,APROBADO
Matias Ballena Rojo,525666X,201731,APROBADO
Juan Condor Noble,780432X,373156,APROBADO
Lucho Perro Gigante,436160X,232405,APROBADO
Maria Nutria Veloz,24206X,188722,APROBADO
Matias Puma Salvage,51275X,648504,RECHAZADO (Riesgo Salud/Financiero)
Maria Leon Sigiloso,445192X,332297,APROBADO
Juan Puma Noble,478980X,230815,APROBADO
Pepe Zorro Austral,73855X,743479,APROBADO
Matias Nutria Audaz,589143X,104067,APROBADO
Pepe Nutria Sigiloso,152558X,612915,APROBADO
Pepe Leon Austral,64944X,222793,RECHAZADO (Riesgo Salud/Financiero)
Pancha Condor Sigiloso,175031X,608377,APROBADO
Juan Huemul Salvage,122800X,274782,APROBADO
Matias Huemul Austral,736374X,67944,APROBADO
Pepe Perro Rojo,380089X,674542,APROBADO
Pepe Nutria Gigante,786968X,364316,RECHAZADO (Riesgo Salud/Financiero)
Matias Perro Noble,14403X,416114,APROBADO
Sacha Zorro Austral,965638X,54290,APROBADO
Lucho Gato Austral,534637X,148887,APROBADO
Lucho Zorro Noble,756273X,413457,APROBADO
Coty Huemul Noble,699338X,766308,APROBADO
Sacha Ballena Gigante,458993X,441508,APROBADO
Coty Condor Austral,635788X,844898,APROBADO
Maria Ballena Audaz,198606X,261408,APROBADO
Francisco Ballena Audaz,630009X,257610,APROBADO
Francisco Nutria Salvage,248854X,870415,APROBADO
Pepe Gato Salvage,755270X,291163,APROBADO
Lucho Gato Veloz,208097X,377286,APROBADO
Pancha Puma Austral,15776X,824026,RECHAZADO (Riesgo Salud/Financiero)
Matias Ballena Salvage,357402X,563077,APROBADO
Sacha Gato Audaz,713336X,267238,APROBADO
Juan Nutria Rojo,70111X,374055,APROBADO
Coty Zorro Audaz,183108X,22756,APROBADO
Lucho Leon Veloz,688239X,665918,APROBADO
Matias Zorro Audaz,734480X,842458,RECHAZADO (Riesgo Salud/Financiero)
Sacha Gato Austral,839786X,800308,APROBADO
Pepe Gato Noble,161183X,428392,APROBADO
Coty Leon Salvage,596727X,164365,APROBADO
Pancha Ballena Salvage,498431X,774853,APROBADO
Sacha Condor Veloz,359217X,878118,APROBADO
Sacha Huemul Audaz,192206X,372080,APROBADO
Pancha Condor Audaz,721166X,712245,APROBADO
Juan Leon Salvage,968310X,328091,RECHAZADO (Riesgo Salud/Financiero)
Matias Gato Sigiloso,284849X,48602,RECHAZADO (Riesgo Salud/Financiero)
Pancha Huemul Salvage,517827X,724818,APROBADO
Pepe Condor Audaz,788997X,888039,APROBADO
Pancha Perro Gigante,379682X,565612,APROBADO
Maria Puma Audaz,183945X,766048,APROBADO
Maria Perro Salvage,469925X,727139,APROBADO
Pancha Zorro Audaz,258973X,660466,APROBADO
Juan Gato Austral,426297X,331445,APROBADO
Sacha Nutria Veloz,961600X,840928,APROBADO
Pepe Zorro Austral,898113X,77002,APROBADO
Francisco Nutria Veloz,650296X,706250,RECHAZADO (Riesgo Salud/Financiero)
Coty Puma Veloz,965578X,513881,APROBADO
Matias Nutria Sigiloso,652042X,40314,APROBADO
Sacha Puma Salvage,752475X,559770,RECHAZADO (Riesgo Salud/Financiero)
Lucho Condor Salvage,641149X,34779,APROBADO
Juan Puma Audaz,293832X,893004,RECHAZADO (Riesgo Salud/Financiero)
Pancha Nutria Austral,313347X,435127,RECHAZADO (Riesgo Salud/Financiero)
Matias Zorro Noble,151782X,355584,APROBADO
Pepe Gato Rojo,619189X,617184,RECHAZADO (Riesgo Salud/Financiero)
Francisco Puma Sigiloso,499277X,151462,APROBADO
Lucho Perro Noble,111544X,667786,APROBADO
Sacha Perro Veloz,705272X,221583,RECHAZADO (Riesgo Salud/Financiero)
Pancha Ballena Sigiloso,474577X,191293,APROBADO
Lucho Condor Sigiloso,49488X,721661,RECHAZADO (Riesgo Salud/Financiero)
Sacha Perro Salvage,895764X,583777,APROBADO
Pepe Ballena Noble,634020X,336244,APROBADO
Juan Nutria Rojo,860872X,275224,RECHAZADO (Riesgo Salud/Financiero)
Coty Leon Gigante,825209X,763949,RECHAZADO (Riesgo Salud/Financiero)
Pancha Nutria Noble,804200X,175634,RECHAZADO (Riesgo Salud/Financiero)
Matias Huemul Rojo,301053X,560661,APROBADO
Lucho Puma Veloz,573360X,488194,APROBADO
Juan Ballena Rojo,704744X,646839,RECHAZADO (Riesgo Salud/Financiero)
Matias Puma Noble,661823X,580831,APROBADO
Lucho Gato Audaz,573968X,480783,RECHAZADO (Riesgo Salud/Financiero)
Sacha Ballena Rojo,549310X,831395,APROBADO
Lucho Gato Noble,602170X,679850,APROBADO
Lucho Gato Noble,548843X,174256,APROBADO
Coty Huemul Audaz,399759X,456924,APROBADO
Juan Nutria Veloz,19468X,632613,APROBADO
Juan Nutria Salvage,323096X,636808,RECHAZADO (Riesgo Salud/Financiero)
Sacha Leon Rojo,813773X,145829,APROBADO
Lucho Nutria Rojo,58008X,676748,RECHAZADO (Riesgo Salud/Financiero)
Sacha Zorro Rojo,495984X,637762,APROBADO
Lucho Nutria Salvage,149333X,138524,RECHAZADO (Riesgo Salud/Financiero)
Francisco Leon Sigiloso,547200X,443673,RECHAZADO (Riesgo Salud/Financiero)
Juan Ballena Sigiloso,490437X,661082,RECHAZADO (Riesgo Salud/Financiero)
Francisco Condor Salvage,621904X,28481,RECHAZADO (Riesgo Salud/Financiero)
Matias Condor Austral,510927X,595573,APROBADO
Pepe Huemul Rojo,960375X,66352,APROBADO
Maria Huemul Austral,277748X,887738,APROBADO
Pancha Huemul Rojo,349680X,786620,APROBADO
Maria Leon Austral,197198X,137600,RECHAZADO (Riesgo Salud/Financiero)
Juan Gato Noble,913972X,540877,APROBADO
Pancha Huemul Austral,292213X,289515,APROBADO
Pancha Puma Veloz,830137X,545335,APROBADO
Sacha Gato Veloz,183992X,121716,APROBADO
Pancha Condor Austral,227139X,166864,APROBADO
Lucho Puma Gigante,211889X,585501,APROBADO
Pancha Zorro Rojo,78729X,236416,APROBADO
Matias Ballena Rojo,989952X,620808,APROBADO
Sacha Puma Sigiloso,725033X,101686,APROBADO
Lucho Huemul Austral,835807X,139448,RECHAZADO (Riesgo Salud/Financiero)
Maria Ballena Salvage,345043X,228959,APROBADO
Maria Nutria Salvage,909343X,49027,APROBADO
Maria Leon Salvage,302612X,251678,APROBADO
Maria Condor Rojo,373034X,285386,APROBADO
Maria Leon Veloz,558676X,878300,RECHAZADO (Riesgo Salud/Financiero)
Matias Nutria Sigiloso,774380X,808457,APROBADO
Matias Nutria Sigiloso,557850X,487394,APROBADO
Maria Huemul Sigiloso,74018X,157816,APROBADO
Juan Gato Noble,755604X,730141,APROBADO
Matias Ballena Audaz,623421X,174841,APROBADO
Sacha Perro Salvage,201109X,180243,RECHAZADO (Riesgo Salud/Financiero)
Matias Ballena Rojo,155537X,382712,APROBADO
Francisco Nutria Austral,794895X,733860,APROBADO
Lucho Gato Salvage,850973X,757028,APROBADO
Maria Puma Gigante,286180X,136209,RECHAZADO (Riesgo Salud/Financiero)
Lucho Ballena Salvage,23494X,35491,APROBADO
Pepe Gato Austral,516804X,586178,APROBADO
Maria Leon Salvage,975335X,491140,APROBADO
Coty Condor Salvage,379250X,388943,APROBADO
Francisco Leon Rojo,952755X,490297,APROBADO
Pepe Perro Sigiloso,905469X,591292,RECHAZADO (Riesgo Salud/Financiero)
Coty Zorro Rojo,704555X,420424,APROBADO
Pepe Ballena Audaz,804110X,818427,APROBADO
Pancha Nutria Gigante,480213X,330923,APROBADO
Maria Leon Gigante,452177X,680583,APROBADO
Pepe Puma Audaz,606943X,338995,RECHAZADO (Riesgo Salud/Financiero)
Sacha Puma Gigante,389696X,786706,APROBADO
Matias Zorro Salvage,153699X,384136,RECHAZADO (Riesgo Salud/Financiero)
Lucho Nutria Gigante,647607X,686578,APROBADO
Juan Gato Gigante,393713X,63372,APROBADO
Matias Ballena Gigante,221658X,753042,APROBADO
Pancha Ballena Veloz,219605X,304081,RECHAZADO (Riesgo Salud/Financiero)
Matias Leon Austral,25361X,723680,RECHAZADO (Riesgo Salud/Financiero)
Juan Perro Salvage,854084X,606009,RECHAZADO (Riesgo Salud/Financiero)
Sacha Huemul Salvage,431361X,884510,APROBADO
Juan Puma Audaz,563270X,171446,APROBADO
Pepe Perro Gigante,302902X,467799,RECHAZADO (Riesgo Salud/Financiero)
Maria Perro Rojo,583033X,691889,APROBADO
Pancha Nutria Rojo,87511X,53460,APROBADO
Matias Zorro Rojo,531146X,475923,RECHAZADO (Riesgo Salud/Financiero)
Coty Gato Salvage,268570X,691263,APROBADO
Juan Huemul Noble,766924X,443255,APROBADO
Matias Zorro Rojo,124485X,380675,APROBADO
Sacha Huemul Veloz,589122X,664098,APROBADO
Sacha Leon Rojo,429954X,760303,RECHAZADO (Riesgo Salud/Financiero)
Sacha Zorro Veloz,75906X,183614,APROBADO
Lucho Condor Noble,318409X,435047,APROBADO
Pepe Leon Rojo,24459X,118171,APROBADO
Maria Condor Salvage,897171X,517097,APROBADO
Matias Zorro Salvage,831509X,730133,APROBADO
Pepe Nutria Sigiloso,821088X,809087,APROBADO
Sacha Puma Audaz,967077X,649380,RECHAZADO (Riesgo Salud/Financiero)
Sacha Perro Salvage,619688X,565841,RECHAZADO (Riesgo Salud/Financiero)
Pancha Leon Noble,125616X,637482,RECHAZADO (Riesgo Salud/Financiero)
Pepe Zorro Veloz,129944X,603945,APROBADO
Coty Gato Sigiloso,848540X,670997,APROBADO
Sacha Perro Austral,294463X,398945,APROBADO
Maria Puma Audaz,852434X,613259,APROBADO
Francisco Zorro Veloz,343560X,409993,APROBADO
Coty Condor Rojo,763538X,623037,APROBADO
Matias Ballena Salvage,116305X,327038,RECHAZADO (Riesgo Salud/Financiero)
Francisco Huemul Austral,217048X,445095,APROBADO
Matias Puma Rojo,784070X,634473,APROBADO
Maria Gato Rojo,59186X,208556,APROBADO
Lucho Gato Austral,576938X,266051,RECHAZADO (Riesgo Salud/Financiero)
Francisco Zorro Audaz,768459X,202531,APROBADO
Matias Ballena Austral,818382X,612830,RECHAZADO (Riesgo Salud/Financiero)
Sacha Leon Sigiloso,549120X,541583,APROBADO
Pancha Ballena Audaz,118673X,72678,APROBADO
Francisco Perro Salvage,89875X,374112,APROBADO
Pancha Perro Salvage,697012X,193121,APROBADO
Juan Leon Sigiloso,782016X,90459,APROBADO
Juan Gato Noble,333643X,68571,APROBADO
Pepe Perro Salvage,827866X,770489,APROBADO
Pepe Ballena Austral,682586X,278684,APROBADO
Pancha Leon Austral,403663X,390987,APROBADO
Coty Nutria Gigante,759285X,197756,RECHAZADO (Riesgo Salud/Financiero)
Sacha Perro Rojo,322506X,865594,APROBADO
Lucho Leon Rojo,359008X,554789,RECHAZADO (Riesgo Salud/Financiero)
Coty Leon Sigiloso,761107X,593753,APROBADO
Maria Condor Noble,142886X,444242,APROBADO
Coty Condor Rojo,9380X,294389,APROBADO
Sacha Huemul Veloz,159260X,497791,APROBADO
Sacha Perro Veloz,267549X,312064,APROBADO
Lucho Condor Noble,927585X,598455,APROBADO
Juan Ballena Salvage,815795X,262333,APROBADO
Pepe Leon Noble,847661X,301587,RECHAZADO (Riesgo Salud/Financiero)
Francisco Gato Austral,823643X,746557,APROBADO
Lucho Zorro Audaz,147473X,397962,APROBADO
Matias Gato Sigiloso,920079X,106973,APROBADO
Juan Condor Rojo,90668X,638783,APROBADO
Coty Perro Sigiloso,743768X,380802,APROBADO
Coty Ballena Veloz,17848X,245637,APROBADO
Francisco Ballena Noble,782642X,447344,APROBADO
Sacha Condor Rojo,166548X,505780,RECHAZADO (Riesgo Salud/Financiero)
Juan Leon Noble,428218X,111789,APROBADO
Juan Leon Austral,536819X,227033,APROBADO
Coty Puma Rojo,230879X,771220,APROBADO
Pepe Zorro Noble,137204X,896028,RECHAZADO (Riesgo Salud/Financiero)
Pancha Nutria Salvage,29761X,802649,APROBADO
Coty Zorro Rojo,333997X,144787,APROBADO
Matias Nutria Salvage,448424X,484515,APROBADO
Pancha Leon Noble,787483X,749404,RECHAZADO (Riesgo Salud/Financiero)
Sacha Ballena Austral,97640X,870004,APROBADO
Pepe Gato Sigiloso,342562X,316777,RECHAZADO (Riesgo Salud/Financiero)
Maria Nutria Sigiloso,34426X,116439,APROBADO
Pepe Gato Audaz,870407X,665156,APROBADO
Francisco Leon Gigante,574078X,558171,APROBADO
Maria Gato Veloz,735175X,70015,RECHAZADO (Riesgo Salud/Financiero)
Pepe Puma Austral,287074X,634227,APROBADO
Pepe Puma Noble,424478X,832845,APROBADO
Juan Huemul Audaz,925192X,81168,RECHAZADO (Riesgo Salud/Financiero)
Matias Huemul Gigante,803746X,365380,APROBADO
Coty Nutria Austral,608160X,134717,APROBADO
Matias Zorro Veloz,17760X,886276,APROBADO
Pepe Perro Audaz,801486X,486129,APROBADO
Pancha Puma Noble,836471X,103470,APROBADO
Juan Perro Sigiloso,885067X,77426,APROBADO
Coty Perro Noble,236929X,196088,APROBADO
Coty Perro Sigiloso,247287X,46037,APROBADO
Maria Puma Sigiloso,269819X,665322,RECHAZADO (Riesgo Salud/Financiero)
Sacha Huemul Veloz,886215X,55081,APROBADO
Lucho Gato Sigiloso,720144X,153863,APROBADO
Pancha Gato Salvage,71715X,804619,APROBADO
Coty Condor Austral,581195X,864465,RECHAZADO (Riesgo Salud/Financiero)
Coty Leon Audaz,474542X,788584,APROBADO
Maria Ballena Noble,961269X,835452,APROBADO
Pancha Nutria Gigante,86531X,419817,RECHAZADO (Riesgo Salud/Financiero)
Lucho Gato Noble,268915X,777141,APROBADO
Maria Puma Gigante,109857X,353549,RECHAZADO (Riesgo Salud/Financiero)
Francisco Perro Veloz,91705X,230397,APROBADO
Juan Gato Gigante,665469X,466045,APROBADO
Lucho Puma Noble,699469X,629173,RECHAZADO (Riesgo Salud/Financiero)
Juan Nutria Gigante,960760X,264348,APROBADO
Maria Huemul Austral,390275X,17296,APROBADO
Matias Leon Sigiloso,704390X,449154,RECHAZADO (Riesgo Salud/Financiero)
Coty Huemul Austral,727911X,430390,APROBADO
Francisco Huemul Gigante,166019X,170033,RECHAZADO (Riesgo Salud/Financiero)
Pepe Zorro Rojo,708476X,403731,APROBADO
Juan Puma Salvage,250190X,41208,APROBADO
Lucho Huemul Veloz,986102X,681693,APROBADO
Lucho Gato Noble,364711X,180415,APROBADO
Pepe Ballena Veloz,696144X,855806,APROBADO
Maria Puma Gigante,30569X,705352,APROBADO
Juan Huemul Sigiloso,24063X,267416,RECHAZADO (Riesgo Salud/Financiero)
Pepe Huemul Noble,45607X,70771,APROBADO
Juan Huemul Audaz,43394X,284083,APROBADO
Lucho Puma Sigiloso,474859X,635575,APROBADO
Matias Zorro Audaz,769594X,23408,APROBADO
Francisco Puma Veloz,57001X,415322,APROBADO
Francisco Ballena Gigante,840003X,610029,RECHAZADO (Riesgo Salud/Financiero)
Lucho Condor Noble,834939X,475330,RECHAZADO (Riesgo Salud/Financiero)
Matias Puma Rojo,664042X,446609,RECHAZADO (Riesgo Salud/Financiero)
Pepe Huemul Gigante,276409X,619898,APROBADO
Sacha Leon Noble,518946X,420476,RECHAZADO (Riesgo Salud/Financiero)
Sacha Huemul Sigiloso,118003X,441468,APROBADO
Lucho Nutria Salvage,289989X,341498,APROBADO
Sacha Leon Rojo,619651X,488296,RECHAZADO (Riesgo Salud/Financiero)
Pepe Ballena Austral,501684X,236185,APROBADO
Matias Huemul Austral,72747X,463412,APROBADO
Maria Huemul Audaz,837412X,843469,APROBADO
Matias Nutria Sigiloso,431320X,545893,RECHAZADO (Riesgo Salud/Financiero)
Lucho Perro Salvage,729980X,155533,APROBADO
Matias Ballena Audaz,152772X,452115,RECHAZADO (Riesgo Salud/Financiero)
Juan Gato Veloz,75645X,366126,APROBADO
Matias Zorro Gigante,333411X,820754,APROBADO
Pepe Perro Austral,331505X,558702,APROBADO
Matias Zorro Audaz,93144X,230733,RECHAZADO (Riesgo Salud/Financiero)
Matias Condor Salvage,494735X,640634,APROBADO
Francisco Leon Audaz,690919X,853246,APROBADO
Pepe Gato Audaz,936175X,755381,APROBADO
Coty Nutria Gigante,866149X,500448,APROBADO
Juan Leon Sigiloso,528960X,874757,APROBADO
Matias Perro Austral,996221X,366219,APROBADO
Sacha Puma Audaz,986021X,283677,APROBADO
Juan Leon Noble,313174X,231413,RECHAZADO (Riesgo Salud/Financiero)
Coty Leon Salvage,127890X,240015,RECHAZADO (Riesgo Salud/Financiero)
Maria Condor Noble,594440X,157197,APROBADO
Lucho Ballena Noble,914127X,706392,APROBADO
Lucho Condor Rojo,723594X,701922,APROBADO
Sacha Leon Rojo,775335X,142904,APROBADO
Pancha Nutria Austral,150442X,119798,APROBADO
Lucho Nutria Gigante,60398X,360954,APROBADO
Juan Puma Veloz,302846X,87979,APROBADO
Pepe Leon Austral,490006X,211160,APROBADO
Matias Gato Gigante,518269X,633205,APROBADO
Pepe Gato Rojo,271616X,28635,APROBADO
Maria Gato Salvage,795154X,864872,APROBADO
Francisco Leon Rojo,299405X,321426,APROBADO
Pancha Puma Rojo,735492X,707606,RECHAZADO (Riesgo Salud/Financiero)
Sacha Nutria Veloz,909569X,713391,APROBADO
Pancha Leon Sigiloso,555140X,59137,APROBADO
Maria Gato Gigante,388918X,794776,APROBADO
Pancha Gato Audaz,171930X,676563,APROBADO
Pancha Ballena Sigiloso,481007X,886770,APROBADO
Lucho Puma Noble,611178X,819658,APROBADO
Coty Perro Rojo,557678X,793589,APROBADO
Coty Puma Austral,584796X,340545,APROBADO
Lucho Ballena Austral,19686X,736613,RECHAZADO (Riesgo Salud/Financiero)
Francisco Nutria Noble,954672X,174815,APROBADO
Matias Gato Audaz,325489X,599512,APROBADO
Juan Leon Austral,457450X,633280,APROBADO
Maria Ballena Salvage,139577X,113495,RECHAZADO (Riesgo Salud/Financiero)
Juan Ballena Audaz,679691X,77198,APROBADO
Lucho Nutria Veloz,122857X,625880,APROBADO
Sacha Perro Sigiloso,204726X,130164,APROBADO
Pepe Nutria Audaz,67400X,687619,APROBADO
Juan Nutria Gigante,764193X,36381,RECHAZADO (Riesgo Salud/Financiero)
Francisco Condor Austral,357910X,116570,APROBADO
Pepe Ballena Audaz,483053X,424441,RECHAZADO (Riesgo Salud/Financiero)
Maria Condor Audaz,312195X,809879,RECHAZADO (Riesgo Salud/Financiero)
Pepe Zorro Sigiloso,308356X,887194,APROBADO
Francisco Puma Rojo,7061X,75178,APROBADO
Lucho Nutria Austral,328974X,537448,RECHAZADO (Riesgo Salud/Financiero)
Matias Puma Noble,984681X,621434,RECHAZADO (Riesgo Salud/Financiero)
Maria Huemul Veloz,174314X,294655,APROBADO
Lucho Puma Sigiloso,822567X,381724,APROBADO
Maria Perro Noble,204801X,711231,APROBADO
Lucho Perro Veloz,853946X,414081,APROBADO
Maria Nutria Salvage,765807X,525175,APROBADO
Matias Gato Austral,665525X,410940,APROBADO
Juan Gato Rojo,256684X,421084,RECHAZADO (Riesgo Salud/Financiero)
Juan Huemul Austral,976630X,231406,APROBADO
Pancha Perro Sigiloso,396937X,487731,RECHAZADO (Riesgo Salud/Financiero)
Pepe Zorro Noble,706570X,120189,APROBADO
Matias Ballena Noble,109485X,265965,APROBADO
Pepe Leon Noble,329281X,65910,APROBADO
Matias Ballena Audaz,453301X,568385,APROBADO
Francisco Leon Veloz,747784X,647000,APROBADO
Pepe Gato Noble,870392X,532698,APROBADO
Matias Perro Audaz,330225X,406552,APROBADO
Pepe Gato Salvage,663274X,364989,APROBADO
Francisco Condor Audaz,253171X,328310,APROBADO
Lucho Gato Salvage,800407X,403144,RECHAZADO (Riesgo Salud/Financiero)
Pancha Gato Salvage,41161X,349054,APROBADO
Francisco Zorro Austral,749629X,727888,APROBADO
Pepe Condor Austral,192449X,59359,APROBADO
Coty Perro Audaz,781438X,68614,RECHAZADO (Riesgo Salud/Financiero)
Pepe Gato Gigante,426647X,358800,APROBADO
Maria Leon Audaz,225824X,803237,APROBADO
Pancha Gato Rojo,56119X,733100,APROBADO
Coty Ballena Austral,273882X,32370,RECHAZADO (Riesgo Salud/Financiero)
Sacha Gato Audaz,800288X,113360,APROBADO
Juan Zorro Veloz,717111X,829241,APROBADO
Juan Zorro Sigiloso,877064X,509709,APROBADO
Coty Puma Rojo,290715X,494982,APROBADO
Sacha Condor Salvage,708073X,109985,APROBADO
Matias Puma Noble,397743X,842574,APROBADO
Matias Zorro Audaz,910533X,337043,APROBADO
Pepe Nutria Noble,735724X,778135,APROBADO
Juan Perro Audaz,226707X,503664,APROBADO
Juan Huemul Sigiloso,895103X,793787,APROBADO
Sacha Puma Veloz,418410X,513048,RECHAZADO (Riesgo Salud/Financiero)
Pancha Nutria Salvage,477542X,872946,APROBADO
Lucho Gato Veloz,712206X,832015,APROBADO
Matias Condor Audaz,873575X,856254,APROBADO
Francisco Ballena Austral,307947X,203956,APROBADO
Pancha Gato Gigante,558142X,533073,APROBADO
Matias Gato Audaz,536921X,435867,APROBADO
Coty Ballena Rojo,658814X,104471,RECHAZADO (Riesgo Salud/Financiero)
Francisco Nutria Rojo,769574X,325436,RECHAZADO (Riesgo Salud/Financiero)
Sacha Nutria Noble,114225X,779168,APROBADO
Pancha Zorro Austral,411933X,823805,APROBADO
Lucho Huemul Audaz,772904X,646559,APROBADO
Pepe Gato Audaz,394859X,535239,RECHAZADO (Riesgo Salud/Financiero)
Coty Puma Veloz,176814X,656593,APROBADO
Francisco Leon Salvage,547033X,53684,RECHAZADO (Riesgo Salud/Financiero)
Maria Gato Salvage,625592X,780317,RECHAZADO (Riesgo Salud/Financiero)
Pepe Huemul Rojo,157533X,460232,APROBADO
Francisco Perro Salvage,453812X,137456,APROBADO
Pepe Huemul Sigiloso,721358X,550013,APROBADO
Coty Perro Noble,805479X,296939,APROBADO
Matias Perro Audaz,71208X,527882,APROBADO
Francisco Leon Austral,129163X,436807,APROBADO
Matias Gato Austral,50759X,138003,APROBADO
Coty Nutria Noble,738444X,218089,APROBADO
Pancha Zorro Rojo,675037X,460768,APROBADO
Sacha Huemul Veloz,249527X,696539,APROBADO
Maria Zorro Sigiloso,839385X,156609,APROBADO
Lucho Gato Noble,738833X,633068,APROBADO
Juan Zorro Gigante,289909X,656847,APROBADO
Lucho Perro Austral,270981X,776933,APROBADO
Sacha Condor Sigiloso,744968X,458843,APROBADO
Sacha Nutria Veloz,17406X,212991,APROBADO
Juan Puma Gigante,963585X,752565,APROBADO
Sacha Gato Sigiloso,740981X,92892,APROBADO
Pancha Huemul Gigante,306490X,136215,APROBADO
Maria Ballena Sigiloso,102241X,419559,APROBADO
Matias Zorro Veloz,626339X,303369,RECHAZADO (Riesgo Salud/Financiero)
Sacha Nutria Austral,769425X,158947,APROBADO
Matias Condor Austral,216292X,711824,RECHAZADO (Riesgo Salud/Financiero)
Matias Ballena Gigante,588813X,69478,APROBADO
Juan Huemul Noble,478707X,550180,APROBADO
Pepe Zorro Noble,945551X,337868,APROBADO
Francisco Puma Sigiloso,776053X,175043,APROBADO
Francisco Huemul Veloz,984508X,715157,APROBADO
Maria Nutria Sigiloso,821646X,270103,APROBADO
Maria Perro Noble,934351X,842783,RECHAZADO (Riesgo Salud/Financiero)
Juan Condor Rojo,678557X,343479,APROBADO
Matias Huemul Austral,479932X,18703,APROBADO
Matias Leon Austral,350336X,523684,APROBADO
Lucho Zorro Veloz,902014X,512230,APROBADO
Sacha Huemul Rojo,278296X,827035,APROBADO
Pepe Leon Sigiloso,337262X,353950,RECHAZADO (Riesgo Salud/Financiero)
Sacha Huemul Gigante,495996X,23002,RECHAZADO (Riesgo Salud/Financiero)
Francisco Gato Gigante,24158X,368604,APROBADO
Pancha Huemul Veloz,205840X,716513,RECHAZADO (Riesgo Salud/Financiero)
Pepe Gato Austral,653687X,167495,APROBADO
Lucho Nutria Salvage,539858X,107810,RECHAZADO (Riesgo Salud/Financiero)
Coty Huemul Noble,344362X,427858,APROBADO
Pepe Huemul Veloz,604090X,280388,APROBADO
Pancha Perro Gigante,835844X,15787,APROBADO
Sacha Gato Austral,334211X,648378,RECHAZADO (Riesgo Salud/Financiero)
Maria Perro Rojo,747041X,735519,APROBADO
Juan Zorro Sigiloso,837383X,79069,RECHAZADO (Riesgo Salud/Financiero)
Maria Nutria Austral,482589X,125979,APROBADO
Francisco Nutria Gigante,815083X,542942,APROBADO
Coty Puma Rojo,895460X,255348,APROBADO
Lucho Nutria Veloz,935410X,578040,APROBADO
Lucho Gato Gigante,42098X,774723,APROBADO
Juan Condor Gigante,845917X,81250,APROBADO
Francisco Condor Veloz,906344X,825307,APROBADO
Maria Nutria Sigiloso,2967X,107116,APROBADO
Francisco Puma Sigiloso,87961X,565394,APROBADO
Pancha Puma Austral,575889X,511574,APROBADO
Pepe Zorro Rojo,383637X,871405,APROBADO
Francisco Nutria Noble,886612X,80836,APROBADO
Pepe Puma Austral,783903X,821217,APROBADO
Pancha Condor Salvage,806110X,137511,APROBADO
Francisco Leon Rojo,980773X,428685,APROBADO
Matias Zorro Salvage,600741X,347384,RECHAZADO (Riesgo Salud/Financiero)
Pancha Ballena Austral,345978X,408317,APROBADO
Francisco Puma Noble,832070X,793490,APROBADO
Pancha Zorro Noble,648432X,129312,APROBADO
Francisco Ballena Gigante,257621X,25042,APROBADO
Pepe Puma Audaz,423654X,687207,APROBADO
Francisco Gato Audaz,608151X,855611,RECHAZADO (Riesgo Salud/Financiero)
Sacha Condor Rojo,393417X,592142,APROBADO
Coty Huemul Austral,505952X,878849,RECHAZADO (Riesgo Salud/Financiero)
Francisco Zorro Audaz,888730X,97744,RECHAZADO (Riesgo Salud/Financiero)
Pepe Puma Audaz,413872X,666921,APROBADO
Sacha Huemul Veloz,210981X,193281,APROBADO
Francisco Perro Salvage,378009X,629895,APROBADO
Francisco Gato Veloz,190394X,385417,APROBADO
Coty Leon Sigiloso,680595X,657630,APROBADO
Francisco Puma Noble,86099X,349052,APROBADO
Pancha Ballena Salvage,80816X,599819,APROBADO
Pancha Zorro Rojo,622321X,214859,APROBADO
Pancha Puma Veloz,500158X,682884,APROBADO
Lucho Condor Veloz,680962X,137145,APROBADO
Matias Puma Austral,219207X,338516,APROBADO
Pancha Huemul Noble,738656X,59636,APROBADO
Matias Puma Austral,374827X,116385,RECHAZADO (Riesgo Salud/Financiero)
Matias Ballena Noble,519759X,872432,APROBADO
Francisco Zorro Noble,755841X,671965,APROBADO
Lucho Puma Salvage,788666X,574529,APROBADO
Matias Gato Rojo,34024X,691823,APROBADO
Francisco Gato Gigante,491467X,873181,RECHAZADO (Riesgo Salud/Financiero)
Lucho Condor Salvage,851130X,310611,RECHAZADO (Riesgo Salud/Financiero)
Juan Puma Gigante,858785X,648384,RECHAZADO (Riesgo Salud/Financiero)
Pepe Perro Gigante,609549X,250080,APROBADO
Juan Puma Rojo,852283X,556719,RECHAZADO (Riesgo Salud/Financiero)
Francisco Puma Austral,559269X,406223,RECHAZADO (Riesgo Salud/Financiero)
Pancha Puma Salvage,922793X,81467,RECHAZADO (Riesgo Salud/Financiero)
Matias Perro Noble,374771X,183941,RECHAZADO (Riesgo Salud/Financiero)
Francisco Ballena Salvage,635494X,290269,APROBADO
Coty Ballena Austral,433018X,524347,APROBADO
Matias Leon Austral,407401X,618750,APROBADO
Matias Gato Gigante,234390X,537903,APROBADO
Lucho Ballena Austral,839599X,604999,APROBADO
Sacha Nutria Austral,187475X,708840,APROBADO
Pepe Condor Sigiloso,411622X,670857,APROBADO
Juan Puma Sigiloso,455703X,578883,APROBADO
Francisco Nutria Rojo,122815X,257028,APROBADO
Lucho Huemul Salvage,369508X,166454,APROBADO
Francisco Condor Rojo,442136X,370936,APROBADO
Matias Gato Salvage,475324X,403209,APROBADO
Pancha Perro Audaz,986120X,845248,RECHAZADO (Riesgo Salud/Financiero)
Juan Ballena Salvage,577520X,569386,APROBADO
Sacha Huemul Audaz,380709X,307137,APROBADO
Coty Gato Noble,72086X,462707,RECHAZADO (Riesgo Salud/Financiero)
Lucho Nutria Audaz,705708X,386166,APROBADO
Sacha Ballena Salvage,638311X,715568,APROBADO
Francisco Condor Sigiloso,551495X,752080,RECHAZADO (Riesgo Salud/Financiero)
Matias Nutria Sigiloso,936049X,557641,APROBADO
Matias Ballena Rojo,996277X,553088,APROBADO
Juan Leon Audaz,401051X,101176,APROBADO
Matias Gato Austral,753154X,58535,APROBADO
Maria Ballena Audaz,689749X,213108,APROBADO
Francisco Leon Salvage,126066X,435119,RECHAZADO (Riesgo Salud/Financiero)
Juan Gato Audaz,955921X,596258,APROBADO
Matias Nutria Noble,885806X,485268,RECHAZADO (Riesgo Salud/Financiero)
Coty Gato Gigante,571678X,655363,APROBADO
Matias Nutria Gigante,148528X,673516,APROBADO
Coty Puma Salvage,50504X,515813,APROBADO
Sacha Zorro Gigante,821575X,654967,APROBADO
Lucho Condor Austral,224384X,774127,RECHAZADO (Riesgo Salud/Financiero)
Juan Gato Veloz,699364X,649896,APROBADO
Sacha Gato Sigiloso,749937X,566523,APROBADO
Francisco Puma Gigante,771891X,220832,RECHAZADO (Riesgo Salud/Financiero)
Lucho Leon Salvage,26001X,805189,APROBADO
Lucho Leon Noble,197750X,160463,APROBADO
Maria Zorro Audaz,835550X,160450,APROBADO
Pancha Ballena Sigiloso,232913X,886935,APROBADO
Coty Nutria Rojo,687240X,895719,RECHAZADO (Riesgo Salud/Financiero)
Juan Huemul Rojo,338578X,719928,APROBADO
Pepe Zorro Noble,596099X,612967,APROBADO
Francisco Puma Noble,230553X,480357,APROBADO
Sacha Ballena Salvage,91975X,841740,APROBADO
Matias Leon Gigante,674378X,144816,RECHAZADO (Riesgo Salud/Financiero)
Francisco Zorro Salvage,562981X,214107,APROBADO
Coty Leon Audaz,527061X,370184,APROBADO
Pancha Nutria Veloz,484842X,195764,RECHAZADO (Riesgo Salud/Financiero)
Sacha Zorro Austral,929501X,225068,APROBADO
Maria Ballena Gigante,225100X,372544,APROBADO
Juan Huemul Audaz,163637X,717245,APROBADO
Francisco Perro Austral,571837X,391670,APROBADO
Sacha Huemul Noble,619892X,360731,APROBADO
Sacha Puma Noble,797905X,299974,APROBADO
Francisco Zorro Veloz,820910X,435049,RECHAZADO (Riesgo Salud/Financiero)
Coty Ballena Noble,103334X,341174,APROBADO
Pepe Gato Austral,262873X,764829,APROBADO
Matias Perro Noble,567166X,252973,RECHAZADO (Riesgo Salud/Financiero)
Francisco Huemul Audaz,222850X,239985,APROBADO
Juan Zorro Sigiloso,822207X,785056,APROBADO
Pancha Puma Noble,47767X,543146,APROBADO
Sacha Nutria Sigiloso,688368X,431443,APROBADO
Maria Huemul Rojo,75179X,548845,APROBADO
Maria Huemul Austral,87677X,278221,APROBADO
Francisco Puma Rojo,940886X,811002,APROBADO
Matias Gato Sigiloso,884613X,333786,APROBADO
Matias Puma Gigante,11563X,784255,APROBADO
Sacha Condor Noble,960018X,835957,APROBADO
Sacha Gato Gigante,258333X,62423,APROBADO
Francisco Ballena Gigante,503338X,714911,APROBADO
Pepe Zorro Audaz,489058X,485926,APROBADO
Juan Puma Noble,658488X,614415,APROBADO
Maria Gato Audaz,99609X,493278,APROBADO
Pepe Nutria Gigante,782276X,774697,APROBADO
Coty Puma Audaz,61026X,826438,APROBADO
Pancha Leon Austral,644207X,487844,APROBADO
Matias Leon Salvage,935875X,758004,APROBADO
Pancha Puma Sigiloso,543507X,296261,RECHAZADO (Riesgo Salud/Financiero)
Sacha Ballena Salvage,343166X,634798,APROBADO
Coty Huemul Gigante,338623X,246412,APROBADO
Pepe Huemul Sigiloso,25879X,713688,APROBADO
Juan Nutria Gigante,441865X,753848,APROBADO
Matias Zorro Veloz,361648X,576977,APROBADO
Juan Huemul Austral,771220X,95113,APROBADO
Coty Huemul Sigiloso,306576X,579191,APROBADO
Francisco Huemul Rojo,772271X,807731,APROBADO
Juan Gato Veloz,171156X,381335,APROBADO
Francisco Leon Salvage,45590X,21570,APROBADO
Pepe Nutria Noble,143326X,324297,APROBADO
Francisco Leon Audaz,113556X,654628,APROBADO
Francisco Perro Gigante,292746X,820165,APROBADO
Pancha Zorro Rojo,824838X,258951,APROBADO
Matias Condor Sigiloso,164934X,166330,RECHAZADO (Riesgo Salud/Financiero)
Pepe Puma Audaz,929001X,268083,APROBADO
Pancha Condor Veloz,682588X,520007,APROBADO
Lucho Huemul Gigante,727215X,133290,APROBADO
Lucho Puma Noble,504440X,568190,RECHAZADO (Riesgo Salud/Financiero)
Coty Nutria Salvage,831155X,72694,APROBADO
Lucho Leon Veloz,435624X,55956,RECHAZADO (Riesgo Salud/Financiero)
Lucho Condor Gigante,203908X,500088,APROBADO
Sacha Gato Salvage,455716X,602887,APROBADO
Juan Perro Audaz,541601X,517689,APROBADO
Maria Gato Sigiloso,489744X,886116,RECHAZADO (Riesgo Salud/Financiero)
Juan Gato Audaz,280589X,233895,APROBADO
Maria Zorro Sigiloso,173957X,275223,APROBADO
Juan Ballena Noble,29172X,678685,APROBADO
Sacha Condor Noble,583657X,778068,APROBADO
Francisco Condor Gigante,527642X,478679,APROBADO
Francisco Zorro Audaz,96281X,343420,APROBADO
Coty Leon Sigiloso,735128X,417934,RECHAZADO (Riesgo Salud/Financiero)
Pepe Ballena Noble,210177X,534892,APROBADO
Pepe Gato Noble,676067X,72162,RECHAZADO (Riesgo Salud/Financiero)
Sacha Huemul Audaz,217258X,69485,APROBADO
Francisco Nutria Austral,168285X,238008,RECHAZADO (Riesgo Salud/Financiero)
Lucho Huemul Audaz,976156X,782133,RECHAZADO (Riesgo Salud/Financiero)
Maria Puma Veloz,156316X,158494,RECHAZADO (Riesgo Salud/Financiero)
Francisco Gato Noble,319206X,43939,APROBADO
Maria Perro Gigante,910114X,232469,APROBADO
Pepe Perro Gigante,910261X,150706,APROBADO
Maria Perro Veloz,506090X,157821,APROBADO
Coty Puma Rojo,598283X,227322,APROBADO
Sacha Gato Salvage,458989X,48701,RECHAZADO (Riesgo Salud/Financiero)
Coty Condor Veloz,475269X,783522,APROBADO
Coty Ballena Veloz,580950X,464860,APROBADO
Maria Leon Gigante,621494X,54782,APROBADO
Francisco Ballena Rojo,572317X,250359,RECHAZADO (Riesgo Salud/Financiero)
Francisco Condor Austral,834331X,388733,APROBADO
Matias Nutria Rojo,903981X,447957,APROBADO
Lucho Zorro Austral,371397X,27713,APROBADO
Pancha Leon Veloz,347966X,73192,APROBADO
Juan Leon Gigante,860431X,679427,RECHAZADO (Riesgo Salud/Financiero)
Matias Leon Gigante,144089X,377288,APROBADO
Maria Gato Rojo,585702X,334174,APROBADO
Coty Puma Noble,722596X,135924,APROBADO
Pepe Leon Austral,652450X,803771,APROBADO
Sacha Gato Rojo,704614X,132956,APROBADO
Matias Nutria Gigante,829338X,690467,RECHAZADO (Riesgo Salud/Financiero)
Maria Ballena Veloz,918016X,790205,APROBADO
Matias Gato Noble,191260X,292087,APROBADO
Pepe Leon Veloz,250534X,98547,APROBADO
Pancha Gato Austral,690413X,297288,APROBADO
Lucho Puma Austral,521651X,49923,RECHAZADO (Riesgo Salud/Financiero)
Pancha Nutria Sigiloso,116849X,556212,APROBADO
Pepe Gato Austral,106906X,630039,RECHAZADO (Riesgo Salud/Financiero)
Maria Puma Austral,852362X,706602,APROBADO
Pepe Nutria Gigante,916796X,359049,APROBADO
Lucho Huemul Salvage,33555X,850696,APROBADO
Sacha Ballena Rojo,741410X,110071,APROBADO
Maria Ballena Audaz,963452X,636255,RECHAZADO (Riesgo Salud/Financiero)
Pancha Gato Salvage,997134X,163175,APROBADO
Maria Zorro Audaz,655334X,128053,APROBADO
Coty Perro Salvage,277774X,745236,APROBADO
Matias Puma Noble,433578X,470474,APROBADO
Matias Nutria Rojo,500485X,63326,APROBADO
Sacha Nutria Veloz,112879X,356419,APROBADO
Pancha Condor Audaz,537347X,441950,RECHAZADO (Riesgo Salud/Financiero)
Pancha Condor Salvage,561820X,637562,APROBADO
Sacha Perro Noble,302662X,168523,RECHAZADO (Riesgo Salud/Financiero)
Maria Puma Audaz,923449X,677724,APROBADO
Coty Huemul Gigante,847590X,270598,APROBADO
Coty Gato Salvage,452883X,588922,APROBADO
Francisco Huemul Salvage,645443X,664638,APROBADO
Pancha Ballena Audaz,780641X,657519,APROBADO
Matias Perro Sigiloso,80502X,164084,APROBADO
Sacha Perro Audaz,184220X,657392,APROBADO
Maria Perro Salvage,597552X,446077,APROBADO
Maria Ballena Audaz,331756X,206301,RECHAZADO (Riesgo Salud/Financiero)
Pepe Nutria Sigiloso,658668X,686712,APROBADO
Lucho Leon Veloz,292887X,648447,APROBADO
Lucho Ballena Rojo,902420X,23538,APROBADO
Coty Leon Sigiloso,310315X,814974,RECHAZADO (Riesgo Salud/Financiero)
Lucho Gato Salvage,640912X,489709,APROBADO
Juan Zorro Salvage,222968X,556457,APROBADO
Sacha Zorro Salvage,106168X,873265,RECHAZADO (Riesgo Salud/Financiero)
Sacha Perro Salvage,777941X,593185,APROBADO
Pancha Leon Austral,633248X,457001,APROBADO
Pancha Nutria Veloz,634577X,189576,APROBADO
Pancha Leon Salvage,379442X,858939,APROBADO
Sacha Zorro Veloz,295005X,155360,APROBADO
Coty Leon Rojo,490799X,464082,APROBADO
Matias Condor Rojo,950105X,219297,APROBADO
Lucho Leon Veloz,505639X,15199,APROBADO
Pancha Perro Rojo,946188X,697837,APROBADO
Pancha Huemul Austral,497397X,265855,APROBADO
Matias Huemul Sigiloso,954056X,560693,RECHAZADO (Riesgo Salud/Financiero)
Pancha Gato Austral,649450X,120258,APROBADO
Francisco Huemul Noble,71767X,28393,RECHAZADO (Riesgo Salud/Financiero)
Matias Perro Austral,936168X,159758,RECHAZADO (Riesgo Salud/Financiero)
Francisco Nutria Noble,344445X,880226,APROBADO
Pepe Nutria Audaz,213435X,562634,APROBADO
Francisco Condor Noble,869093X,292665,APROBADO
Francisco Puma Noble,12753X,564029,APROBADO
Francisco Gato Salvage,465800X,82620,APROBADO
Juan Puma Audaz,295920X,845801,APROBADO
Pepe Gato Noble,531928X,546852,APROBADO
Pancha Nutria Salvage,976832X,889882,APROBADO
Maria Zorro Gigante,175145X,866180,APROBADO
Juan Condor Austral,867498X,649271,APROBADO
Sacha Zorro Austral,646746X,649856,APROBADO
Juan Leon Salvage,170887X,534070,APROBADO
Lucho Zorro Gigante,303156X,375615,APROBADO
Lucho Condor Audaz,247204X,515902,RECHAZADO (Riesgo Salud/Financiero)
Juan Ballena Gigante,739574X,95070,RECHAZADO (Riesgo Salud/Financiero)
Lucho Ballena Salvage,879957X,475881,APROBADO
Sacha Condor Veloz,100930X,534733,RECHAZADO (Riesgo Salud/Financiero)
Lucho Ballena Sigiloso,649298X,672342,APROBADO
Maria Perro Veloz,827539X,294158,APROBADO
Coty Puma Sigiloso,90158X,734186,APROBADO
Francisco Condor Veloz,322968X,379739,APROBADO
Coty Zorro Sigiloso,91493X,348679,RECHAZADO (Riesgo Salud/Financiero)
Francisco Huemul Salvage,780787X,62546,RECHAZADO (Riesgo Salud/Financiero)
Matias Gato Veloz,282576X,33705,APROBADO
Maria Gato Veloz,396804X,849787,APROBADO
Pancha Huemul Veloz,237480X,732283,APROBADO
Sacha Ballena Noble,175907X,842447,RECHAZADO (Riesgo Salud/Financiero)
Maria Nutria Gigante,297184X,535613,APROBADO
Juan Perro Gigante,243090X,642075,APROBADO
Maria Condor Audaz,121108X,92304,APROBADO
Pepe Gato Veloz,85996X,644458,APROBADO
Pepe Huemul Rojo,276322X,45870,APROBADO
Sacha Zorro Salvage,18244X,132369,APROBADO
Matias Puma Salvage,695809X,766270,APROBADO
Pancha Huemul Audaz,491783X,868001,APROBADO
Maria Puma Salvage,905426X,554724,APROBADO
Matias Condor Sigiloso,57387X,242269,APROBADO
Maria Condor Sigiloso,16310X,760493,APROBADO
Francisco Nutria Rojo,63171X,112652,APROBADO
Juan Ballena Sigiloso,175817X,574493,APROBADO
Pancha Perro Salvage,128873X,602019,APROBADO
Juan Condor Salvage,39102X,130214,RECHAZADO (Riesgo Salud/Financiero)
Lucho Huemul Salvage,839760X,699980,APROBADO
Lucho Condor Rojo,477677X,407435,APROBADO
Juan Condor Gigante,906301X,865569,APROBADO
Maria Condor Salvage,342915X,663415,APROBADO
Maria Ballena Salvage,887432X,244127,RECHAZADO (Riesgo Salud/Financiero)
Sacha Gato Veloz,705515X,800385,APROBADO
Pepe Zorro Noble,324879X,831790,APROBADO
Sacha Leon Rojo,936909X,848693,APROBADO
Coty Condor Salvage,96450X,353486,APROBADO
Juan Condor Veloz,69014X,80362,APROBADO
Maria Condor Sigiloso,129804X,746188,APROBADO
Coty Nutria Salvage,309285X,274872,RECHAZADO (Riesgo Salud/Financiero)
Matias Gato Salvage,474792X,385812,APROBADO
Lucho Condor Sigiloso,910455X,394913,APROBADO
Sacha Condor Sigiloso,770867X,567759,APROBADO
Pancha Leon Gigante,393035X,491817,APROBADO
Francisco Perro Gigante,582963X,291134,RECHAZADO (Riesgo Salud/Financiero)
Lucho Zorro Salvage,118846X,654600,APROBADO
Lucho Nutria Gigante,188732X,584489,APROBADO
Matias Condor Veloz,422318X,617009,APROBADO
Pepe Leon Audaz,476563X,464755,APROBADO
Coty Zorro Noble,885818X,581125,APROBADO
Sacha Condor Sigiloso,159768X,620670,APROBADO
Francisco Ballena Gigante,872758X,50751,APROBADO
Maria Zorro Veloz,892041X,666991,APROBADO
Lucho Ballena Gigante,661673X,216033,RECHAZADO (Riesgo Salud/Financiero)
Matias Nutria Sigiloso,671894X,20710,APROBADO
Juan Ballena Sigiloso,816017X,810874,APROBADO
Lucho Huemul Salvage,581360X,617639,RECHAZADO (Riesgo Salud/Financiero)
Pepe Ballena Gigante,615523X,520465,APROBADO
Maria Gato Sigiloso,965107X,735904,APROBADO
Pancha Leon Noble,523734X,578176,APROBADO
Coty Ballena Sigiloso,907098X,147509,APROBADO
Lucho Leon Rojo,450838X,775929,APROBADO
Sacha Nutria Salvage,353018X,751185,APROBADO
Juan Condor Salvage,14195X,467615,APROBADO
Matias Leon Noble,98819X,492542,APROBADO
Sacha Puma Veloz,475209X,813154,RECHAZADO (Riesgo Salud/Financiero)
Coty Zorro Sigiloso,392572X,691305,APROBADO
Sacha Puma Veloz,837436X,814715,APROBADO
Lucho Leon Salvage,516747X,556164,APROBADO
Lucho Nutria Noble,255466X,131772,RECHAZADO (Riesgo Salud/Financiero)
Francisco Zorro Sigiloso,99604X,183638,APROBADO
Juan Leon Rojo,976233X,488736,APROBADO
Pepe Huemul Noble,77238X,671608,APROBADO
Francisco Gato Salvage,26983X,412017,APROBADO
Pepe Puma Veloz,777034X,782780,APROBADO
Francisco Perro Salvage,935243X,310939,APROBADO
Maria Puma Audaz,41989X,750765,APROBADO
Pepe Huemul Noble,624452X,629104,APROBADO
Maria Gato Salvage,963841X,595798,APROBADO
Lucho Leon Rojo,16953X,804280,APROBADO
Sacha Gato Gigante,811652X,467442,APROBADO
Sacha Ballena Salvage,664442X,862001,APROBADO
Pancha Gato Sigiloso,328675X,213371,APROBADO
Lucho Zorro Gigante,97347X,848514,APROBADO
Coty Perro Noble,68996X,432083,APROBADO
Francisco Leon Salvage,75678X,664300,RECHAZADO (Riesgo Salud/Financiero)
Sacha Condor Rojo,657265X,471121,APROBADO
Lucho Leon Austral,882412X,419851,APROBADO
Pepe Puma Noble,573854X,160346,APROBADO
Maria Condor Veloz,90008X,749781,APROBADO
Lucho Zorro Sigiloso,927480X,629371,APROBADO
Francisco Condor Audaz,947578X,248230,APROBADO
Lucho Leon Salvage,41830X,83878,APROBADO
Coty Nutria Audaz,663538X,498136,APROBADO
Sacha Puma Noble,801424X,828975,APROBADO
Francisco Huemul Noble,738497X,851117,APROBADO
Pepe Ballena Noble,148350X,295766,APROBADO
Sacha Puma Salvage,867072X,669510,APROBADO
Sacha Zorro Gigante,359932X,535769,APROBADO
Juan Puma Gigante,455084X,749653,APROBADO
Francisco Puma Gigante,342185X,289811,APROBADO
Pancha Huemul Sigiloso,653930X,861265,APROBADO
Pancha Huemul Austral,831295X,530793,APROBADO
Matias Nutria Sigiloso,445507X,199844,APROBADO
Lucho Huemul Austral,40956X,138376,RECHAZADO (Riesgo Salud/Financiero)
Coty Perro Salvage,976289X,52807,APROBADO
Lucho Condor Austral,561284X,717005,APROBADO
Maria Perro Salvage,849699X,613296,APROBADO
Coty Condor Gigante,569575X,542075,APROBADO
Maria Leon Veloz,248255X,130326,APROBADO
Pancha Leon Gigante,693751X,892514,APROBADO
Coty Condor Rojo,964490X,716132,APROBADO
Coty Condor Rojo,981740X,585240,APROBADO
Matias Ballena Rojo,306257X,61042,APROBADO
Juan Zorro Salvage,298654X,420272,RECHAZADO (Riesgo Salud/Financiero)
Pancha Leon Gigante,565581X,234550,RECHAZADO (Riesgo Salud/Financiero)
Matias Perro Veloz,30507X,167499,APROBADO
Francisco Zorro Salvage,19376X,206427,APROBADO
Matias Huemul Gigante,950643X,557226,APROBADO
Pancha Huemul Salvage,917636X,206107,RECHAZADO (Riesgo Salud/Financiero)
Sacha Gato Audaz,710408X,736106,APROBADO
Lucho Puma Austral,389706X,277878,APROBADO
Lucho Condor Sigiloso,564292X,755308,APROBADO
Francisco Nutria Sigiloso,795471X,315807,APROBADO
Lucho Ballena Gigante,622913X,484514,APROBADO
Sacha Nutria Rojo,409078X,203033,APROBADO
Maria Nutria Sigiloso,291908X,616480,APROBADO
Francisco Perro Audaz,520382X,39867,RECHAZADO (Riesgo Salud/Financiero)
Coty Ballena Noble,399931X,838029,APROBADO
Lucho Ballena Veloz,640596X,149541,APROBADO
Pepe Puma Noble,192943X,424423,APROBADO
Francisco Puma Sigiloso,756932X,270331,APROBADO
Juan Perro Sigiloso,17366X,415916,RECHAZADO (Riesgo Salud/Financiero)
Pepe Puma Salvage,959897X,761462,APROBADO
Lucho Nutria Salvage,91918X,105909,APROBADO
Lucho Condor Veloz,885637X,707639,APROBADO
Matias Gato Gigante,616237X,254862,APROBADO
Matias Gato Rojo,566936X,750712,RECHAZADO (Riesgo Salud/Financiero)
Sacha Puma Salvage,703288X,625090,APROBADO
Pancha Puma Noble,955173X,204083,APROBADO
Lucho Gato Veloz,951292X,635625,APROBADO
Coty Perro Audaz,776520X,51095,APROBADO
Lucho Puma Sigiloso,788834X,532855,APROBADO
Matias Leon Gigante,435443X,861237,APROBADO
Maria Leon Veloz,168479X,193127,RECHAZADO (Riesgo Salud/Financiero)
Sacha Nutria Audaz,531487X,701198,APROBADO
Maria Puma Noble,876332X,639185,APROBADO
Pancha Ballena Rojo,44745X,843510,APROBADO
Coty Perro Audaz,198930X,219022,APROBADO
Juan Puma Noble,833210X,68571,APROBADO
Pepe Leon Noble,769930X,781807,APROBADO
Pancha Condor Veloz,168581X,411303,APROBADO
Pepe Ballena Sigiloso,531926X,118434,APROBADO
Pepe Ballena Rojo,688928X,218118,APROBADO
Juan Huemul Veloz,465373X,757067,APROBADO
Juan Gato Austral,442625X,573763,RECHAZADO (Riesgo Salud/Financiero)
Coty Zorro Audaz,779163X,162885,RECHAZADO (Riesgo Salud/Financiero)
Maria Puma Veloz,647239X,792739,APROBADO
Sacha Ballena Sigiloso,323792X,477209,APROBADO
Sacha Nutria Austral,89204X,357440,RECHAZADO (Riesgo Salud/Financiero)
Francisco Perro Audaz,788341X,218937,RECHAZADO (Riesgo Salud/Financiero)
Francisco Gato Austral,942432X,366737,APROBADO
Lucho Perro Austral,10321X,597972,RECHAZADO (Riesgo Salud/Financiero)
Pancha Gato Noble,57490X,865018,RECHAZADO (Riesgo Salud/Financiero)
Francisco Gato Gigante,675194X,140944,APROBADO
Sacha Zorro Austral,269142X,429502,APROBADO
Coty Gato Sigiloso,628530X,794080,APROBADO
Maria Gato Veloz,779353X,639995,RECHAZADO (Riesgo Salud/Financiero)
Pancha Perro Sigiloso,823927X,20270,APROBADO
Pancha Puma Rojo,464606X,616480,APROBADO
Pepe Puma Noble,20453X,223153,APROBADO
Pancha Ballena Noble,72105X,312951,APROBADO
Coty Huemul Sigiloso,872843X,768268,APROBADO
Juan Leon Gigante,724942X,667192,APROBADO
Pancha Gato Rojo,335565X,552416,APROBADO
Pepe Ballena Austral,443333X,313455,APROBADO
Coty Leon Sigiloso,582505X,824741,APROBADO
Lucho Perro Sigiloso,175771X,368388,APROBADO
Pancha Nutria Gigante,109419X,111250,APROBADO
Maria Gato Rojo,406498X,627677,APROBADO
Coty Huemul Rojo,259326X,47124,APROBADO
Matias Ballena Veloz,658175X,711670,APROBADO
Pancha Ballena Rojo,989133X,810187,APROBADO
Matias Leon Noble,12457X,281641,RECHAZADO (Riesgo Salud/Financiero)
Pepe Condor Gigante,659376X,806732,APROBADO
Francisco Leon Rojo,478056X,745092,APROBADO
Coty Gato Sigiloso,355390X,84447,APROBADO
Lucho Ballena Audaz,685660X,30133,APROBADO
Juan Zorro Austral,746003X,506618,APROBADO
Maria Perro Rojo,600852X,122606,APROBADO
Lucho Nutria Gigante,310061X,670787,APROBADO
Francisco Condor Veloz,145353X,336250,RECHAZADO (Riesgo Salud/Financiero)
Pepe Puma Sigiloso,839206X,716479,RECHAZADO (Riesgo Salud/Financiero)
Pepe Zorro Rojo,121942X,614815,RECHAZADO (Riesgo Salud/Financiero)
Lucho Leon Noble,189638X,593774,APROBADO
Francisco Huemul Austral,346641X,475959,APROBADO
Pancha Leon Audaz,541185X,175408,APROBADO
Coty Condor Noble,516697X,89958,RECHAZADO (Riesgo Salud/Financiero)
Lucho Huemul Audaz,98882X,895784,RECHAZADO (Riesgo Salud/Financiero)
Lucho Gato Veloz,792088X,320456,RECHAZADO (Riesgo Salud/Financiero)
Maria Leon Austral,44429X,98869,RECHAZADO (Riesgo Salud/Financiero)
Juan Condor Gigante,57007X,544486,APROBADO
Juan Leon Salvage,333307X,267320,APROBADO
Lucho Ballena Rojo,785273X,337320,APROBADO
Francisco Perro Austral,177607X,475869,APROBADO
Maria Perro Austral,27198X,392200,RECHAZADO (Riesgo Salud/Financiero)
Coty Perro Veloz,292626X,333188,APROBADO
Lucho Ballena Austral,456548X,769497,APROBADO
Pancha Puma Austral,76903X,247741,APROBADO
Coty Ballena Austral,120167X,689061,APROBADO
Francisco Condor Salvage,51897X,41001,APROBADO
Pepe Puma Austral,93652X,99819,APROBADO
Matias Perro Noble,405025X,868368,APROBADO
Matias Perro Noble,420256X,444600,APROBADO
Lucho Perro Austral,172484X,328910,APROBADO
Juan Ballena Salvage,174722X,741944,APROBADO
Matias Gato Salvage,135015X,339771,APROBADO
Lucho Nutria Austral,960456X,597942,APROBADO
Coty Zorro Gigante,559951X,359688,APROBADO
Pepe Nutria Gigante,82142X,851392,APROBADO
Lucho Puma Veloz,483639X,715183,RECHAZADO (Riesgo Salud/Financiero)
Pancha Leon Rojo,350284X,182500,APROBADO
Juan Gato Austral,380779X,483693,APROBADO
Lucho Perro Gigante,748147X,74640,APROBADO
Pancha Gato Sigiloso,111452X,890235,RECHAZADO (Riesgo Salud/Financiero)
Pepe Huemul Veloz,917899X,622952,APROBADO
Maria Perro Gigante,55579X,584216,APROBADO
Maria Ballena Austral,865370X,329123,APROBADO
Coty Leon Austral,325291X,800989,APROBADO
Lucho Zorro Audaz,329994X,325260,APROBADO
Pancha Condor Salvage,260420X,129180,APROBADO
Sacha Zorro Sigiloso,484994X,499114,APROBADO
Matias Leon Audaz,452496X,540550,APROBADO
Pepe Leon Salvage,8332X,755188,APROBADO
Pepe Nutria Sigiloso,555200X,877690,APROBADO
Pepe Puma Audaz,288108X,192938,APROBADO
Matias Zorro Noble,456079X,416898,RECHAZADO (Riesgo Salud/Financiero)
Maria Puma Rojo,851935X,213065,APROBADO
Lucho Ballena Gigante,226095X,652318,APROBADO
Pepe Condor Salvage,407485X,882579,APROBADO
Sacha Gato Noble,626608X,840239,RECHAZADO (Riesgo Salud/Financiero)
Matias Condor Rojo,47662X,831320,RECHAZADO (Riesgo Salud/Financiero)
Pepe Perro Rojo,758305X,753369,APROBADO
Pancha Leon Austral,211917X,252357,RECHAZADO (Riesgo Salud/Financiero)
Juan Condor Sigiloso,311583X,545876,APROBADO
Coty Nutria Gigante,303074X,507196,APROBADO
Lucho Condor Noble,270207X,379705,RECHAZADO (Riesgo Salud/Financiero)
Francisco Zorro Salvage,824174X,430631,APROBADO
Juan Leon Salvage,588555X,92351,APROBADO
Francisco Nutria Rojo,144213X,385627,APROBADO
Juan Condor Noble,410047X,615306,APROBADO
Sacha Perro Audaz,882678X,248690,APROBADO
Matias Condor Salvage,159431X,38400,APROBADO
Pepe Gato Noble,344933X,432567,APROBADO
Maria Huemul Audaz,200697X,517107,RECHAZADO (Riesgo Salud/Financiero)
Sacha Ballena Gigante,586923X,288760,RECHAZADO (Riesgo Salud/Financiero)
Sacha Perro Austral,585855X,672227,APROBADO
Francisco Zorro Audaz,786558X,832126,RECHAZADO (Riesgo Salud/Financiero)
Sacha Zorro Veloz,821491X,119313,APROBADO
Matias Leon Veloz,977930X,473078,APROBADO
Pancha Huemul Rojo,268664X,603559,APROBADO
Pancha Perro Gigante,984112X,736905,APROBADO
Matias Nutria Audaz,37991X,755901,RECHAZADO (Riesgo Salud/Financiero)
Pepe Zorro Audaz,484335X,346664,RECHAZADO (Riesgo Salud/Financiero)
Maria Ballena Austral,290236X,753622,APROBADO
Lucho Ballena Austral,761540X,134531,RECHAZADO (Riesgo Salud/Financiero)
Juan Condor Audaz,879841X,767570,APROBADO
Maria Perro Salvage,924813X,110849,APROBADO
Juan Huemul Salvage,927312X,477642,APROBADO
Sacha Gato Noble,80141X,500948,APROBADO
Maria Gato Gigante,160682X,370338,APROBADO
Matias Ballena Audaz,284233X,691021,RECHAZADO (Riesgo Salud/Financiero)
Pepe Puma Noble,640919X,583931,RECHAZADO (Riesgo Salud/Financiero)
Sacha Leon Austral,546012X,800630,APROBADO
Maria Gato Audaz,186769X,566856,APROBADO
Pepe Gato Audaz,257054X,391547,APROBADO
Pancha Perro Veloz,576394X,493732,RECHAZADO (Riesgo Salud/Financiero)
Lucho Huemul Sigiloso,566925X,349839,APROBADO
Coty Nutria Rojo,379269X,385718,APROBADO
Juan Leon Audaz,821853X,450050,APROBADO
Sacha Perro Veloz,972640X,333226,APROBADO
Juan Nutria Gigante,421692X,256604,APROBADO
Francisco Condor Noble,874347X,530392,APROBADO
Pepe Huemul Gigante,685300X,860575,RECHAZADO (Riesgo Salud/Financiero)
Francisco Perro Gigante,584709X,210929,APROBADO
Sacha Perro Austral,437441X,54853,APROBADO
Coty Gato Sigiloso,18766X,422472,APROBADO
Sacha Huemul Veloz,85223X,744699,APROBADO
Pepe Leon Austral,679781X,716680,RECHAZADO (Riesgo Salud/Financiero)
Sacha Zorro Salvage,666187X,87929,APROBADO
Pepe Ballena Veloz,184482X,415878,APROBADO
Maria Perro Austral,308459X,691471,APROBADO
Pepe Huemul Audaz,228687X,90299,APROBADO
Pancha Gato Rojo,713022X,305880,APROBADO
Coty Leon Austral,743541X,185112,RECHAZADO (Riesgo Salud/Financiero)
Maria Huemul Rojo,973013X,809384,APROBADO
Pepe Puma Austral,776438X,104322,RECHAZADO (Riesgo Salud/Financiero)
Coty Zorro Noble,728182X,815335,RECHAZADO (Riesgo Salud/Financiero)
Coty Leon Audaz,327752X,885602,RECHAZADO (Riesgo Salud/Financiero)
Juan Leon Sigiloso,539715X,830001,APROBADO
Juan Puma Salvage,167166X,440970,APROBADO
Sacha Zorro Noble,181688X,283804,APROBADO
Francisco Huemul Sigiloso,557525X,679722,APROBADO
Juan Huemul Gigante,558536X,703295,APROBADO
Juan Nutria Audaz,898305X,678299,RECHAZADO (Riesgo Salud/Financiero)
Francisco Gato Gigante,33642X,672169,APROBADO
Pepe Gato Audaz,250214X,623716,APROBADO
Maria Zorro Noble,667968X,786513,APROBADO
Maria Nutria Rojo,98004X,159518,APROBADO
Pancha Ballena Salvage,477525X,381223,APROBADO
Pancha Ballena Salvage,921046X,561159,APROBADO
Lucho Perro Rojo,838556X,844752,RECHAZADO (Riesgo Salud/Financiero)
Maria Gato Gigante,338281X,840151,APROBADO
Francisco Huemul Audaz,494883X,652310,APROBADO
Matias Condor Salvage,740289X,112521,APROBADO
Lucho Perro Audaz,817881X,324354,APROBADO
Pepe Zorro Gigante,166523X,570175,RECHAZADO (Riesgo Salud/Financiero)
Juan Gato Gigante,627273X,751106,APROBADO
Matias Gato Audaz,454312X,612627,APROBADO
Francisco Nutria Veloz,46658X,421676,RECHAZADO (Riesgo Salud/Financiero)
Lucho Puma Noble,545714X,60423,APROBADO
Matias Gato Sigiloso,969282X,450336,APROBADO
Lucho Gato Gigante,411389X,615490,APROBADO
Juan Zorro Noble,433654X,478648,APROBADO
Pepe Perro Rojo,786101X,284958,APROBADO
Coty Ballena Salvage,50248X,113066,APROBADO
Coty Ballena Gigante,999882X,457423,APROBADO
Francisco Gato Sigiloso,428543X,434826,RECHAZADO (Riesgo Salud/Financiero)
Coty Gato Noble,897203X,717150,RECHAZADO (Riesgo Salud/Financiero)
Matias Condor Audaz,534862X,431819,APROBADO
Matias Condor Sigiloso,673261X,485866,APROBADO
Sacha Gato Gigante,288395X,860652,APROBADO
Maria Leon Austral,403870X,314959,APROBADO
Pepe Nutria Noble,464186X,876705,RECHAZADO (Riesgo Salud/Financiero)
Maria Puma Austral,783546X,243403,RECHAZADO (Riesgo Salud/Financiero)
Pepe Ballena Veloz,124519X,867586,APROBADO
Sacha Gato Salvage,720161X,244864,APROBADO
Juan Gato Salvage,30632X,428532,APROBADO
Pancha Zorro Veloz,596005X,621048,APROBADO
Pancha Zorro Salvage,998181X,130402,RECHAZADO (Riesgo Salud/Financiero)
Pancha Zorro Veloz,421041X,182876,RECHAZADO (Riesgo Salud/Financiero)
Coty Ballena Sigiloso,525186X,813978,RECHAZADO (Riesgo Salud/Financiero)
Sacha Puma Gigante,698725X,831190,APROBADO
Francisco Leon Salvage,722981X,740632,APROBADO
Maria Perro Sigiloso,391481X,294045,APROBADO
Juan Perro Gigante,714437X,508397,APROBADO
Juan Gato Rojo,956389X,506133,RECHAZADO (Riesgo Salud/Financiero)
Pancha Nutria Audaz,650320X,528781,RECHAZADO (Riesgo Salud/Financiero)
Juan Nutria Rojo,189857X,401438,APROBADO
Matias Gato Sigiloso,203638X,17111,RECHAZADO (Riesgo Salud/Financiero)
Pancha Nutria Salvage,958591X,622751,APROBADO
Pancha Gato Salvage,163117X,84647,APROBADO
Coty Leon Rojo,675496X,231234,APROBADO
Pepe Zorro Austral,254620X,425444,APROBADO
Pepe Huemul Gigante,854124X,307972,RECHAZADO (Riesgo Salud/Financiero)
Maria Perro Sigiloso,712508X,203760,APROBADO
Pepe Perro Gigante,966699X,479236,APROBADO
Sacha Huemul Noble,15045X,194181,APROBADO
Pancha Puma Salvage,713314X,545555,APROBADO
Juan Puma Audaz,757641X,28583,APROBADO
Maria Perro Rojo,241332X,518297,APROBADO
Coty Condor Noble,722261X,217810,APROBADO
Lucho Zorro Salvage,105463X,555153,APROBADO
Maria Nutria Noble,120773X,272951,APROBADO
Pepe Gato Veloz,134586X,304314,RECHAZADO (Riesgo Salud/Financiero)
Juan Perro Audaz,838242X,78778,APROBADO
Francisco Puma Austral,991938X,735124,APROBADO
Maria Zorro Audaz,329412X,484859,APROBADO
Pancha Perro Gigante,875987X,588554,APROBADO
Coty Condor Rojo,953340X,307682,APROBADO
Matias Leon Rojo,635166X,723670,APROBADO
Coty Zorro Austral,415905X,373428,RECHAZADO (Riesgo Salud/Financiero)
Francisco Zorro Veloz,122823X,607134,APROBADO
Sacha Condor Salvage,661299X,435723,APROBADO
Maria Zorro Audaz,791697X,372210,APROBADO
Pancha Huemul Veloz,894377X,399943,APROBADO
Pancha Gato Rojo,872995X,264332,APROBADO
Coty Condor Rojo,868559X,547017,RECHAZADO (Riesgo Salud/Financiero)
Sacha Ballena Sigiloso,60863X,78073,APROBADO
Pepe Perro Salvage,189272X,197552,APROBADO
Lucho Perro Veloz,206865X,483841,APROBADO
Maria Condor Noble,407398X,142363,APROBADO
Juan Condor Salvage,252620X,69315,APROBADO
Sacha Puma Noble,610006X,660607,APROBADO
Pepe Leon Sigiloso,842172X,820274,APROBADO
Pancha Gato Veloz,767891X,220122,APROBADO
Matias Leon Audaz,180159X,214613,RECHAZADO (Riesgo Salud/Financiero)
Pancha Zorro Rojo,706211X,879749,APROBADO
Pancha Ballena Sigiloso,389044X,481303,APROBADO
Juan Leon Sigiloso,158993X,568422,APROBADO
Pancha Condor Austral,135148X,777573,APROBADO
Pepe Gato Audaz,665585X,169078,APROBADO
Juan Condor Rojo,166677X,477891,APROBADO
Matias Puma Audaz,627431X,635042,APROBADO
Lucho Leon Rojo,967225X,689496,APROBADO
Francisco Nutria Veloz,753115X,429194,RECHAZADO (Riesgo Salud/Financiero)
Juan Leon Gigante,889250X,512425,APROBADO
Maria Huemul Sigiloso,107224X,347191,APROBADO
Juan Perro Rojo,737004X,89640,APROBADO
Francisco Zorro Sigiloso,580220X,191230,APROBADO
Lucho Nutria Veloz,382784X,64600,APROBADO
Lucho Condor Salvage,687635X,258817,APROBADO
Pancha Puma Rojo,608553X,660496,APROBADO
Maria Leon Austral,284215X,656217,APROBADO
Pepe Condor Noble,42415X,148557,APROBADO
Maria Condor Sigiloso,386934X,837984,RECHAZADO (Riesgo Salud/Financiero)
Francisco Huemul Salvage,412043X,62601,APROBADO
Francisco Condor Veloz,12048X,411595,APROBADO
Sacha Ballena Salvage,49204X,540520,APROBADO
Lucho Huemul Sigiloso,237649X,758978,APROBADO
Pepe Puma Rojo,99559X,409330,APROBADO
Pepe Huemul Audaz,506774X,39071,APROBADO
Matias Zorro Gigante,215936X,164934,APROBADO
Sacha Nutria Veloz,708396X,501692,APROBADO
Lucho Leon Rojo,32162X,848514,RECHAZADO (Riesgo Salud/Financiero)
Francisco Puma Audaz,645739X,569619,APROBADO
Pepe Gato Gigante,5859X,414301,APROBADO
Maria Condor Salvage,34238X,159203,APROBADO
Coty Zorro Salvage,614949X,540679,APROBADO
Pancha Gato Sigiloso,445510X,703044,APROBADO
Pepe Gato Rojo,450551X,622847,APROBADO
Coty Huemul Austral,904236X,751103,APROBADO
Sacha Ballena Noble,907786X,610636,APROBADO
Francisco Zorro Gigante,138564X,786650,APROBADO
Juan Puma Gigante,847552X,45899,APROBADO
Maria Leon Austral,109050X,779438,APROBADO
Juan Perro Audaz,387024X,598464,APROBADO
Pancha Condor Austral,861717X,272845,APROBADO
Matias Ballena Rojo,570893X,551792,APROBADO
Pancha Gato Sigiloso,124483X,621268,APROBADO
Sacha Leon Veloz,478444X,537473,APROBADO
Francisco Nutria Rojo,440152X,130769,APROBADO
Maria Zorro Noble,242806X,477054,RECHAZADO (Riesgo Salud/Financiero)
Coty Huemul Audaz,830702X,114180,APROBADO
Matias Puma Rojo,492639X,333549,APROBADO
Coty Perro Noble,155817X,392236,APROBADO
Juan Gato Audaz,134507X,107368,RECHAZADO (Riesgo Salud/Financiero)
Francisco Perro Noble,670673X,374542,APROBADO
Sacha Huemul Veloz,37787X,435036,APROBADO
Francisco Ballena Austral,229680X,322083,APROBADO
Maria Zorro Salvage,334745X,610687,APROBADO
Pancha Puma Audaz,353387X,507455,APROBADO
Pancha Perro Rojo,793284X,56770,APROBADO
Francisco Puma Sigiloso,242553X,423716,RECHAZADO (Riesgo Salud/Financiero)
Pepe Puma Austral,134619X,169280,APROBADO
Lucho Puma Audaz,5779X,43066,APROBADO
Lucho Nutria Noble,808358X,758546,RECHAZADO (Riesgo Salud/Financiero)
Pancha Condor Audaz,487512X,188793,RECHAZADO (Riesgo Salud/Financiero)
Francisco Leon Gigante,221634X,613413,APROBADO
Lucho Ballena Veloz,347499X,787310,RECHAZADO (Riesgo Salud/Financiero)
Pepe Puma Sigiloso,710722X,378894,APROBADO
Francisco Nutria Sigiloso,161012X,154989,RECHAZADO (Riesgo Salud/Financiero)
Pancha Huemul Salvage,440914X,655760,APROBADO
Coty Zorro Austral,714388X,528655,APROBADO
Juan Condor Austral,716114X,618218,APROBADO
Pancha Gato Austral,311876X,688371,APROBADO
Juan Zorro Noble,207346X,481769,APROBADO
Juan Gato Sigiloso,586886X,666211,APROBADO
Pancha Perro Salvage,484582X,159714,RECHAZADO (Riesgo Salud/Financiero)
Lucho Puma Audaz,225534X,416071,APROBADO
Lucho Leon Rojo,862742X,146352,APROBADO
Francisco Condor Veloz,863979X,331661,RECHAZADO (Riesgo Salud/Financiero)
Pepe Ballena Rojo,251680X,456765,APROBADO
Juan Puma Gigante,203720X,176133,APROBADO
Pepe Leon Austral,872744X,105989,APROBADO
Matias Huemul Sigiloso,89936X,650379,APROBADO
Sacha Nutria Gigante,6641X,734327,APROBADO
Maria Perro Noble,272309X,206712,APROBADO
Maria Gato Audaz,872182X,138899,APROBADO
Francisco Perro Veloz,239571X,50240,APROBADO
Francisco Zorro Gigante,693614X,631021,APROBADO
Sacha Leon Sigiloso,570387X,812725,APROBADO
Pancha Nutria Salvage,339941X,613548,APROBADO
Pepe Ballena Noble,614956X,23622,RECHAZADO (Riesgo Salud/Financiero)
Francisco Puma Gigante,527362X,334624,RECHAZADO (Riesgo Salud/Financiero)
Pepe Perro Veloz,307602X,897416,APROBADO
Francisco Puma Salvage,199994X,352414,APROBADO
Coty Perro Veloz,804501X,784650,APROBADO
Juan Puma Sigiloso,621961X,557855,APROBADO
Francisco Condor Audaz,492659X,295076,RECHAZADO (Riesgo Salud/Financiero)
Matias Zorro Austral,446881X,556877,APROBADO
Maria Gato Rojo,896507X,654923,APROBADO
Matias Huemul Rojo,89603X,637562,APROBADO
Coty Leon Salvage,146688X,710960,APROBADO
Pancha Zorro Sigiloso,663865X,399468,APROBADO
Coty Ballena Veloz,690133X,270378,APROBADO
Matias Condor Veloz,621811X,101589,APROBADO
Pancha Leon Noble,617609X,834554,APROBADO
Sacha Leon Austral,381250X,848369,APROBADO
Coty Huemul Rojo,918301X,123936,APROBADO
Pancha Puma Austral,796489X,165669,APROBADO
Pepe Perro Noble,415352X,181335,APROBADO
Sacha Ballena Rojo,985547X,421663,RECHAZADO (Riesgo Salud/Financiero)
Maria Condor Sigiloso,581411X,323293,APROBADO
Francisco Perro Austral,52522X,387384,APROBADO
Juan Leon Austral,746217X,894679,APROBADO
Lucho Gato Veloz,899449X,495549,APROBADO
Sacha Nutria Noble,623140X,440932,APROBADO
Lucho Perro Audaz,248055X,409605,APROBADO
Coty Ballena Gigante,841033X,560432,APROBADO
Francisco Nutria Gigante,992678X,391512,APROBADO
Lucho Puma Gigante,377566X,173578,APROBADO
Pepe Ballena Audaz,867235X,650535,APROBADO
Matias Huemul Rojo,913977X,730931,APROBADO
Matias Puma Sigiloso,92698X,33877,APROBADO
Sacha Huemul Gigante,246432X,302356,APROBADO
Maria Condor Gigante,44816X,167304,APROBADO
Coty Puma Audaz,602973X,746573,RECHAZADO (Riesgo Salud/Financiero)
Francisco Gato Rojo,615006X,530894,APROBADO
Francisco Puma Gigante,584232X,131611,APROBADO
Francisco Condor Rojo,795862X,642838,RECHAZADO (Riesgo Salud/Financiero)
Pancha Huemul Sigiloso,40695X,461674,APROBADO
Juan Huemul Salvage,719816X,282975,APROBADO
Pancha Zorro Rojo,141064X,795446,APROBADO
Lucho Nutria Audaz,730540X,193636,APROBADO
Pancha Ballena Veloz,386607X,604805,APROBADO
Sacha Zorro Noble,402496X,636661,APROBADO
Coty Condor Sigiloso,423782X,562311,APROBADO
Maria Gato Veloz,914069X,208106,APROBADO
Lucho Ballena Salvage,723384X,61606,APROBADO
Juan Perro Sigiloso,832955X,509731,APROBADO
Maria Zorro Noble,774382X,55693,APROBADO
Sacha Gato Audaz,49641X,470656,APROBADO
Pancha Nutria Gigante,823828X,885650,APROBADO
Coty Zorro Rojo,66928X,251954,APROBADO
Lucho Gato Noble,976898X,235539,APROBADO
Pancha Leon Sigiloso,9363X,773008,APROBADO
Francisco Ballena Gigante,864149X,221006,APROBADO
Matias Leon Sigiloso,750302X,740836,APROBADO
Juan Gato Audaz,997942X,573139,APROBADO
Sacha Ballena Audaz,164528X,452395,RECHAZADO (Riesgo Salud/Financiero)
Francisco Leon Noble,731117X,348976,APROBADO
Coty Perro Salvage,733472X,503086,RECHAZADO (Riesgo Salud/Financiero)
Sacha Zorro Audaz,572364X,502708,APROBADO
Pancha Condor Noble,116683X,370001,APROBADO
Juan Condor Gigante,846006X,509302,APROBADO
Coty Leon Gigante,732272X,724436,APROBADO
Juan Zorro Audaz,555792X,770495,APROBADO
Juan Gato Austral,415518X,609419,APROBADO
Francisco Zorro Salvage,361237X,505040,APROBADO
Francisco Perro Salvage,132545X,436541,APROBADO
Maria Zorro Audaz,441565X,302787,RECHAZADO (Riesgo Salud/Financiero)
Francisco Huemul Gigante,532335X,887749,APROBADO
Maria Huemul Audaz,911805X,790333,RECHAZADO (Riesgo Salud/Financiero)
Coty Puma Audaz,724067X,712531,RECHAZADO (Riesgo Salud/Financiero)
Pancha Gato Audaz,260635X,791836,APROBADO
Lucho Leon Salvage,230907X,693434,APROBADO
Coty Condor Audaz,690049X,457758,RECHAZADO (Riesgo Salud/Financiero)
Coty Nutria Gigante,741624X,208928,APROBADO
Sacha Zorro Audaz,39033X,579927,RECHAZADO (Riesgo Salud/Financiero)
Coty Perro Sigiloso,957171X,253087,APROBADO
Francisco Puma Sigiloso,459208X,481214,APROBADO
Matias Puma Austral,402269X,529883,APROBADO
Sacha Leon Salvage,76912X,697574,APROBADO
Maria Zorro Veloz,340614X,354047,APROBADO
Coty Perro Rojo,87877X,311126,RECHAZADO (Riesgo Salud/Financiero)
Pepe Perro Sigiloso,408375X,94465,APROBADO
Coty Huemul Veloz,544635X,41231,APROBADO
Matias Zorro Gigante,952683X,807183,APROBADO
Maria Perro Veloz,145679X,633535,APROBADO
Francisco Puma Noble,730623X,218316,RECHAZADO (Riesgo Salud/Financiero)
Maria Perro Veloz,604196X,427595,APROBADO
Pancha Ballena Rojo,326190X,867617,APROBADO
Maria Puma Salvage,459435X,73898,APROBADO
Matias Puma Audaz,764519X,259630,APROBADO
Juan Condor Austral,488111X,707293,RECHAZADO (Riesgo Salud/Financiero)
Coty Puma Veloz,473689X,31098,APROBADO
Coty Leon Salvage,489074X,243155,RECHAZADO (Riesgo Salud/Financiero)
Pepe Zorro Gigante,399883X,79658,APROBADO
Matias Huemul Rojo,713024X,199259,APROBADO
Pepe Zorro Salvage,254344X,96973,APROBADO
Coty Huemul Rojo,740304X,766125,RECHAZADO (Riesgo Salud/Financiero)
Lucho Condor Gigante,954052X,764411,APROBADO
Sacha Condor Gigante,502647X,47462,RECHAZADO (Riesgo Salud/Financiero)
Pepe Perro Noble,230633X,806340,APROBADO
Maria Gato Audaz,603021X,216352,RECHAZADO (Riesgo Salud/Financiero)
Pancha Huemul Salvage,50503X,242247,APROBADO
Francisco Condor Rojo,495151X,845782,APROBADO
Coty Zorro Sigiloso,305727X,879665,APROBADO
Maria Gato Rojo,867232X,634803,APROBADO
Francisco Condor Veloz,228091X,210387,APROBADO
Sacha Leon Salvage,988684X,326441,APROBADO
Juan Leon Audaz,255370X,554629,APROBADO
Pancha Puma Rojo,905576X,750190,APROBADO
Coty Condor Audaz,131259X,665612,APROBADO
Matias Perro Salvage,169605X,755988,APROBADO
Matias Leon Salvage,904013X,528047,APROBADO
Pepe Perro Veloz,452008X,765346,APROBADO
Sacha Perro Gigante,690968X,176899,APROBADO
Pepe Nutria Austral,551853X,172122,APROBADO
Pepe Perro Noble,195633X,77770,APROBADO
Lucho Puma Gigante,676900X,354933,APROBADO
Pancha Condor Austral,418572X,633989,APROBADO
Maria Ballena Gigante,912701X,632609,APROBADO
Coty Gato Veloz,132408X,386470,APROBADO
Pepe Huemul Gigante,106566X,235825,APROBADO
Lucho Leon Rojo,641424X,158630,RECHAZADO (Riesgo Salud/Financiero)
Matias Puma Gigante,631478X,73229,APROBADO
Sacha Gato Veloz,248813X,56605,RECHAZADO (Riesgo Salud/Financiero)
Coty Puma Gigante,747350X,732270,APROBADO
Pancha Leon Salvage,579114X,210603,RECHAZADO (Riesgo Salud/Financiero)
Coty Zorro Austral,258564X,358732,APROBADO
Matias Nutria Gigante,173845X,418813,APROBADO
Lucho Perro Audaz,761320X,721265,APROBADO
Francisco Gato Audaz,210652X,81684,APROBADO
Pepe Huemul Noble,537202X,779681,APROBADO
Maria Leon Rojo,607737X,136558,APROBADO
Pepe Perro Austral,809259X,613896,APROBADO
Maria Leon Sigiloso,813987X,871367,APROBADO
Francisco Zorro Veloz,936998X,91989,APROBADO
Coty Ballena Veloz,956788X,622858,RECHAZADO (Riesgo Salud/Financiero)
Coty Perro Noble,713340X,305848,RECHAZADO (Riesgo Salud/Financiero)
Lucho Zorro Audaz,568312X,44850,APROBADO
Sacha Perro Gigante,814179X,300154,APROBADO
Sacha Leon Sigiloso,261708X,687512,APROBADO
Lucho Ballena Salvage,867004X,630479,APROBADO
Pepe Perro Rojo,201457X,312684,APROBADO
Matias Puma Gigante,249064X,597836,APROBADO
Sacha Zorro Austral,38472X,636744,APROBADO
Sacha Nutria Sigiloso,806772X,597159,APROBADO
Coty Ballena Gigante,585443X,863643,APROBADO
Coty Ballena Noble,844262X,761504,APROBADO
Sacha Ballena Gigante,999842X,122698,APROBADO
Francisco Nutria Noble,610409X,176957,APROBADO
Juan Huemul Austral,679705X,698808,APROBADO
Juan Puma Veloz,498661X,779160,APROBADO
Pepe Zorro Sigiloso,640369X,371899,APROBADO
Matias Ballena Sigiloso,659135X,399097,APROBADO
Coty Perro Sigiloso,240860X,174242,APROBADO
Juan Zorro Veloz,75215X,778934,APROBADO
Sacha Huemul Noble,365383X,352526,APROBADO
Sacha Nutria Sigiloso,976780X,321548,APROBADO
Coty Perro Audaz,129558X,241546,RECHAZADO (Riesgo Salud/Financiero)
Maria Zorro Sigiloso,61911X,135615,RECHAZADO (Riesgo Salud/Financiero)
Pepe Zorro Veloz,931309X,285229,APROBADO
Pepe Ballena Noble,856147X,179815,APROBADO
Maria Ballena Noble,518310X,553875,APROBADO
Matias Puma Veloz,995176X,323072,APROBADO
Lucho Puma Salvage,838822X,277441,RECHAZADO (Riesgo Salud/Financiero)
Matias Perro Rojo,567882X,362304,APROBADO
Coty Condor Audaz,128072X,115138,APROBADO
Sacha Puma Audaz,845932X,172072,APROBADO
Coty Nutria Salvage,706219X,482029,APROBADO
Pepe Puma Rojo,699349X,853396,APROBADO
Pancha Nutria Veloz,68996X,360264,APROBADO
Lucho Zorro Gigante,460582X,256152,APROBADO
Juan Gato Audaz,879814X,277568,APROBADO
Pepe Huemul Austral,687786X,167028,RECHAZADO (Riesgo Salud/Financiero)
Pepe Ballena Salvage,266482X,478700,APROBADO
Pancha Perro Salvage,186509X,471445,RECHAZADO (Riesgo Salud/Financiero)
Lucho Huemul Sigiloso,987272X,41721,APROBADO
Pepe Puma Gigante,131450X,422509,APROBADO
Lucho Condor Austral,888293X,630498,APROBADO
Pepe Condor Salvage,713364X,600195,APROBADO
Sacha Perro Audaz,25414X,468181,APROBADO
Maria Huemul Noble,227777X,328737,APROBADO
Sacha Zorro Gigante,434743X,498843,APROBADO
Pancha Condor Austral,391148X,396926,APROBADO
Lucho Condor Veloz,743153X,397753,APROBADO
Maria Condor Noble,919169X,810166,APROBADO
Juan Perro Veloz,819641X,330030,RECHAZADO (Riesgo Salud/Financiero)
Lucho Condor Gigante,677711X,430599,APROBADO
Maria Gato Audaz,142648X,528893,APROBADO
Lucho Huemul Salvage,485050X,647811,APROBADO
Pepe Leon Rojo,36231X,73981,APROBADO
Pancha Leon Sigiloso,886398X,794410,APROBADO
Maria Condor Austral,859667X,516403,APROBADO
Maria Huemul Noble,839896X,583866,APROBADO
Lucho Huemul Veloz,547990X,874772,APROBADO
Pepe Nutria Audaz,447566X,577855,APROBADO
Sacha Puma Rojo,510263X,232081,APROBADO
Juan Zorro Gigante,725869X,829689,APROBADO
Pancha Ballena Audaz,384573X,811792,APROBADO
Sacha Leon Noble,568743X,806964,APROBADO
Sacha Condor Gigante,512409X,592425,APROBADO
Pancha Condor Audaz,958529X,202373,APROBADO
Matias Condor Salvage,260324X,758773,APROBADO
Sacha Nutria Veloz,727629X,796209,RECHAZADO (Riesgo Salud/Financiero)
Juan Perro Audaz,540747X,671164,APROBADO
Matias Puma Gigante,814954X,849328,APROBADO
Pepe Zorro Austral,227650X,723122,APROBADO
Francisco Ballena Veloz,917090X,204326,RECHAZADO (Riesgo Salud/Financiero)
Sacha Zorro Audaz,191228X,340467,APROBADO
Sacha Condor Audaz,809882X,792058,RECHAZADO (Riesgo Salud/Financiero)
Maria Condor Austral,689208X,696810,APROBADO
Juan Puma Audaz,168051X,118348,APROBADO
Coty Huemul Austral,849635X,629599,APROBADO
Sacha Puma Noble,881852X,413366,RECHAZADO (Riesgo Salud/Financiero)
Francisco Gato Rojo,666676X,350097,RECHAZADO (Riesgo Salud/Financiero)
Maria Zorro Salvage,755509X,85430,APROBADO
Juan Gato Sigiloso,277217X,454152,APROBADO
Matias Condor Sigiloso,101954X,450706,APROBADO
Francisco Zorro Noble,659748X,567454,APROBADO
Matias Nutria Salvage,346358X,509434,APROBADO
Pepe Perro Austral,790987X,227421,APROBADO
Francisco Nutria Sigiloso,694509X,410284,RECHAZADO (Riesgo Salud/Financiero)
Juan Perro Austral,30334X,619536,RECHAZADO (Riesgo Salud/Financiero)
Sacha Leon Austral,898098X,309202,APROBADO
Matias Nutria Austral,5524X,647419,RECHAZADO (Riesgo Salud/Financiero)
Pancha Perro Salvage,322082X,636413,APROBADO
Juan Huemul Audaz,245008X,750840,RECHAZADO (Riesgo Salud/Financiero)
Pepe Zorro Rojo,519760X,34211,APROBADO
Pancha Nutria Veloz,594797X,716931,APROBADO
Sacha Condor Audaz,487132X,341621,APROBADO
Coty Zorro Rojo,446963X,392030,APROBADO
Pancha Leon Sigiloso,402559X,712566,RECHAZADO (Riesgo Salud/Financiero)
Maria Puma Rojo,94345X,506347,APROBADO
Lucho Leon Noble,432107X,453004,APROBADO
Coty Condor Austral,22798X,326432,APROBADO
Juan Ballena Gigante,348955X,185429,RECHAZADO (Riesgo Salud/Financiero)
Lucho Perro Gigante,14188X,780385,APROBADO
Pepe Puma Audaz,491165X,890054,APROBADO
Pepe Nutria Gigante,187913X,424878,APROBADO
Matias Nutria Gigante,65980X,363573,APROBADO
Coty Perro Austral,680177X,803812,APROBADO
Pepe Ballena Audaz,224680X,246688,RECHAZADO (Riesgo Salud/Financiero)
Pepe Condor Rojo,12606X,619891,APROBADO
Pepe Zorro Audaz,628066X,426887,RECHAZADO (Riesgo Salud/Financiero)
Pancha Gato Rojo,802554X,548127,APROBADO
Juan Gato Veloz,587488X,187129,APROBADO
Matias Condor Veloz,466182X,318701,APROBADO
Matias Condor Gigante,463964X,158629,RECHAZADO (Riesgo Salud/Financiero)
Pepe Huemul Austral,994138X,26715,APROBADO
Matias Nutria Rojo,149319X,204827,APROBADO
Lucho Zorro Austral,491033X,103105,APROBADO
Maria Gato Gigante,600896X,876093,APROBADO
Pancha Perro Sigiloso,206737X,233318,APROBADO
Coty Perro Austral,776669X,468814,APROBADO
Pancha Ballena Noble,303193X,421242,APROBADO
Coty Huemul Austral,581840X,467051,APROBADO
Juan Puma Gigante,750153X,340485,APROBADO
Sacha Gato Austral,649513X,380750,APROBADO
Maria Gato Rojo,766160X,638456,APROBADO
Lucho Leon Gigante,380171X,239362,RECHAZADO (Riesgo Salud/Financiero)
Francisco Perro Veloz,298962X,832407,APROBADO
Juan Perro Austral,898685X,414718,APROBADO
Pepe Nutria Rojo,558575X,805638,APROBADO
Matias Puma Audaz,563557X,604011,RECHAZADO (Riesgo Salud/Financiero)
Juan Ballena Gigante,54311X,442586,APROBADO
Maria Puma Noble,422503X,648875,APROBADO
Pancha Zorro Audaz,138688X,33771,RECHAZADO (Riesgo Salud/Financiero)
Pancha Huemul Salvage,484873X,420572,APROBADO
Sacha Nutria Audaz,692815X,596477,APROBADO
Matias Zorro Austral,118971X,548856,RECHAZADO (Riesgo Salud/Financiero)
Juan Puma Sigiloso,51538X,99512,RECHAZADO (Riesgo Salud/Financiero)
Sacha Condor Noble,180815X,126342,APROBADO
Matias Ballena Rojo,332103X,351244,APROBADO
Pancha Condor Audaz,108444X,738255,APROBADO
Pepe Nutria Noble,590848X,49525,APROBADO
Juan Gato Austral,918323X,160308,APROBADO
Pepe Zorro Gigante,4333X,672919,APROBADO
Matias Ballena Gigante,596846X,746147,RECHAZADO (Riesgo Salud/Financiero)
Coty Zorro Salvage,194266X,572576,APROBADO
Pancha Zorro Veloz,836725X,874527,APROBADO
Francisco Perro Austral,321968X,627882,APROBADO
Juan Condor Noble,903370X,585849,RECHAZADO (Riesgo Salud/Financiero)
Francisco Condor Veloz,784524X,284372,APROBADO
Juan Huemul Veloz,279233X,676462,APROBADO
Juan Puma Veloz,994651X,594055,APROBADO
Coty Nutria Rojo,721420X,137284,APROBADO
Pancha Gato Audaz,120670X,54904,RECHAZADO (Riesgo Salud/Financiero)
Sacha Ballena Sigiloso,91887X,599996,APROBADO
Pancha Huemul Rojo,177957X,709338,APROBADO
Francisco Zorro Rojo,602530X,589993,APROBADO
Matias Nutria Austral,590632X,694173,APROBADO
Lucho Zorro Noble,96432X,501076,APROBADO
Lucho Puma Veloz,337479X,252207,APROBADO
Coty Puma Rojo,439206X,226738,APROBADO
Juan Gato Gigante,836211X,745882,APROBADO
Matias Puma Veloz,955540X,18795,APROBADO
Sacha Gato Audaz,673787X,500276,APROBADO
Lucho Condor Austral,276932X,719086,APROBADO
Maria Perro Veloz,224055X,546683,APROBADO
Juan Puma Salvage,137994X,580072,APROBADO
Coty Gato Gigante,896871X,450476,APROBADO
Lucho Zorro Noble,434351X,853012,APROBADO
Pepe Perro Salvage,45571X,727789,APROBADO
Juan Huemul Audaz,322533X,410447,APROBADO
Lucho Perro Salvage,807338X,24304,APROBADO
Juan Zorro Audaz,338362X,418239,APROBADO
Pancha Gato Rojo,898989X,213753,APROBADO
Pepe Huemul Rojo,394645X,311833,RECHAZADO (Riesgo Salud/Financiero)
Matias Huemul Noble,826282X,361831,RECHAZADO (Riesgo Salud/Financiero)
Matias Zorro Salvage,342448X,763312,APROBADO
Juan Ballena Sigiloso,181734X,230582,APROBADO
Juan Huemul Veloz,844936X,19520,RECHAZADO (Riesgo Salud/Financiero)
Sacha Nutria Gigante,41267X,71640,APROBADO
Sacha Zorro Salvage,582711X,328261,APROBADO
Coty Leon Austral,718291X,493376,APROBADO
Lucho Gato Audaz,82036X,750502,APROBADO
Sacha Zorro Veloz,376654X,843614,APROBADO
Coty Puma Veloz,640271X,440556,APROBADO
Pancha Condor Audaz,120447X,34643,APROBADO
Pancha Gato Gigante,989290X,505297,APROBADO
Sacha Gato Sigiloso,456000X,896975,APROBADO
Juan Gato Noble,567854X,88807,APROBADO
Pancha Condor Austral,303162X,619093,APROBADO
Sacha Puma Salvage,984557X,176962,APROBADO
Maria Condor Veloz,426299X,259151,APROBADO
Juan Perro Audaz,800949X,304119,APROBADO
Sacha Perro Salvage,664442X,70709,APROBADO
Maria Nutria Salvage,209904X,585143,RECHAZADO (Riesgo Salud/Financiero)
Maria Perro Rojo,312852X,652633,APROBADO
Maria Puma Salvage,201856X,701415,RECHAZADO (Riesgo Salud/Financiero)
Lucho Nutria Austral,144784X,591630,APROBADO
Francisco Puma Salvage,541388X,229751,RECHAZADO (Riesgo Salud/Financiero)
Pepe Leon Gigante,7040X,106476,APROBADO
Pepe Ballena Austral,987430X,581060,RECHAZADO (Riesgo Salud/Financiero)
Lucho Nutria Noble,752965X,326561,APROBADO
Francisco Condor Gigante,976669X,516430,APROBADO
Lucho Huemul Noble,669517X,451599,APROBADO
Lucho Puma Sigiloso,518821X,654665,APROBADO
Lucho Ballena Salvage,482155X,482996,APROBADO
Francisco Perro Gigante,602681X,622760,APROBADO
Matias Gato Veloz,990268X,114914,APROBADO
Pepe Ballena Salvage,451328X,208370,APROBADO
Coty Zorro Veloz,368586X,390864,APROBADO
Coty Condor Austral,724940X,890328,APROBADO
Pancha Puma Audaz,439733X,669600,RECHAZADO (Riesgo Salud/Financiero)
Francisco Gato Gigante,683506X,393779,APROBADO
Juan Condor Veloz,409434X,471881,APROBADO
Juan Huemul Noble,837266X,272416,APROBADO
Pancha Leon Noble,649781X,130769,APROBADO
Pepe Puma Noble,495435X,856843,APROBADO
Maria Nutria Rojo,669979X,674548,APROBADO
Matias Perro Salvage,177773X,206746,APROBADO
Francisco Ballena Audaz,67962X,660539,APROBADO
Lucho Perro Noble,556995X,807732,APROBADO
Matias Nutria Noble,424865X,131346,APROBADO
Juan Perro Veloz,966749X,336536,APROBADO
Sacha Condor Noble,934074X,115285,APROBADO
Matias Gato Salvage,915242X,861909,APROBADO
Pancha Huemul Salvage,279955X,141301,APROBADO
Sacha Puma Salvage,295585X,744717,RECHAZADO (Riesgo Salud/Financiero)
Maria Ballena Audaz,598084X,702143,RECHAZADO (Riesgo Salud/Financiero)
Maria Condor Gigante,678245X,220806,APROBADO
Coty Huemul Austral,938265X,570404,APROBADO
Pancha Ballena Noble,528704X,556661,APROBADO
Lucho Huemul Veloz,467833X,130468,APROBADO
Pepe Puma Audaz,456822X,31120,APROBADO
Coty Huemul Rojo,655697X,772246,RECHAZADO (Riesgo Salud/Financiero)
Sacha Condor Salvage,511076X,669101,RECHAZADO (Riesgo Salud/Financiero)
Lucho Ballena Sigiloso,445273X,352157,APROBADO
Juan Nutria Audaz,803582X,883179,APROBADO
Pancha Nutria Gigante,36146X,831784,APROBADO
Coty Huemul Audaz,161670X,122374,RECHAZADO (Riesgo Salud/Financiero)
Lucho Condor Gigante,480008X,35540,RECHAZADO (Riesgo Salud/Financiero)
Matias Nutria Gigante,31379X,529251,RECHAZADO (Riesgo Salud/Financiero)
Matias Gato Austral,187638X,846289,APROBADO
Pepe Condor Audaz,32223X,33510,APROBADO
Sacha Zorro Gigante,349607X,530238,APROBADO
Sacha Zorro Gigante,140894X,519749,APROBADO
Francisco Nutria Rojo,669816X,744866,APROBADO
Maria Puma Audaz,386257X,410049,RECHAZADO (Riesgo Salud/Financiero)
Sacha Puma Sigiloso,652324X,892543,APROBADO
Matias Nutria Gigante,629431X,23394,APROBADO
Coty Puma Rojo,710777X,202739,APROBADO
Coty Gato Rojo,222353X,745917,APROBADO
Pancha Ballena Gigante,684892X,509059,RECHAZADO (Riesgo Salud/Financiero)
Francisco Gato Audaz,796790X,477369,APROBADO
Lucho Puma Gigante,623861X,231900,APROBADO
Juan Leon Rojo,475055X,68669,APROBADO
Juan Nutria Salvage,574637X,190526,APROBADO
Lucho Huemul Gigante,801088X,816500,RECHAZADO (Riesgo Salud/Financiero)
Pepe Ballena Sigiloso,174143X,825466,APROBADO
Juan Puma Gigante,785312X,476214,APROBADO
Pancha Zorro Gigante,605968X,365165,APROBADO
Maria Leon Audaz,845452X,21686,APROBADO
Maria Gato Audaz,494139X,192770,APROBADO
Pancha Huemul Sigiloso,460518X,793442,APROBADO
Pancha Zorro Austral,132995X,287567,APROBADO
Matias Nutria Veloz,486277X,625334,APROBADO
Pancha Huemul Rojo,686694X,408031,RECHAZADO (Riesgo Salud/Financiero)
Coty Puma Sigiloso,157250X,310276,RECHAZADO (Riesgo Salud/Financiero)
Maria Leon Noble,316209X,751082,APROBADO
Lucho Leon Austral,215895X,21652,APROBADO
Sacha Huemul Austral,452522X,247781,RECHAZADO (Riesgo Salud/Financiero)
Juan Huemul Salvage,114804X,372949,APROBADO
Pepe Condor Gigante,960314X,242640,APROBADO
Maria Ballena Rojo,44158X,472486,APROBADO
Pancha Nutria Rojo,382015X,180944,APROBADO
Francisco Puma Veloz,530458X,25975,RECHAZADO (Riesgo Salud/Financiero)
Pepe Huemul Sigiloso,611680X,154036,APROBADO
Coty Gato Veloz,331057X,812370,APROBADO
Sacha Zorro Noble,578794X,165618,APROBADO
Lucho Leon Noble,534087X,818082,RECHAZADO (Riesgo Salud/Financiero)
Francisco Zorro Austral,60175X,462708,APROBADO
Matias Perro Audaz,573983X,274128,APROBADO
Sacha Nutria Audaz,120656X,212594,APROBADO
Juan Condor Sigiloso,260150X,814441,APROBADO
Maria Zorro Salvage,951170X,402959,APROBADO
Pepe Ballena Rojo,555905X,776501,APROBADO
Sacha Nutria Veloz,306825X,383264,APROBADO
Juan Nutria Rojo,130282X,684203,APROBADO
Lucho Leon Rojo,386476X,288899,APROBADO
Sacha Huemul Salvage,696366X,845547,RECHAZADO (Riesgo Salud/Financiero)
Coty Gato Gigante,568328X,312615,APROBADO
Sacha Nutria Veloz,720762X,723742,RECHAZADO (Riesgo Salud/Financiero)
Maria Zorro Veloz,53201X,615214,APROBADO
Lucho Nutria Noble,791521X,337601,APROBADO
Pancha Puma Audaz,667531X,718881,APROBADO
Juan Leon Gigante,819485X,689983,APROBADO
Coty Zorro Veloz,400413X,774867,APROBADO
Matias Nutria Audaz,705880X,320406,APROBADO
Maria Condor Audaz,135108X,146620,APROBADO
Coty Leon Veloz,774286X,892240,APROBADO
Coty Nutria Gigante,573181X,124916,APROBADO
Matias Gato Salvage,745918X,723365,RECHAZADO (Riesgo Salud/Financiero)
Maria Puma Gigante,613782X,205257,APROBADO
Pancha Nutria Audaz,308516X,509030,RECHAZADO (Riesgo Salud/Financiero)
Pepe Gato Salvage,557782X,410403,RECHAZADO (Riesgo Salud/Financiero)
Coty Leon Noble,923921X,460578,RECHAZADO (Riesgo Salud/Financiero)
Sacha Huemul Sigiloso,179505X,424294,APROBADO
Francisco Perro Austral,354557X,749384,APROBADO
Pancha Puma Austral,565588X,823786,APROBADO
Pepe Puma Salvage,93477X,777422,RECHAZADO (Riesgo Salud/Financiero)
Juan Gato Audaz,852382X,628235,APROBADO
Juan Puma Noble,702867X,39527,APROBADO
Pepe Gato Gigante,278444X,710296,APROBADO
Pancha Huemul Sigiloso,126917X,802109,APROBADO
Francisco Huemul Rojo,223810X,476448,APROBADO
Coty Ballena Austral,813054X,471827,RECHAZADO (Riesgo Salud/Financiero)
Juan Perro Noble,44969X,390945,APROBADO
Francisco Perro Austral,530599X,782781,APROBADO
Pancha Perro Sigiloso,493063X,719705,APROBADO
Pepe Condor Rojo,797497X,224428,APROBADO
Francisco Zorro Veloz,525263X,824127,RECHAZADO (Riesgo Salud/Financiero)
Coty Nutria Sigiloso,667202X,184400,APROBADO
Sacha Puma Sigiloso,907069X,174335,APROBADO
Francisco Puma Noble,326949X,877803,RECHAZADO (Riesgo Salud/Financiero)
Lucho Huemul Rojo,384683X,218871,APROBADO
Francisco Perro Salvage,802618X,37759,APROBADO
Matias Gato Sigiloso,428810X,190073,APROBADO
Maria Huemul Rojo,861617X,496075,RECHAZADO (Riesgo Salud/Financiero)
Pepe Ballena Austral,619909X,538987,APROBADO
Coty Puma Veloz,882369X,189796,APROBADO
Coty Perro Salvage,313471X,197154,APROBADO
Maria Gato Audaz,703307X,34791,APROBADO
Lucho Puma Gigante,546964X,389879,APROBADO
Matias Puma Veloz,942860X,501630,RECHAZADO (Riesgo Salud/Financiero)
Lucho Huemul Austral,2291X,738290,APROBADO
Coty Leon Austral,92909X,549575,APROBADO
Maria Nutria Salvage,555309X,857630,APROBADO
Pepe Condor Noble,172429X,190916,RECHAZADO (Riesgo Salud/Financiero)
Juan Leon Rojo,61831X,316033,APROBADO
Francisco Leon Gigante,274521X,570675,APROBADO
Matias Condor Austral,351118X,836519,APROBADO
Sacha Zorro Salvage,688257X,247156,APROBADO
Francisco Condor Noble,926461X,723621,APROBADO
Matias Perro Rojo,218814X,692966,RECHAZADO (Riesgo Salud/Financiero)
Sacha Condor Audaz,439801X,84044,RECHAZADO (Riesgo Salud/Financiero)
Francisco Puma Noble,752184X,771183,APROBADO
Francisco Zorro Austral,480630X,878122,APROBADO
Pancha Zorro Gigante,369257X,860293,APROBADO
Maria Ballena Veloz,455960X,619868,APROBADO
Juan Ballena Audaz,216060X,336795,APROBADO
Lucho Perro Noble,960555X,267808,APROBADO
Lucho Leon Sigiloso,470744X,131704,APROBADO
Sacha Zorro Rojo,655510X,607905,APROBADO
Francisco Condor Audaz,193478X,204699,APROBADO
Maria Perro Rojo,908198X,715965,APROBADO
Sacha Leon Noble,185204X,73097,APROBADO
Pancha Perro Austral,982576X,152824,RECHAZADO (Riesgo Salud/Financiero)
Coty Condor Sigiloso,899383X,348859,APROBADO
Francisco Huemul Rojo,833703X,611130,RECHAZADO (Riesgo Salud/Financiero)
Coty Huemul Sigiloso,482816X,341786,APROBADO
Coty Nutria Sigiloso,676510X,548102,APROBADO
Maria Perro Salvage,31134X,449681,RECHAZADO (Riesgo Salud/Financiero)
Pepe Gato Gigante,454240X,891955,APROBADO
Pepe Puma Austral,49370X,453634,RECHAZADO (Riesgo Salud/Financiero)
Maria Puma Audaz,534472X,821198,APROBADO
Juan Ballena Veloz,844703X,705600,APROBADO
Lucho Condor Austral,840209X,100855,APROBADO
Pepe Nutria Austral,476127X,472322,APROBADO
Matias Puma Noble,501889X,185856,APROBADO
Matias Huemul Gigante,120934X,566641,APROBADO
Coty Gato Noble,407997X,169203,APROBADO
Maria Zorro Austral,998218X,152366,APROBADO
Lucho Nutria Sigiloso,226290X,155660,APROBADO
Pepe Gato Noble,238905X,41286,APROBADO
Matias Nutria Sigiloso,942894X,198823,RECHAZADO (Riesgo Salud/Financiero)
Maria Zorro Sigiloso,108633X,398011,APROBADO
Pancha Nutria Gigante,847916X,48721,RECHAZADO (Riesgo Salud/Financiero)
Pepe Zorro Gigante,434146X,363601,APROBADO
Sacha Huemul Audaz,462811X,242594,APROBADO
Pancha Zorro Rojo,47136X,286362,APROBADO
Lucho Puma Austral,777199X,264711,APROBADO
Juan Perro Salvage,216537X,558479,APROBADO
Sacha Zorro Rojo,550419X,795296,APROBADO
Maria Condor Sigiloso,388724X,473513,APROBADO
Pancha Puma Rojo,455927X,673583,APROBADO
Francisco Leon Sigiloso,724666X,751756,APROBADO
Pancha Perro Veloz,493209X,393265,APROBADO
Lucho Ballena Noble,343633X,799682,APROBADO
Pancha Huemul Sigiloso,965657X,718790,APROBADO
Lucho Perro Salvage,768652X,716869,APROBADO
Pepe Perro Sigiloso,811162X,552777,APROBADO
Matias Huemul Sigiloso,167072X,631460,APROBADO
Pancha Puma Noble,686828X,183959,APROBADO
Sacha Leon Audaz,466353X,808099,APROBADO
Juan Zorro Austral,550720X,75301,APROBADO
Pepe Condor Rojo,364263X,597452,RECHAZADO (Riesgo Salud/Financiero)
Matias Perro Austral,798551X,607305,APROBADO
Sacha Perro Austral,313556X,686048,APROBADO
Pepe Huemul Veloz,51812X,603100,RECHAZADO (Riesgo Salud/Financiero)
Sacha Leon Gigante,611033X,81339,APROBADO
Lucho Nutria Salvage,452414X,271394,APROBADO
Coty Perro Veloz,607266X,307646,APROBADO
Francisco Perro Noble,852907X,296604,APROBADO
Pancha Leon Sigiloso,397297X,781346,APROBADO
Pepe Perro Austral,50740X,560941,APROBADO
Sacha Nutria Austral,702835X,47154,APROBADO
Coty Leon Austral,972811X,842558,RECHAZADO (Riesgo Salud/Financiero)
Pepe Condor Rojo,234516X,496607,APROBADO
Maria Nutria Noble,491722X,523733,APROBADO
Matias Perro Rojo,346477X,57068,APROBADO
Matias Condor Veloz,351369X,646058,APROBADO
Maria Puma Austral,229429X,820701,APROBADO
Sacha Leon Gigante,516103X,865359,APROBADO
Francisco Gato Sigiloso,558479X,352510,APROBADO
Maria Nutria Rojo,397845X,365496,APROBADO
Coty Huemul Noble,590565X,577959,APROBADO
Juan Huemul Gigante,47579X,696694,APROBADO
Pepe Huemul Austral,25012X,744260,APROBADO
Coty Condor Gigante,342369X,553231,RECHAZADO (Riesgo Salud/Financiero)
Pepe Zorro Gigante,925315X,133827,APROBADO
Juan Zorro Austral,703068X,362760,APROBADO
Francisco Zorro Salvage,427748X,313572,RECHAZADO (Riesgo Salud/Financiero)
Lucho Gato Noble,345679X,22693,APROBADO
Maria Condor Austral,498925X,736171,RECHAZADO (Riesgo Salud/Financiero)
Juan Zorro Salvage,584682X,136791,APROBADO
Coty Ballena Noble,50538X,852496,APROBADO
Matias Leon Gigante,564957X,592556,APROBADO
Sacha Leon Gigante,687590X,132884,APROBADO
Sacha Condor Noble,107326X,691856,APROBADO
Lucho Condor Sigiloso,693148X,622893,APROBADO
Matias Ballena Austral,646756X,534621,RECHAZADO (Riesgo Salud/Financiero)
Sacha Condor Sigiloso,319754X,704771,APROBADO
Juan Zorro Rojo,836646X,124287,APROBADO
Lucho Zorro Noble,458199X,271113,RECHAZADO (Riesgo Salud/Financiero)
Juan Ballena Sigiloso,954589X,293038,RECHAZADO (Riesgo Salud/Financiero)
Matias Puma Veloz,793289X,359144,APROBADO
Pancha Ballena Gigante,344087X,674154,APROBADO
Sacha Puma Salvage,71166X,607119,APROBADO
Pancha Nutria Rojo,940995X,635418,APROBADO
Lucho Ballena Sigiloso,391448X,521740,RECHAZADO (Riesgo Salud/Financiero)
Francisco Zorro Salvage,573381X,709209,APROBADO
Sacha Nutria Noble,111148X,334693,APROBADO
Maria Condor Rojo,240313X,375958,APROBADO
Maria Ballena Sigiloso,171851X,899396,APROBADO
Lucho Huemul Rojo,345924X,331814,APROBADO
Coty Zorro Rojo,787350X,587394,APROBADO
Coty Perro Salvage,314067X,127277,APROBADO
Lucho Huemul Salvage,523699X,305602,APROBADO
Pepe Nutria Rojo,629213X,718499,APROBADO
Pepe Puma Sigiloso,977491X,433985,RECHAZADO (Riesgo Salud/Financiero)
Matias Zorro Gigante,925701X,331675,RECHAZADO (Riesgo Salud/Financiero)
Lucho Ballena Veloz,9672X,310723,RECHAZADO (Riesgo Salud/Financiero)
Pancha Perro Sigiloso,292177X,49390,RECHAZADO (Riesgo Salud/Financiero)
Pepe Gato Rojo,492904X,339880,APROBADO
Matias Nutria Salvage,409633X,637584,APROBADO
Maria Perro Salvage,863007X,797459,APROBADO
Pepe Puma Sigiloso,477959X,43968,APROBADO
Maria Nutria Gigante,499925X,613035,RECHAZADO (Riesgo Salud/Financiero)
Pepe Perro Sigiloso,538303X,425738,APROBADO
Pancha Zorro Sigiloso,447530X,673391,APROBADO
Pancha Leon Salvage,824245X,123447,APROBADO
Maria Huemul Sigiloso,948011X,656739,APROBADO
Lucho Huemul Austral,168075X,809198,APROBADO
Pancha Condor Noble,127213X,71011,RECHAZADO (Riesgo Salud/Financiero)
Juan Perro Salvage,63542X,808868,APROBADO
Coty Gato Salvage,602197X,276198,APROBADO
Lucho Nutria Sigiloso,597545X,200794,APROBADO
Matias Gato Rojo,644877X,224525,APROBADO
Pancha Leon Noble,746967X,152795,APROBADO
Coty Leon Gigante,417369X,643014,APROBADO
Sacha Ballena Austral,423806X,860792,APROBADO
Coty Leon Audaz,423561X,448323,RECHAZADO (Riesgo Salud/Financiero)
Sacha Nutria Noble,589895X,78634,APROBADO
Pancha Huemul Austral,723891X,772125,APROBADO
Pepe Puma Audaz,261593X,735749,APROBADO
Maria Puma Austral,522320X,294092,APROBADO
Sacha Ballena Rojo,21404X,303486,APROBADO
Matias Gato Austral,17757X,112016,RECHAZADO (Riesgo Salud/Financiero)
Pancha Perro Audaz,177544X,103087,APROBADO
Coty Gato Gigante,664098X,588759,APROBADO
Coty Zorro Rojo,574705X,244742,APROBADO
Maria Leon Gigante,189440X,798522,APROBADO
Maria Condor Rojo,451867X,54576,APROBADO
Juan Puma Noble,200697X,286996,RECHAZADO (Riesgo Salud/Financiero)
Sacha Nutria Sigiloso,570072X,480126,APROBADO
Pancha Nutria Veloz,900145X,233118,APROBADO
Coty Ballena Gigante,326489X,868952,APROBADO
Matias Perro Veloz,592816X,396017,RECHAZADO (Riesgo Salud/Financiero)
Pepe Perro Audaz,389710X,500426,RECHAZADO (Riesgo Salud/Financiero)
Juan Condor Sigiloso,791727X,748971,RECHAZADO (Riesgo Salud/Financiero)
Lucho Perro Audaz,875568X,464868,RECHAZADO (Riesgo Salud/Financiero)
Maria Ballena Gigante,779854X,286338,APROBADO
Pepe Puma Sigiloso,880448X,438719,APROBADO
Coty Leon Audaz,636769X,196748,APROBADO
Francisco Huemul Rojo,841508X,759858,APROBADO
Sacha Leon Rojo,15756X,220629,APROBADO
Pancha Huemul Veloz,870686X,325807,APROBADO
Pancha Nutria Audaz,741077X,368947,APROBADO
Lucho Leon Sigiloso,914611X,763858,RECHAZADO (Riesgo Salud/Financiero)
Maria Leon Audaz,151347X,583266,APROBADO
Maria Nutria Audaz,4604X,651797,APROBADO
Coty Ballena Noble,642678X,499882,APROBADO
Matias Perro Noble,588298X,471862,APROBADO
Sacha Huemul Sigiloso,615426X,891246,APROBADO
Francisco Perro Audaz,634835X,662772,RECHAZADO (Riesgo Salud/Financiero)
Pancha Gato Audaz,143551X,385418,APROBADO
Maria Nutria Rojo,964837X,477943,RECHAZADO (Riesgo Salud/Financiero)
Pepe Leon Austral,209168X,734399,APROBADO
Sacha Perro Salvage,321788X,453770,APROBADO
Maria Huemul Audaz,190355X,754960,APROBADO
Lucho Puma Rojo,904890X,134955,RECHAZADO (Riesgo Salud/Financiero)
Coty Zorro Salvage,254711X,178507,APROBADO
Sacha Gato Audaz,159756X,136051,APROBADO
Lucho Condor Noble,768219X,875416,APROBADO
Matias Leon Noble,263536X,824188,RECHAZADO (Riesgo Salud/Financiero)
Pancha Gato Noble,53058X,707703,APROBADO
Francisco Gato Gigante,220739X,891231,APROBADO
Matias Condor Gigante,869984X,630989,APROBADO
Coty Gato Noble,819138X,242801,APROBADO
Pancha Zorro Veloz,938873X,730296,APROBADO
Matias Condor Audaz,387174X,762850,APROBADO
Pancha Zorro Austral,416421X,499569,APROBADO
Maria Perro Sigiloso,801213X,227244,APROBADO
Pepe Nutria Noble,754091X,643451,APROBADO
Lucho Nutria Noble,814785X,182655,APROBADO
Matias Leon Austral,72276X,641562,APROBADO
Maria Nutria Veloz,73726X,31711,APROBADO
Juan Leon Rojo,864156X,46985,APROBADO
Juan Leon Veloz,973540X,205179,APROBADO
Lucho Huemul Gigante,765276X,807828,APROBADO
Francisco Gato Audaz,455209X,802525,APROBADO
Lucho Nutria Audaz,525866X,406704,APROBADO
Maria Huemul Rojo,449006X,716201,RECHAZADO (Riesgo Salud/Financiero)
Maria Zorro Noble,288295X,797333,APROBADO
Lucho Ballena Gigante,531601X,555105,APROBADO
Francisco Nutria Sigiloso,201774X,812749,APROBADO
Lucho Gato Austral,146759X,774048,APROBADO
Maria Zorro Austral,980282X,394578,APROBADO
Coty Condor Rojo,311058X,20084,APROBADO
Lucho Huemul Austral,619439X,135698,APROBADO
Lucho Perro Sigiloso,246814X,62475,RECHAZADO (Riesgo Salud/Financiero)
Matias Leon Salvage,625682X,37493,APROBADO
Francisco Nutria Veloz,716658X,366260,APROBADO
Matias Gato Sigiloso,968609X,377792,APROBADO
Pancha Nutria Veloz,492620X,406514,APROBADO
Juan Puma Rojo,840923X,270612,APROBADO
Francisco Gato Rojo,444455X,237122,APROBADO
Juan Perro Noble,975337X,370147,APROBADO
Lucho Huemul Austral,716049X,517059,APROBADO
Lucho Leon Sigiloso,268027X,506890,APROBADO
Matias Zorro Gigante,318542X,73267,RECHAZADO (Riesgo Salud/Financiero)
Francisco Nutria Rojo,617333X,168783,RECHAZADO (Riesgo Salud/Financiero)
Francisco Huemul Rojo,417779X,796925,RECHAZADO (Riesgo Salud/Financiero)
Matias Condor Audaz,835744X,773418,RECHAZADO (Riesgo Salud/Financiero)
Coty Gato Veloz,107854X,44805,RECHAZADO (Riesgo Salud/Financiero)
Juan Perro Gigante,643953X,559690,RECHAZADO (Riesgo Salud/Financiero)
Pancha Leon Noble,261567X,250911,RECHAZADO (Riesgo Salud/Financiero)
Pancha Zorro Veloz,127353X,408655,RECHAZADO (Riesgo Salud/Financiero)
Francisco Zorro Veloz,670269X,77016,APROBADO
Francisco Leon Austral,724372X,636237,APROBADO
Coty Condor Audaz,792284X,611542,APROBADO
Pancha Leon Rojo,673857X,449417,APROBADO
Francisco Zorro Rojo,840954X,476564,APROBADO
Francisco Perro Austral,671977X,350133,APROBADO
Pepe Gato Salvage,144938X,272583,APROBADO
Pepe Zorro Noble,533120X,59207,APROBADO
Pancha Puma Audaz,385297X,259804,RECHAZADO (Riesgo Salud/Financiero)
Sacha Gato Gigante,809588X,646555,APROBADO
Francisco Gato Sigiloso,842763X,726112,APROBADO
Maria Condor Austral,870461X,885975,APROBADO
Pancha Puma Salvage,347744X,531344,RECHAZADO (Riesgo Salud/Financiero)
Matias Huemul Rojo,21046X,38802,APROBADO
Francisco Leon Salvage,72777X,681902,RECHAZADO (Riesgo Salud/Financiero)
Pepe Puma Gigante,374940X,730558,APROBADO
Sacha Gato Gigante,276280X,752262,APROBADO
Coty Nutria Salvage,992060X,860461,APROBADO
Pepe Huemul Rojo,120174X,896545,RECHAZADO (Riesgo Salud/Financiero)
Francisco Huemul Audaz,542870X,429150,APROBADO
Coty Leon Sigiloso,52072X,317315,APROBADO
Coty Zorro Austral,226526X,670696,APROBADO
Matias Huemul Rojo,484949X,564953,APROBADO
Matias Zorro Gigante,252136X,624452,APROBADO
Maria Leon Rojo,151673X,456533,APROBADO
Matias Puma Austral,985897X,271208,APROBADO
Pepe Puma Salvage,313068X,52023,APROBADO
Matias Perro Salvage,441863X,335571,APROBADO
Francisco Nutria Salvage,126108X,147959,APROBADO
Coty Ballena Salvage,73619X,527085,APROBADO
Matias Zorro Noble,87885X,479181,APROBADO
Coty Zorro Gigante,206373X,60920,RECHAZADO (Riesgo Salud/Financiero)
Pancha Nutria Gigante,317150X,801053,APROBADO
Matias Leon Audaz,927457X,660383,APROBADO
Maria Puma Noble,36000X,105603,RECHAZADO (Riesgo Salud/Financiero)
Pancha Gato Sigiloso,762674X,800730,RECHAZADO (Riesgo Salud/Financiero)
Sacha Nutria Audaz,588715X,105400,APROBADO
Francisco Ballena Noble,639198X,653299,APROBADO
Maria Nutria Gigante,655624X,408922,APROBADO
Pancha Condor Veloz,705833X,143497,RECHAZADO (Riesgo Salud/Financiero)
Francisco Huemul Noble,984494X,23809,APROBADO
Maria Ballena Gigante,484750X,175220,RECHAZADO (Riesgo Salud/Financiero)
Francisco Gato Austral,708320X,800673,APROBADO
Pepe Condor Gigante,451815X,794449,APROBADO
Matias Perro Rojo,502088X,870885,APROBADO
Francisco Huemul Audaz,367840X,196999,APROBADO
Pancha Huemul Noble,27223X,305317,APROBADO
Coty Puma Sigiloso,882597X,166846,APROBADO
Pancha Zorro Gigante,919075X,669585,RECHAZADO (Riesgo Salud/Financiero)
Francisco Puma Salvage,241599X,283364,RECHAZADO (Riesgo Salud/Financiero)
Matias Huemul Rojo,990714X,35237,APROBADO
Pepe Puma Sigiloso,6580X,654677,APROBADO
Matias Zorro Sigiloso,259384X,542324,APROBADO
Francisco Condor Audaz,239206X,327199,APROBADO
Matias Condor Gigante,700486X,213152,RECHAZADO (Riesgo Salud/Financiero)
Lucho Gato Audaz,671226X,788617,APROBADO
Juan Leon Salvage,502387X,797973,APROBADO
Maria Nutria Sigiloso,331125X,502925,APROBADO
Sacha Nutria Sigiloso,425567X,548735,APROBADO
Juan Zorro Gigante,850126X,460119,APROBADO
Sacha Condor Noble,2104X,630142,APROBADO
Francisco Perro Noble,186026X,48487,APROBADO
Pepe Perro Rojo,797805X,777581,APROBADO
Coty Zorro Noble,169136X,588979,APROBADO
Sacha Condor Austral,212158X,207533,RECHAZADO (Riesgo Salud/Financiero)
Pepe Leon Veloz,434459X,881621,APROBADO
Matias Puma Veloz,698645X,562746,APROBADO
Sacha Gato Rojo,207725X,363398,APROBADO
Francisco Nutria Audaz,868829X,603598,APROBADO
Coty Gato Audaz,426540X,636616,APROBADO
Matias Gato Rojo,287203X,854618,RECHAZADO (Riesgo Salud/Financiero)
Pepe Leon Austral,747541X,766516,APROBADO
Francisco Ballena Austral,931774X,56559,APROBADO
Pepe Nutria Veloz,599889X,241964,APROBADO
Lucho Puma Salvage,862849X,493803,APROBADO
Pancha Condor Salvage,975968X,670963,APROBADO
Lucho Gato Rojo,678394X,342562,APROBADO
Lucho Ballena Sigiloso,376626X,880013,APROBADO
Sacha Leon Noble,199877X,247312,APROBADO
Sacha Leon Gigante,392931X,719065,APROBADO
Sacha Leon Noble,175492X,37143,APROBADO
Juan Huemul Sigiloso,437583X,501558,APROBADO
Coty Nutria Gigante,73902X,840340,APROBADO
Matias Nutria Rojo,905177X,167324,APROBADO
Pepe Nutria Veloz,279152X,138465,APROBADO
Maria Gato Veloz,282912X,496442,APROBADO
Pepe Gato Noble,482387X,593171,APROBADO
Coty Ballena Veloz,347712X,197327,RECHAZADO (Riesgo Salud/Financiero)
Pepe Condor Austral,843303X,685157,RECHAZADO (Riesgo Salud/Financiero)
Juan Gato Salvage,394254X,31886,APROBADO
Matias Condor Gigante,544902X,381067,APROBADO
Maria Huemul Austral,879788X,515162,RECHAZADO (Riesgo Salud/Financiero)
Matias Ballena Audaz,893354X,434614,APROBADO
Matias Condor Sigiloso,754056X,474868,APROBADO
Juan Ballena Salvage,946358X,861495,APROBADO
Pepe Perro Rojo,79593X,813315,APROBADO
Francisco Ballena Austral,697956X,131416,APROBADO
Coty Leon Veloz,682454X,459705,APROBADO
Lucho Puma Austral,804523X,106909,APROBADO
Coty Leon Noble,302717X,607388,APROBADO
Juan Perro Rojo,809215X,543720,APROBADO
Matias Puma Veloz,14027X,640325,APROBADO
Maria Ballena Salvage,837413X,522905,RECHAZADO (Riesgo Salud/Financiero)
Coty Nutria Veloz,714456X,575695,APROBADO
Pepe Zorro Rojo,232943X,412450,APROBADO
Lucho Huemul Gigante,45841X,389609,APROBADO
Juan Gato Gigante,389154X,228932,APROBADO
Francisco Perro Rojo,538838X,776108,APROBADO
Maria Huemul Audaz,825408X,101983,RECHAZADO (Riesgo Salud/Financiero)
Juan Leon Austral,334432X,746156,APROBADO
Matias Gato Gigante,469655X,15774,APROBADO
Lucho Huemul Gigante,696930X,862361,RECHAZADO (Riesgo Salud/Financiero)
Lucho Leon Salvage,341870X,295461,RECHAZADO (Riesgo Salud/Financiero)
Pepe Gato Rojo,926530X,123663,RECHAZADO (Riesgo Salud/Financiero)
Sacha Nutria Gigante,254895X,257520,APROBADO
Maria Ballena Noble,999953X,701094,APROBADO
Matias Leon Audaz,72147X,249822,APROBADO
Pancha Huemul Noble,898776X,820346,APROBADO
Pepe Nutria Audaz,989656X,762346,APROBADO
Pepe Perro Veloz,756105X,739373,RECHAZADO (Riesgo Salud/Financiero)
Sacha Huemul Veloz,4159X,608404,APROBADO
Juan Ballena Sigiloso,476534X,588320,APROBADO
Francisco Ballena Austral,299403X,550166,APROBADO
Maria Zorro Salvage,728237X,468818,APROBADO
Sacha Ballena Rojo,97639X,545981,RECHAZADO (Riesgo Salud/Financiero)
Francisco Puma Veloz,341242X,318096,APROBADO
Coty Ballena Sigiloso,783253X,133692,APROBADO
Lucho Condor Sigiloso,361625X,257486,APROBADO
Maria Perro Sigiloso,800193X,770045,RECHAZADO (Riesgo Salud/Financiero)
Pepe Gato Noble,972680X,97183,RECHAZADO (Riesgo Salud/Financiero)
Juan Puma Veloz,272695X,327945,APROBADO
Juan Huemul Austral,740880X,187331,APROBADO
Pepe Nutria Sigiloso,317720X,344148,APROBADO
Maria Zorro Gigante,856697X,848271,APROBADO
Francisco Gato Rojo,933719X,183895,RECHAZADO (Riesgo Salud/Financiero)
Coty Perro Salvage,570871X,133592,APROBADO
Francisco Puma Gigante,270508X,394724,APROBADO
Maria Huemul Sigiloso,829168X,690076,APROBADO
Pepe Perro Sigiloso,887716X,523169,APROBADO
Sacha Perro Rojo,577400X,131643,RECHAZADO (Riesgo Salud/Financiero)
Matias Zorro Noble,193938X,195990,APROBADO
Matias Perro Rojo,131892X,204519,RECHAZADO (Riesgo Salud/Financiero)
Juan Ballena Austral,846107X,519386,APROBADO
Francisco Puma Salvage,530925X,58375,APROBADO
Matias Perro Salvage,959910X,556717,APROBADO
Francisco Gato Gigante,327691X,364323,APROBADO
Maria Nutria Noble,290273X,564867,APROBADO
Francisco Leon Audaz,891211X,811857,APROBADO
Matias Gato Gigante,609566X,386171,APROBADO
Matias Leon Gigante,484596X,898441,APROBADO
Maria Nutria Audaz,476990X,103035,APROBADO
Juan Zorro Veloz,84414X,547595,RECHAZADO (Riesgo Salud/Financiero)
Matias Nutria Salvage,546508X,605836,APROBADO
Matias Leon Rojo,968437X,642241,RECHAZADO (Riesgo Salud/Financiero)
Sacha Gato Rojo,750915X,550944,APROBADO
Matias Gato Austral,473420X,610065,APROBADO
Lucho Condor Veloz,61137X,56706,APROBADO
Coty Perro Noble,564074X,201623,APROBADO
Juan Zorro Audaz,465583X,650338,APROBADO
Pancha Nutria Veloz,108982X,427448,APROBADO
Matias Nutria Gigante,332628X,121994,APROBADO
Pepe Leon Rojo,654319X,375166,APROBADO
Maria Condor Rojo,948233X,115112,APROBADO
Coty Perro Sigiloso,259205X,354879,APROBADO
Matias Huemul Noble,282984X,29137,APROBADO
Pancha Perro Sigiloso,527948X,851359,RECHAZADO (Riesgo Salud/Financiero)
Coty Puma Rojo,832126X,32632,APROBADO
Lucho Ballena Noble,975358X,489722,RECHAZADO (Riesgo Salud/Financiero)
Matias Gato Audaz,215193X,418767,APROBADO
Sacha Nutria Austral,546165X,203442,APROBADO
Lucho Gato Noble,422313X,842512,RECHAZADO (Riesgo Salud/Financiero)
Pepe Huemul Sigiloso,990619X,216974,APROBADO
Pancha Condor Audaz,292997X,755193,APROBADO
Pepe Puma Gigante,786316X,805356,RECHAZADO (Riesgo Salud/Financiero)
Sacha Leon Salvage,43959X,760985,APROBADO
Maria Perro Sigiloso,29076X,19645,APROBADO
Pancha Nutria Rojo,67239X,720709,APROBADO
Matias Puma Sigiloso,775767X,100346,APROBADO
Pepe Condor Veloz,776903X,726950,APROBADO
Francisco Leon Sigiloso,581014X,704261,RECHAZADO (Riesgo Salud/Financiero)
Coty Ballena Veloz,473942X,769038,APROBADO
Juan Huemul Salvage,666014X,671258,APROBADO
Juan Ballena Audaz,749359X,169905,APROBADO
Lucho Gato Sigiloso,706862X,312345,APROBADO
Francisco Perro Audaz,654921X,645441,APROBADO
Francisco Nutria Noble,578286X,252902,RECHAZADO (Riesgo Salud/Financiero)
Pepe Leon Gigante,686529X,837825,APROBADO
Lucho Puma Sigiloso,953075X,427649,APROBADO
Coty Nutria Noble,719513X,773912,APROBADO
Sacha Huemul Sigiloso,298560X,715953,APROBADO
Juan Zorro Gigante,748356X,125504,APROBADO
Juan Puma Gigante,333932X,326253,APROBADO
Francisco Huemul Austral,508148X,245799,APROBADO
Matias Ballena Gigante,429846X,652229,RECHAZADO (Riesgo Salud/Financiero)
Francisco Zorro Audaz,650942X,22998,APROBADO
Pepe Gato Noble,588658X,538468,RECHAZADO (Riesgo Salud/Financiero)
Lucho Zorro Rojo,32728X,206727,APROBADO
Pancha Nutria Gigante,673723X,109799,APROBADO
Pepe Perro Sigiloso,396687X,406929,APROBADO
Pepe Zorro Veloz,29748X,192558,APROBADO
Francisco Condor Gigante,956358X,429001,APROBADO
Pepe Ballena Audaz,644809X,347972,APROBADO
Francisco Huemul Salvage,818689X,896320,APROBADO
Sacha Zorro Noble,109629X,513695,RECHAZADO (Riesgo Salud/Financiero)
Matias Puma Gigante,495584X,216098,APROBADO
Juan Nutria Gigante,797068X,445544,APROBADO
Matias Nutria Audaz,115988X,240758,APROBADO
Pancha Ballena Sigiloso,468144X,719343,APROBADO
Coty Zorro Gigante,195332X,742339,RECHAZADO (Riesgo Salud/Financiero)
Coty Gato Audaz,26354X,429686,APROBADO
Pepe Condor Audaz,75427X,466411,APROBADO
Coty Perro Sigiloso,78962X,236596,APROBADO
Matias Perro Noble,921675X,161695,APROBADO
Juan Perro Salvage,72314X,763489,APROBADO
Pepe Leon Rojo,737257X,788849,RECHAZADO (Riesgo Salud/Financiero)
Coty Puma Noble,241513X,589164,APROBADO
Juan Ballena Rojo,181005X,318386,APROBADO
Coty Gato Audaz,344513X,440399,APROBADO
Pepe Puma Gigante,291913X,150148,RECHAZADO (Riesgo Salud/Financiero)
Lucho Huemul Noble,930428X,818243,APROBADO
Juan Condor Rojo,547507X,736102,APROBADO
Sacha Puma Noble,482501X,684450,APROBADO
Juan Gato Rojo,361787X,151141,APROBADO
Matias Puma Gigante,700178X,238810,APROBADO
Francisco Gato Veloz,126280X,347084,APROBADO
Sacha Leon Austral,184409X,714243,APROBADO
Juan Nutria Rojo,940012X,713168,APROBADO
Francisco Nutria Veloz,986925X,650825,APROBADO
Coty Gato Rojo,517643X,76546,APROBADO
Sacha Gato Rojo,270873X,649625,APROBADO
Juan Gato Rojo,902226X,312209,APROBADO
Juan Ballena Veloz,596130X,633363,RECHAZADO (Riesgo Salud/Financiero)
Maria Nutria Salvage,989847X,194805,APROBADO
Juan Nutria Gigante,374469X,219928,APROBADO
Sacha Condor Veloz,434251X,814071,APROBADO
Pepe Nutria Salvage,118935X,614737,RECHAZADO (Riesgo Salud/Financiero)
Lucho Huemul Gigante,94924X,540735,APROBADO
Juan Condor Sigiloso,962943X,376543,RECHAZADO (Riesgo Salud/Financiero)
Maria Huemul Veloz,517133X,805150,APROBADO
Juan Gato Rojo,527865X,32224,APROBADO
Juan Puma Salvage,904950X,422728,APROBADO
Lucho Leon Gigante,477343X,569584,APROBADO
Juan Nutria Noble,343696X,387914,APROBADO
Maria Nutria Audaz,939416X,747406,APROBADO
Lucho Condor Salvage,782540X,539629,APROBADO
Juan Ballena Salvage,420659X,453621,APROBADO
Coty Huemul Veloz,383830X,861807,APROBADO
Francisco Gato Salvage,709272X,396965,APROBADO
Sacha Nutria Gigante,673860X,555007,APROBADO
Lucho Perro Rojo,839736X,348774,APROBADO
Pancha Puma Sigiloso,893640X,679788,APROBADO
Maria Puma Veloz,837659X,662153,RECHAZADO (Riesgo Salud/Financiero)
Juan Leon Audaz,843020X,211691,APROBADO
Lucho Perro Sigiloso,970355X,365348,RECHAZADO (Riesgo Salud/Financiero)
Juan Condor Noble,586874X,652077,APROBADO
Sacha Leon Salvage,672308X,396833,RECHAZADO (Riesgo Salud/Financiero)
Sacha Gato Sigiloso,410954X,94603,APROBADO
Sacha Perro Salvage,855395X,582098,APROBADO
Maria Condor Salvage,809626X,559589,APROBADO
Matias Condor Rojo,781825X,760925,APROBADO
Francisco Perro Audaz,894422X,281687,APROBADO
Lucho Gato Gigante,342175X,323340,RECHAZADO (Riesgo Salud/Financiero)
Francisco Condor Gigante,476313X,896838,APROBADO
Pepe Gato Veloz,867972X,58212,APROBADO
Juan Nutria Salvage,338327X,803623,APROBADO
Maria Leon Austral,735641X,484139,RECHAZADO (Riesgo Salud/Financiero)
Pancha Puma Austral,414738X,219033,RECHAZADO (Riesgo Salud/Financiero)
Francisco Leon Audaz,382475X,119727,APROBADO
Maria Gato Austral,813631X,115780,APROBADO
Pepe Nutria Austral,110419X,573925,APROBADO
Juan Puma Salvage,688865X,412426,APROBADO
Sacha Gato Audaz,511693X,480733,RECHAZADO (Riesgo Salud/Financiero)
Matias Leon Noble,925338X,250705,RECHAZADO (Riesgo Salud/Financiero)
Juan Zorro Noble,256829X,45075,APROBADO
Pepe Nutria Noble,165214X,272591,RECHAZADO (Riesgo Salud/Financiero)
Pepe Nutria Gigante,651307X,304578,APROBADO
Matias Zorro Salvage,381340X,668003,RECHAZADO (Riesgo Salud/Financiero)
Maria Puma Sigiloso,231337X,335370,RECHAZADO (Riesgo Salud/Financiero)
Pepe Perro Audaz,212604X,186550,APROBADO
Sacha Puma Salvage,240115X,142092,APROBADO
Pancha Leon Sigiloso,527556X,570234,APROBADO
Juan Perro Sigiloso,89076X,890795,APROBADO
Matias Zorro Veloz,244193X,875400,RECHAZADO (Riesgo Salud/Financiero)
Juan Leon Gigante,414931X,653141,APROBADO
Coty Zorro Noble,170745X,288921,APROBADO
Juan Zorro Austral,190152X,606478,APROBADO
Coty Gato Gigante,512194X,807958,RECHAZADO (Riesgo Salud/Financiero)
Sacha Huemul Austral,850435X,544550,APROBADO
Pancha Puma Austral,865333X,739402,APROBADO
Coty Puma Rojo,735236X,102615,APROBADO
Matias Huemul Austral,197606X,834414,APROBADO
Coty Perro Rojo,571165X,848911,APROBADO
Pancha Puma Audaz,242017X,633152,APROBADO
Maria Perro Veloz,125938X,285271,APROBADO
Sacha Ballena Gigante,935541X,404292,APROBADO
Maria Leon Noble,845367X,135348,APROBADO
Matias Condor Rojo,592180X,43441,APROBADO
Pepe Perro Veloz,562118X,144760,APROBADO
Coty Zorro Noble,84487X,512437,APROBADO
Pepe Puma Audaz,256376X,44700,APROBADO
Matias Leon Noble,755861X,529270,APROBADO
Pancha Nutria Audaz,445379X,826884,APROBADO
Matias Condor Noble,654149X,161335,RECHAZADO (Riesgo Salud/Financiero)
Pepe Condor Veloz,279011X,789491,APROBADO
Juan Condor Sigiloso,983497X,246468,APROBADO
Francisco Gato Gigante,961545X,650340,RECHAZADO (Riesgo Salud/Financiero)
Maria Condor Gigante,797967X,195419,RECHAZADO (Riesgo Salud/Financiero)
Pancha Perro Veloz,184413X,89804,APROBADO
Coty Nutria Salvage,654911X,822257,APROBADO
Sacha Leon Salvage,488746X,408087,APROBADO
Sacha Ballena Gigante,383834X,357059,APROBADO
Coty Nutria Gigante,841063X,533804,APROBADO
Francisco Leon Veloz,677152X,511816,APROBADO
Pancha Nutria Veloz,547330X,295920,APROBADO
Lucho Perro Salvage,878303X,899830,APROBADO
Matias Perro Gigante,712701X,677041,APROBADO
Coty Ballena Veloz,643134X,707512,RECHAZADO (Riesgo Salud/Financiero)
Juan Condor Austral,250398X,282136,APROBADO
Coty Zorro Austral,761088X,886061,RECHAZADO (Riesgo Salud/Financiero)
Pancha Condor Veloz,293151X,711824,APROBADO
Matias Huemul Austral,295603X,258541,APROBADO
Francisco Ballena Gigante,65638X,211809,RECHAZADO (Riesgo Salud/Financiero)
Lucho Huemul Audaz,254881X,193878,RECHAZADO (Riesgo Salud/Financiero)
Maria Ballena Noble,759721X,110317,APROBADO
Coty Perro Sigiloso,41127X,890645,APROBADO
Pepe Nutria Rojo,212457X,842708,RECHAZADO (Riesgo Salud/Financiero)
Pancha Huemul Audaz,483676X,334193,APROBADO
Matias Puma Gigante,937991X,797109,APROBADO
Juan Nutria Austral,107084X,622984,APROBADO
Lucho Leon Gigante,987072X,354089,APROBADO
Sacha Leon Noble,629631X,377872,RECHAZADO (Riesgo Salud/Financiero)
Matias Huemul Noble,350542X,585571,APROBADO
Juan Perro Sigiloso,26818X,565026,APROBADO
Juan Condor Sigiloso,568623X,99727,APROBADO
Coty Puma Noble,931100X,330550,APROBADO
Francisco Huemul Sigiloso,240501X,152555,APROBADO
Francisco Ballena Veloz,767744X,277283,APROBADO
Pepe Puma Noble,823143X,300880,APROBADO
Coty Huemul Audaz,28509X,180770,APROBADO
Maria Condor Salvage,525661X,449600,APROBADO
Pepe Leon Salvage,954144X,810952,APROBADO
Sacha Puma Sigiloso,362806X,767679,APROBADO
Maria Perro Audaz,45154X,309420,APROBADO
Lucho Condor Gigante,416512X,824361,APROBADO
Juan Zorro Austral,516832X,839093,APROBADO
Juan Gato Sigiloso,333554X,283432,APROBADO
Juan Puma Sigiloso,481465X,897467,RECHAZADO (Riesgo Salud/Financiero)
Pancha Puma Gigante,347651X,218157,APROBADO
Coty Puma Salvage,324122X,601457,APROBADO
Sacha Leon Rojo,476231X,193725,APROBADO
Pepe Zorro Austral,643384X,508251,APROBADO
Lucho Nutria Salvage,360802X,868213,APROBADO
Pepe Gato Salvage,799408X,472727,APROBADO
Lucho Huemul Rojo,859698X,515162,APROBADO
Coty Condor Sigiloso,401522X,547595,RECHAZADO (Riesgo Salud/Financiero)
Lucho Ballena Veloz,841188X,561730,APROBADO
Pepe Gato Veloz,957610X,368140,APROBADO
Matias Gato Gigante,221460X,254619,APROBADO
Francisco Puma Noble,179076X,852136,APROBADO
Francisco Zorro Gigante,318931X,611422,APROBADO
Coty Ballena Rojo,969567X,192716,APROBADO
Coty Huemul Sigiloso,490013X,711570,APROBADO
Maria Leon Noble,934114X,741482,APROBADO
Coty Zorro Salvage,708549X,620161,APROBADO
Sacha Huemul Audaz,723772X,218235,APROBADO
Lucho Huemul Sigiloso,459444X,521171,APROBADO
Pancha Condor Gigante,878180X,153432,RECHAZADO (Riesgo Salud/Financiero)
Coty Huemul Audaz,20949X,323060,APROBADO
Coty Huemul Gigante,268562X,185136,RECHAZADO (Riesgo Salud/Financiero)
Lucho Gato Veloz,673440X,860991,RECHAZADO (Riesgo Salud/Financiero)
Lucho Perro Noble,900241X,651839,APROBADO
Coty Perro Austral,902825X,184508,APROBADO
Lucho Nutria Austral,621433X,860785,APROBADO
Lucho Puma Veloz,795929X,20160,APROBADO
Lucho Ballena Gigante,751599X,782384,APROBADO
Pancha Ballena Rojo,208350X,345830,APROBADO
Maria Huemul Gigante,513689X,754990,APROBADO
Francisco Huemul Sigiloso,307463X,684354,APROBADO
Lucho Condor Austral,347437X,368292,RECHAZADO (Riesgo Salud/Financiero)
Juan Leon Rojo,640541X,428852,APROBADO
Sacha Puma Audaz,408473X,745512,APROBADO
Sacha Perro Veloz,446154X,88859,APROBADO
Sacha Nutria Audaz,895370X,156466,RECHAZADO (Riesgo Salud/Financiero)
Juan Perro Veloz,950437X,816722,APROBADO
Maria Puma Salvage,735468X,776683,APROBADO
Juan Zorro Veloz,601990X,44734,APROBADO
Matias Zorro Austral,815856X,871175,APROBADO
Francisco Ballena Sigiloso,21139X,231074,APROBADO
Lucho Zorro Noble,456892X,131462,APROBADO
Coty Perro Noble,809772X,90143,APROBADO
Coty Puma Austral,835538X,537811,RECHAZADO (Riesgo Salud/Financiero)
Matias Zorro Gigante,379962X,845752,RECHAZADO (Riesgo Salud/Financiero)
Pepe Condor Noble,448636X,705140,APROBADO
Matias Zorro Gigante,803463X,303184,APROBADO
Matias Puma Gigante,905959X,714749,APROBADO
Lucho Leon Sigiloso,401623X,899312,APROBADO
Juan Nutria Sigiloso,524744X,576841,APROBADO
Juan Condor Salvage,300041X,155500,APROBADO
Sacha Huemul Salvage,389399X,288593,APROBADO
Pancha Gato Audaz,441626X,553883,APROBADO
Maria Puma Veloz,467348X,106026,APROBADO
Lucho Gato Gigante,13457X,483017,APROBADO
Matias Gato Audaz,665275X,589075,APROBADO
Coty Gato Audaz,80613X,564550,APROBADO
Lucho Nutria Rojo,867592X,589454,APROBADO
Juan Nutria Salvage,147149X,277952,APROBADO
Sacha Huemul Sigiloso,173119X,151266,APROBADO
Francisco Gato Salvage,16872X,243338,RECHAZADO (Riesgo Salud/Financiero)
Francisco Ballena Rojo,677751X,171524,APROBADO
Sacha Gato Sigiloso,919479X,522664,APROBADO
Sacha Perro Veloz,767599X,46118,RECHAZADO (Riesgo Salud/Financiero)
Sacha Perro Veloz,591303X,699211,APROBADO
Sacha Perro Noble,86762X,530362,APROBADO
Lucho Ballena Rojo,616889X,431704,APROBADO
Sacha Perro Salvage,368456X,616904,RECHAZADO (Riesgo Salud/Financiero)
Maria Puma Gigante,943806X,582284,RECHAZADO (Riesgo Salud/Financiero)
Coty Nutria Veloz,714011X,627869,APROBADO
Pepe Gato Veloz,856731X,345687,APROBADO
Francisco Zorro Austral,46565X,420130,APROBADO
Pancha Zorro Salvage,33377X,456969,APROBADO
Francisco Gato Noble,53043X,599967,RECHAZADO (Riesgo Salud/Financiero)
Pancha Ballena Gigante,374616X,641869,APROBADO
Sacha Perro Salvage,405839X,629781,APROBADO
Pancha Perro Salvage,74316X,326049,RECHAZADO (Riesgo Salud/Financiero)
Matias Condor Austral,283051X,741702,APROBADO
Pancha Leon Sigiloso,819861X,341250,APROBADO
Pepe Huemul Sigiloso,595753X,217917,APROBADO
Sacha Condor Rojo,739342X,862808,APROBADO
Sacha Ballena Austral,763619X,764038,APROBADO
Maria Puma Austral,43898X,215323,APROBADO
Maria Perro Veloz,256009X,794157,APROBADO
Matias Puma Rojo,63198X,525276,APROBADO
Lucho Gato Veloz,466253X,564705,APROBADO
Matias Huemul Noble,257623X,664690,APROBADO
Juan Leon Gigante,720088X,478226,APROBADO
Lucho Leon Veloz,705226X,697463,RECHAZADO (Riesgo Salud/Financiero)
Pancha Zorro Gigante,595066X,438736,APROBADO
Maria Perro Salvage,697221X,675839,APROBADO
Pepe Nutria Rojo,734051X,785822,APROBADO
Lucho Nutria Austral,603062X,750610,RECHAZADO (Riesgo Salud/Financiero)
Juan Ballena Gigante,584425X,256709,APROBADO
Coty Huemul Austral,639038X,615221,APROBADO
Maria Ballena Austral,514607X,896735,APROBADO
Juan Gato Noble,457601X,584970,APROBADO
Francisco Puma Sigiloso,529543X,898660,APROBADO
Coty Puma Sigiloso,323305X,119808,APROBADO
Pepe Ballena Audaz,622513X,483067,RECHAZADO (Riesgo Salud/Financiero)
Pepe Leon Austral,195754X,211672,APROBADO
Francisco Ballena Audaz,89294X,86070,APROBADO
Pancha Leon Austral,616082X,694674,APROBADO
Maria Huemul Gigante,725134X,830683,APROBADO
Coty Zorro Sigiloso,781809X,755140,RECHAZADO (Riesgo Salud/Financiero)
Coty Nutria Veloz,868243X,565071,APROBADO
Pepe Perro Veloz,250933X,450955,APROBADO
Maria Ballena Veloz,838046X,72151,APROBADO
Pepe Zorro Salvage,963128X,68492,APROBADO
Juan Condor Austral,333997X,333162,RECHAZADO (Riesgo Salud/Financiero)
Maria Nutria Salvage,61170X,206914,RECHAZADO (Riesgo Salud/Financiero)
Coty Ballena Noble,129947X,463631,RECHAZADO (Riesgo Salud/Financiero)
Juan Leon Gigante,114348X,180929,RECHAZADO (Riesgo Salud/Financiero)
Pancha Gato Rojo,479937X,96275,RECHAZADO (Riesgo Salud/Financiero)
Coty Zorro Audaz,458964X,180064,APROBADO
Coty Condor Sigiloso,385494X,630057,APROBADO
Pancha Gato Veloz,740395X,505934,APROBADO
Pepe Puma Audaz,656030X,222785,APROBADO
Maria Puma Sigiloso,716332X,458284,APROBADO
Pancha Leon Austral,477025X,29568,RECHAZADO (Riesgo Salud/Financiero)
Francisco Zorro Veloz,956013X,859068,RECHAZADO (Riesgo Salud/Financiero)
Coty Condor Salvage,479142X,809403,APROBADO
Francisco Gato Gigante,239287X,784391,APROBADO
Francisco Gato Rojo,128954X,330853,RECHAZADO (Riesgo Salud/Financiero)
Coty Leon Rojo,214553X,765351,APROBADO
Pepe Ballena Gigante,675501X,548171,APROBADO
Coty Gato Gigante,412323X,86715,APROBADO
Juan Zorro Austral,923902X,501086,RECHAZADO (Riesgo Salud/Financiero)
Pancha Zorro Noble,735252X,689002,APROBADO
Pancha Huemul Audaz,721409X,661134,APROBADO
Francisco Huemul Audaz,101045X,594173,APROBADO
Pancha Huemul Noble,621258X,742367,APROBADO
Coty Zorro Sigiloso,739580X,877118,APROBADO
Matias Condor Veloz,338449X,648423,APROBADO
Lucho Perro Gigante,884930X,143704,APROBADO
Maria Nutria Veloz,76260X,593847,APROBADO
Juan Ballena Noble,873475X,733415,APROBADO
Francisco Nutria Audaz,216140X,578364,APROBADO
Pepe Gato Veloz,477438X,217844,APROBADO
Coty Zorro Rojo,604218X,794744,RECHAZADO (Riesgo Salud/Financiero)
Sacha Puma Gigante,425447X,260786,APROBADO
Sacha Zorro Veloz,287943X,375565,APROBADO
Sacha Zorro Noble,236402X,766197,APROBADO
Coty Zorro Austral,722924X,200526,APROBADO
Juan Perro Gigante,371858X,885059,APROBADO
Pepe Ballena Audaz,853881X,386731,APROBADO
Francisco Ballena Sigiloso,66732X,872971,APROBADO
Sacha Condor Austral,145411X,65775,APROBADO
Lucho Ballena Gigante,877986X,451898,RECHAZADO (Riesgo Salud/Financiero)
Coty Huemul Audaz,619499X,760945,APROBADO
Maria Perro Gigante,42372X,604732,APROBADO
Matias Perro Noble,373087X,328467,APROBADO
Juan Leon Austral,526281X,639288,APROBADO
Pepe Leon Salvage,223905X,414916,APROBADO
Pancha Ballena Rojo,585102X,341935,RECHAZADO (Riesgo Salud/Financiero)
Coty Perro Audaz,291322X,703210,RECHAZADO (Riesgo Salud/Financiero)
Pancha Condor Gigante,282548X,153648,APROBADO
Coty Condor Veloz,492339X,403493,RECHAZADO (Riesgo Salud/Financiero)
Pancha Zorro Veloz,419197X,42894,APROBADO
Juan Gato Sigiloso,248622X,715040,APROBADO
Sacha Zorro Noble,195002X,894972,APROBADO
Juan Nutria Sigiloso,254553X,262163,APROBADO
Matias Puma Rojo,300632X,169254,APROBADO
Coty Perro Rojo,573158X,20532,APROBADO
Lucho Gato Salvage,202692X,90375,APROBADO
Juan Perro Salvage,712835X,240664,APROBADO
Juan Puma Audaz,773423X,661033,RECHAZADO (Riesgo Salud/Financiero)
Maria Zorro Rojo,691510X,160699,APROBADO
Matias Gato Veloz,723965X,797808,APROBADO
Francisco Huemul Gigante,51376X,529385,APROBADO
Sacha Leon Audaz,253858X,752892,APROBADO
Maria Nutria Noble,177984X,568813,APROBADO
Pepe Perro Noble,218771X,540875,APROBADO
Pepe Gato Sigiloso,478180X,773147,APROBADO
Sacha Puma Gigante,676102X,282355,APROBADO
Coty Perro Gigante,575758X,466526,RECHAZADO (Riesgo Salud/Financiero)
Lucho Ballena Audaz,428475X,705303,APROBADO
Maria Leon Sigiloso,926125X,839632,APROBADO
Pancha Nutria Veloz,877885X,471816,APROBADO
Lucho Perro Rojo,677701X,338041,APROBADO
Juan Condor Audaz,950774X,189990,APROBADO
Coty Nutria Audaz,421383X,636813,APROBADO
Coty Nutria Sigiloso,922898X,218451,RECHAZADO (Riesgo Salud/Financiero)
Sacha Puma Noble,788622X,333854,RECHAZADO (Riesgo Salud/Financiero)
Sacha Huemul Austral,522767X,43403,APROBADO
Sacha Nutria Audaz,614891X,675629,APROBADO
Maria Nutria Austral,69921X,891414,RECHAZADO (Riesgo Salud/Financiero)
Coty Gato Audaz,158439X,719596,APROBADO
Maria Leon Gigante,272269X,463857,APROBADO
Juan Puma Noble,841193X,883855,APROBADO
Juan Ballena Austral,951138X,134949,APROBADO
Pepe Perro Salvage,576039X,867712,RECHAZADO (Riesgo Salud/Financiero)
Pepe Condor Rojo,452910X,433654,APROBADO
Coty Nutria Salvage,49751X,94908,APROBADO
Juan Zorro Noble,19667X,108759,RECHAZADO (Riesgo Salud/Financiero)
Matias Condor Veloz,922663X,482684,APROBADO
Lucho Nutria Sigiloso,634023X,82808,APROBADO
Lucho Ballena Veloz,407907X,784432,RECHAZADO (Riesgo Salud/Financiero)
Francisco Perro Audaz,911175X,618825,RECHAZADO (Riesgo Salud/Financiero)
Juan Condor Austral,55360X,413095,RECHAZADO (Riesgo Salud/Financiero)
Coty Ballena Salvage,561619X,468700,RECHAZADO (Riesgo Salud/Financiero)
Matias Nutria Sigiloso,65458X,235846,APROBADO
Juan Puma Audaz,720423X,665619,RECHAZADO (Riesgo Salud/Financiero)
Maria Leon Veloz,179418X,626494,RECHAZADO (Riesgo Salud/Financiero)
Matias Perro Salvage,847930X,433943,APROBADO
Coty Zorro Salvage,817174X,727507,APROBADO
Sacha Nutria Rojo,151478X,806783,RECHAZADO (Riesgo Salud/Financiero)
Pancha Puma Salvage,219202X,62109,APROBADO
Juan Perro Sigiloso,941111X,777132,APROBADO
Pepe Nutria Audaz,934803X,745966,APROBADO
Lucho Huemul Austral,712439X,445442,APROBADO
Sacha Perro Audaz,131623X,852542,RECHAZADO (Riesgo Salud/Financiero)
Sacha Gato Audaz,7013X,41595,APROBADO
Francisco Nutria Veloz,242772X,170353,RECHAZADO (Riesgo Salud/Financiero)
Matias Ballena Veloz,119743X,307261,RECHAZADO (Riesgo Salud/Financiero)
Sacha Gato Sigiloso,547765X,603909,APROBADO
Maria Puma Austral,48547X,295939,APROBADO
Coty Puma Sigiloso,248104X,553283,APROBADO
Lucho Perro Veloz,55238X,685359,APROBADO
Pancha Leon Noble,892704X,495542,RECHAZADO (Riesgo Salud/Financiero)
Sacha Condor Audaz,498949X,51441,APROBADO
Pepe Puma Salvage,431095X,395135,APROBADO
Pancha Perro Rojo,17308X,651606,APROBADO
Francisco Nutria Austral,995903X,40327,APROBADO
Coty Nutria Austral,720283X,467589,APROBADO
Pancha Zorro Veloz,324263X,858766,APROBADO
Sacha Nutria Audaz,210404X,373608,APROBADO
Coty Perro Noble,721632X,491643,APROBADO
Coty Condor Gigante,275226X,107156,RECHAZADO (Riesgo Salud/Financiero)
Coty Gato Rojo,921553X,809343,RECHAZADO (Riesgo Salud/Financiero)
Sacha Puma Sigiloso,976242X,191274,APROBADO
Maria Puma Noble,992320X,48912,APROBADO
Pepe Perro Noble,967267X,483989,APROBADO
Pancha Nutria Audaz,978257X,836355,APROBADO
Sacha Nutria Austral,420571X,710565,APROBADO
Coty Huemul Veloz,188397X,663241,RECHAZADO (Riesgo Salud/Financiero)
Francisco Condor Noble,625359X,714319,APROBADO
Matias Leon Sigiloso,313477X,625268,APROBADO
Sacha Leon Salvage,529630X,579588,RECHAZADO (Riesgo Salud/Financiero)
Sacha Huemul Gigante,691485X,68860,APROBADO
Pancha Huemul Audaz,215448X,205630,APROBADO
Maria Huemul Sigiloso,468431X,232892,APROBADO
Francisco Huemul Audaz,959533X,795988,APROBADO
Pepe Huemul Noble,211063X,20641,APROBADO
Sacha Gato Rojo,238114X,637637,APROBADO
Francisco Ballena Rojo,14568X,236446,APROBADO
Sacha Zorro Salvage,796013X,513924,APROBADO
Pancha Huemul Sigiloso,655786X,699787,APROBADO
Juan Zorro Veloz,132433X,284099,RECHAZADO (Riesgo Salud/Financiero)
Coty Gato Gigante,655020X,116324,APROBADO
Lucho Puma Austral,483600X,520287,APROBADO
Francisco Condor Rojo,766886X,42030,RECHAZADO (Riesgo Salud/Financiero)
Sacha Puma Veloz,169237X,89932,APROBADO
Francisco Perro Austral,513501X,589524,APROBADO
Pepe Gato Veloz,453656X,880220,APROBADO
Maria Leon Rojo,56341X,806105,APROBADO
Pancha Huemul Salvage,659922X,729406,APROBADO
Juan Nutria Rojo,153367X,242543,APROBADO
Maria Zorro Sigiloso,408113X,435731,APROBADO
Matias Ballena Austral,118360X,717626,APROBADO
Matias Zorro Veloz,69110X,707567,APROBADO
Francisco Huemul Sigiloso,262634X,108376,APROBADO
Pancha Zorro Veloz,470799X,58608,APROBADO
Francisco Leon Audaz,648961X,363146,APROBADO
Maria Huemul Sigiloso,490460X,514801,RECHAZADO (Riesgo Salud/Financiero)
Coty Perro Salvage,299737X,576987,APROBADO
Pepe Nutria Sigiloso,730363X,66175,APROBADO
Sacha Zorro Salvage,768805X,271861,APROBADO
Francisco Nutria Sigiloso,928465X,776488,APROBADO
Pancha Zorro Gigante,554108X,733588,APROBADO
Maria Puma Audaz,542908X,648626,APROBADO
Coty Condor Audaz,252865X,94993,RECHAZADO (Riesgo Salud/Financiero)
Matias Puma Noble,9850X,95267,APROBADO
Coty Huemul Rojo,803664X,459687,APROBADO
Pepe Puma Veloz,284844X,852897,APROBADO
Maria Condor Rojo,924407X,417234,APROBADO
Coty Gato Audaz,625673X,375820,APROBADO
Sacha Leon Sigiloso,551475X,411679,APROBADO
Lucho Leon Austral,702470X,721919,RECHAZADO (Riesgo Salud/Financiero)
Coty Puma Sigiloso,375422X,341370,RECHAZADO (Riesgo Salud/Financiero)
Coty Zorro Noble,456629X,367448,RECHAZADO (Riesgo Salud/Financiero)
Matias Gato Veloz,652863X,808100,APROBADO
Coty Huemul Austral,242188X,306351,APROBADO
Francisco Zorro Gigante,388117X,599581,APROBADO
Lucho Nutria Noble,130174X,471339,APROBADO
Sacha Gato Gigante,156101X,192990,APROBADO
Francisco Perro Audaz,523180X,223098,APROBADO
Coty Zorro Austral,809897X,504043,APROBADO
Pepe Nutria Salvage,273533X,760569,APROBADO
Juan Puma Gigante,375522X,379660,APROBADO
Pepe Condor Audaz,772954X,170817,RECHAZADO (Riesgo Salud/Financiero)
Juan Huemul Rojo,482372X,119297,APROBADO
Maria Perro Audaz,273958X,733842,RECHAZADO (Riesgo Salud/Financiero)
Matias Ballena Noble,560664X,326989,APROBADO
Maria Condor Austral,589788X,565790,APROBADO
Francisco Condor Rojo,600427X,804139,APROBADO
Pancha Huemul Gigante,910549X,297267,APROBADO
Coty Nutria Veloz,745912X,74710,APROBADO
Juan Zorro Gigante,540356X,775756,RECHAZADO (Riesgo Salud/Financiero)
Francisco Ballena Gigante,761156X,62287,APROBADO
Lucho Gato Sigiloso,721502X,525098,APROBADO
Pepe Puma Rojo,190690X,405033,APROBADO
Matias Perro Austral,831663X,256569,APROBADO
Maria Zorro Noble,365468X,123894,APROBADO
Lucho Gato Salvage,103128X,285219,APROBADO
Maria Nutria Rojo,491861X,578934,APROBADO
Matias Nutria Rojo,379501X,659438,APROBADO
Coty Puma Rojo,677035X,273388,APROBADO
Maria Leon Austral,942614X,323773,APROBADO
Maria Leon Noble,958769X,558299,RECHAZADO (Riesgo Salud/Financiero)
Sacha Ballena Rojo,351850X,309623,APROBADO
Francisco Leon Sigiloso,632193X,156567,APROBADO
Pancha Condor Austral,893273X,407970,APROBADO
Pancha Condor Austral,264058X,230349,RECHAZADO (Riesgo Salud/Financiero)
Sacha Gato Veloz,476048X,266374,APROBADO
Pepe Gato Austral,446432X,262580,RECHAZADO (Riesgo Salud/Financiero)
Sacha Zorro Salvage,89568X,364564,APROBADO
Pepe Condor Austral,604540X,209675,RECHAZADO (Riesgo Salud/Financiero)
Lucho Perro Veloz,567383X,253912,RECHAZADO (Riesgo Salud/Financiero)
Francisco Ballena Noble,414522X,765022,APROBADO
Coty Nutria Sigiloso,393747X,394432,APROBADO
Pepe Perro Gigante,343226X,68040,APROBADO
Maria Gato Veloz,965172X,64223,RECHAZADO (Riesgo Salud/Financiero)
Francisco Zorro Audaz,257909X,51917,APROBADO
Pancha Condor Noble,527418X,63797,RECHAZADO (Riesgo Salud/Financiero)
Sacha Huemul Gigante,996711X,790348,APROBADO
Lucho Ballena Veloz,761006X,868025,APROBADO
Pancha Gato Salvage,304141X,72097,APROBADO
Pepe Perro Rojo,243749X,67039,APROBADO
Maria Puma Noble,898186X,632811,RECHAZADO (Riesgo Salud/Financiero)
Lucho Puma Salvage,331457X,701204,APROBADO
Francisco Condor Veloz,43664X,895840,RECHAZADO (Riesgo Salud/Financiero)
Matias Ballena Sigiloso,969199X,705455,APROBADO
Coty Puma Gigante,363532X,111990,APROBADO
Maria Nutria Rojo,947763X,524921,RECHAZADO (Riesgo Salud/Financiero)
Pepe Gato Sigiloso,366583X,48318,RECHAZADO (Riesgo Salud/Financiero)
Pancha Leon Veloz,879952X,760434,RECHAZADO (Riesgo Salud/Financiero)
Coty Huemul Gigante,478358X,90782,APROBADO
Sacha Leon Salvage,569621X,71698,RECHAZADO (Riesgo Salud/Financiero)
Coty Perro Austral,950837X,881753,APROBADO
Pancha Nutria Noble,980578X,729366,APROBADO
Maria Condor Gigante,944948X,840927,APROBADO
Pepe Puma Veloz,35897X,541905,APROBADO
Pancha Nutria Gigante,674665X,445642,RECHAZADO (Riesgo Salud/Financiero)
Coty Leon Austral,805268X,782796,APROBADO
Matias Perro Gigante,160556X,116040,APROBADO
Francisco Leon Gigante,201053X,560829,APROBADO
Pancha Nutria Veloz,408435X,227827,APROBADO
Maria Zorro Austral,605294X,659399,RECHAZADO (Riesgo Salud/Financiero)
Francisco Ballena Salvage,674859X,687855,APROBADO
Sacha Condor Salvage,232891X,364601,APROBADO
Lucho Condor Audaz,488170X,183754,APROBADO
Pancha Zorro Sigiloso,455524X,882969,APROBADO
Sacha Leon Gigante,888763X,301954,RECHAZADO (Riesgo Salud/Financiero)
Francisco Huemul Noble,692950X,892106,APROBADO
Lucho Ballena Audaz,898168X,144254,RECHAZADO (Riesgo Salud/Financiero)
Matias Huemul Sigiloso,332013X,471745,RECHAZADO (Riesgo Salud/Financiero)
Maria Leon Veloz,838771X,437976,APROBADO
Sacha Nutria Noble,85036X,863774,APROBADO
Juan Perro Audaz,907496X,66584,APROBADO
Pancha Perro Noble,923287X,607082,APROBADO
Juan Leon Gigante,980552X,151608,APROBADO
Francisco Perro Austral,629842X,94584,APROBADO
Juan Nutria Audaz,166840X,871279,APROBADO
Juan Gato Gigante,350524X,360387,APROBADO
Pancha Leon Noble,400288X,820015,APROBADO
Matias Zorro Audaz,938028X,468664,APROBADO
Francisco Huemul Salvage,939934X,277168,RECHAZADO (Riesgo Salud/Financiero)
Coty Huemul Sigiloso,487760X,125715,RECHAZADO (Riesgo Salud/Financiero)
Pancha Leon Salvage,328620X,456084,APROBADO
Coty Huemul Noble,399402X,106381,APROBADO
Pancha Gato Gigante,416659X,797288,APROBADO
Sacha Puma Salvage,275682X,796323,APROBADO
Coty Ballena Gigante,423497X,757995,APROBADO
Maria Perro Veloz,66528X,422365,RECHAZADO (Riesgo Salud/Financiero)
Francisco Ballena Sigiloso,107067X,271910,APROBADO
Juan Condor Austral,21096X,100587,APROBADO
Sacha Condor Rojo,463097X,528228,APROBADO
Lucho Zorro Austral,192662X,361481,APROBADO
Sacha Nutria Rojo,101856X,544407,APROBADO
Pancha Ballena Austral,602448X,130921,APROBADO
Pepe Huemul Audaz,301464X,340657,APROBADO
Coty Zorro Noble,794324X,773469,APROBADO
Sacha Perro Salvage,18856X,644992,APROBADO
Sacha Huemul Noble,949598X,275589,APROBADO
Pancha Nutria Veloz,980637X,130124,APROBADO
Pepe Zorro Austral,34393X,609377,APROBADO
Matias Ballena Austral,297639X,187574,APROBADO
Maria Puma Sigiloso,7927X,777680,APROBADO
Pepe Zorro Noble,491384X,301339,APROBADO
Francisco Zorro Rojo,719484X,441228,RECHAZADO (Riesgo Salud/Financiero)
Matias Leon Veloz,117199X,267569,APROBADO
Matias Condor Audaz,647588X,397460,APROBADO
Matias Condor Rojo,563178X,103134,APROBADO
Juan Leon Noble,5275X,585196,RECHAZADO (Riesgo Salud/Financiero)
Maria Condor Austral,427425X,838170,APROBADO
Pepe Perro Salvage,407076X,513106,APROBADO
Maria Condor Veloz,356719X,327951,APROBADO
Coty Zorro Austral,366868X,475094,RECHAZADO (Riesgo Salud/Financiero)
Francisco Gato Austral,104798X,206375,APROBADO
Pepe Ballena Audaz,391284X,123940,APROBADO
Matias Leon Rojo,656582X,371872,APROBADO
Lucho Ballena Audaz,661429X,281017,APROBADO
Pancha Leon Salvage,61021X,451283,APROBADO
Matias Ballena Gigante,886644X,866289,RECHAZADO (Riesgo Salud/Financiero)
Juan Huemul Salvage,128942X,544648,APROBADO
Sacha Condor Gigante,47821X,792247,APROBADO
Pancha Ballena Rojo,269846X,448771,APROBADO
Pancha Nutria Sigiloso,773369X,153204,APROBADO
Juan Gato Salvage,117439X,62287,APROBADO
Maria Leon Veloz,7414X,821632,APROBADO
Matias Puma Veloz,53117X,828519,APROBADO
Coty Ballena Sigiloso,550884X,172375,RECHAZADO (Riesgo Salud/Financiero)
Francisco Nutria Gigante,850580X,188802,RECHAZADO (Riesgo Salud/Financiero)
Coty Zorro Veloz,959814X,640512,RECHAZADO (Riesgo Salud/Financiero)
Pancha Huemul Veloz,717829X,790399,APROBADO
Lucho Leon Noble,189651X,832971,APROBADO
Coty Ballena Gigante,711739X,895133,APROBADO
Matias Ballena Audaz,121548X,37523,RECHAZADO (Riesgo Salud/Financiero)
Sacha Nutria Salvage,636816X,822195,APROBADO
Pepe Ballena Veloz,961400X,410861,APROBADO
Matias Puma Veloz,170783X,760460,APROBADO
Juan Condor Veloz,328279X,417609,APROBADO
Pancha Huemul Noble,777045X,468504,APROBADO
Pancha Gato Sigiloso,903167X,253164,APROBADO
Lucho Zorro Veloz,533564X,397558,APROBADO
Matias Perro Salvage,596581X,437059,APROBADO
Maria Leon Austral,677397X,382264,APROBADO
Pepe Nutria Audaz,472549X,360610,APROBADO
Juan Huemul Austral,412202X,802193,APROBADO
Juan Huemul Noble,446553X,410424,RECHAZADO (Riesgo Salud/Financiero)
Pancha Zorro Rojo,332222X,832075,APROBADO
Lucho Huemul Salvage,726132X,590537,APROBADO
Lucho Nutria Noble,12046X,397206,APROBADO
Lucho Condor Salvage,586724X,638893,RECHAZADO (Riesgo Salud/Financiero)
Matias Gato Salvage,686788X,731147,APROBADO
Maria Leon Audaz,258875X,894869,APROBADO
Matias Zorro Rojo,156484X,109964,APROBADO
Maria Huemul Gigante,321072X,465585,APROBADO
Pepe Perro Gigante,353192X,480608,APROBADO
Lucho Puma Rojo,405007X,882214,APROBADO
Juan Puma Gigante,625189X,602068,RECHAZADO (Riesgo Salud/Financiero)
Pancha Nutria Audaz,553375X,590876,APROBADO
Juan Huemul Rojo,163044X,48537,RECHAZADO (Riesgo Salud/Financiero)
Maria Nutria Gigante,639802X,643867,RECHAZADO (Riesgo Salud/Financiero)
Lucho Puma Rojo,778278X,884334,RECHAZADO (Riesgo Salud/Financiero)
Matias Perro Austral,267211X,668206,RECHAZADO (Riesgo Salud/Financiero)
Maria Perro Salvage,655846X,867106,APROBADO
Maria Huemul Audaz,40440X,101661,RECHAZADO (Riesgo Salud/Financiero)
Lucho Zorro Audaz,656369X,455414,RECHAZADO (Riesgo Salud/Financiero)
Coty Leon Audaz,54444X,647587,APROBADO
Sacha Gato Sigiloso,553069X,681466,APROBADO
Pancha Leon Austral,685092X,672634,APROBADO
Pepe Gato Salvage,988867X,566487,APROBADO
Pepe Condor Gigante,128012X,127882,APROBADO
Pepe Leon Audaz,615747X,145029,RECHAZADO (Riesgo Salud/Financiero)
Juan Condor Audaz,159548X,722136,RECHAZADO (Riesgo Salud/Financiero)
Maria Gato Gigante,430574X,139390,APROBADO
Maria Zorro Audaz,21608X,307968,APROBADO
Pepe Gato Audaz,579261X,412952,APROBADO
Pepe Condor Austral,640928X,800386,APROBADO
Francisco Gato Gigante,318156X,434872,APROBADO
Pancha Zorro Sigiloso,492246X,841174,APROBADO
Matias Leon Austral,72500X,30470,RECHAZADO (Riesgo Salud/Financiero)
Pancha Ballena Audaz,269713X,55846,APROBADO
Pepe Ballena Audaz,533176X,123993,APROBADO
Lucho Nutria Sigiloso,330084X,177787,RECHAZADO (Riesgo Salud/Financiero)
Juan Leon Austral,9011X,210471,RECHAZADO (Riesgo Salud/Financiero)
Pepe Ballena Austral,113962X,23167,RECHAZADO (Riesgo Salud/Financiero)
Sacha Nutria Salvage,784155X,846871,APROBADO
Sacha Ballena Salvage,469203X,849303,APROBADO
Coty Ballena Rojo,134924X,873868,APROBADO
Sacha Gato Noble,239488X,754374,RECHAZADO (Riesgo Salud/Financiero)
Francisco Zorro Veloz,649183X,246841,APROBADO
Lucho Zorro Sigiloso,980670X,745166,APROBADO
Coty Gato Salvage,926136X,749171,APROBADO
Francisco Nutria Rojo,460376X,729071,APROBADO
Sacha Huemul Salvage,89006X,239808,RECHAZADO (Riesgo Salud/Financiero)
Juan Leon Rojo,844751X,709587,RECHAZADO (Riesgo Salud/Financiero)
Pancha Gato Rojo,765185X,146389,APROBADO
Coty Gato Sigiloso,34727X,334659,APROBADO
Sacha Condor Austral,384766X,248001,APROBADO
Pancha Puma Veloz,5100X,254167,APROBADO
Sacha Condor Gigante,616758X,608515,APROBADO
Matias Condor Audaz,135645X,807976,APROBADO
Coty Ballena Veloz,227908X,685059,APROBADO
Pancha Leon Austral,936044X,435930,APROBADO
Matias Perro Noble,482576X,526415,APROBADO
Pancha Gato Audaz,271438X,64197,APROBADO
Pancha Gato Rojo,857347X,143567,APROBADO
Maria Gato Salvage,865055X,276355,APROBADO
Maria Huemul Salvage,247870X,603407,APROBADO
Francisco Zorro Audaz,468526X,824083,APROBADO
Juan Nutria Salvage,909170X,607403,APROBADO
Francisco Condor Audaz,750190X,555563,APROBADO
Coty Huemul Gigante,879799X,402283,RECHAZADO (Riesgo Salud/Financiero)
Coty Leon Sigiloso,435234X,689600,APROBADO
Maria Perro Sigiloso,947373X,290131,APROBADO
Pepe Zorro Gigante,151949X,787925,APROBADO
Sacha Condor Sigiloso,703597X,201216,RECHAZADO (Riesgo Salud/Financiero)
Lucho Gato Audaz,419475X,318625,APROBADO
Pepe Perro Salvage,868247X,586038,APROBADO
Lucho Zorro Audaz,33397X,761814,RECHAZADO (Riesgo Salud/Financiero)
Coty Puma Veloz,149842X,187630,APROBADO
Pepe Perro Audaz,840036X,824636,APROBADO
Francisco Puma Salvage,608336X,353960,APROBADO
Coty Zorro Salvage,515519X,152464,APROBADO
Pancha Leon Audaz,945569X,612432,APROBADO
Coty Leon Noble,581767X,193155,APROBADO
Coty Puma Rojo,928255X,201852,RECHAZADO (Riesgo Salud/Financiero)
Coty Leon Noble,29022X,693924,APROBADO
Sacha Ballena Sigiloso,281430X,892015,RECHAZADO (Riesgo Salud/Financiero)
Pancha Perro Veloz,279398X,681702,APROBADO
Sacha Gato Austral,898731X,655186,APROBADO
Maria Nutria Audaz,6535X,620676,APROBADO
Coty Gato Austral,373219X,287439,APROBADO
Pepe Leon Rojo,416160X,38813,APROBADO
Matias Gato Noble,795470X,851206,RECHAZADO (Riesgo Salud/Financiero)
Sacha Huemul Sigiloso,942893X,458338,APROBADO
Francisco Ballena Rojo,98937X,496058,APROBADO
Coty Nutria Rojo,521317X,355995,APROBADO
Sacha Ballena Salvage,699991X,327300,RECHAZADO (Riesgo Salud/Financiero)
Sacha Condor Audaz,761657X,862732,APROBADO
Matias Ballena Gigante,829239X,617267,RECHAZADO (Riesgo Salud/Financiero)
Pepe Condor Sigiloso,295746X,805928,APROBADO
Sacha Ballena Gigante,934122X,42252,APROBADO
Pepe Condor Noble,811869X,158756,APROBADO
Pancha Gato Audaz,90554X,747732,APROBADO
Francisco Condor Audaz,989295X,38691,APROBADO
Coty Nutria Sigiloso,630730X,332169,APROBADO
Pancha Condor Noble,603201X,271539,APROBADO
Pancha Perro Gigante,204010X,86610,APROBADO
Pancha Perro Noble,840618X,135091,APROBADO
Lucho Puma Sigiloso,241162X,566597,APROBADO
Francisco Puma Sigiloso,656569X,142736,RECHAZADO (Riesgo Salud/Financiero)
Pancha Leon Audaz,591078X,871943,APROBADO
Matias Condor Rojo,239332X,444033,APROBADO
Pancha Condor Salvage,130181X,303495,APROBADO
Pepe Huemul Noble,871360X,527149,APROBADO
Coty Ballena Veloz,192551X,868836,APROBADO
Lucho Puma Salvage,244433X,143171,APROBADO
Lucho Leon Salvage,612041X,582740,APROBADO
Juan Puma Salvage,185451X,461369,APROBADO
Maria Ballena Audaz,182488X,269696,APROBADO
Maria Nutria Gigante,924603X,493891,APROBADO
Francisco Condor Noble,845512X,318863,APROBADO
Francisco Condor Audaz,306351X,510179,RECHAZADO (Riesgo Salud/Financiero)
Pancha Ballena Audaz,205489X,723218,RECHAZADO (Riesgo Salud/Financiero)
Matias Ballena Veloz,847687X,360150,APROBADO
Pepe Gato Veloz,570522X,784126,RECHAZADO (Riesgo Salud/Financiero)
Lucho Perro Gigante,962604X,834699,APROBADO
Maria Leon Sigiloso,364682X,255892,APROBADO
Francisco Ballena Salvage,384752X,379939,APROBADO
Pancha Gato Noble,264748X,344542,APROBADO
Matias Puma Audaz,753022X,68450,APROBADO
Matias Nutria Austral,221398X,809309,APROBADO
Matias Zorro Veloz,704193X,583364,APROBADO
Sacha Gato Sigiloso,793075X,471645,APROBADO
Coty Condor Austral,422879X,857044,RECHAZADO (Riesgo Salud/Financiero)
Pancha Leon Austral,607947X,189985,APROBADO
Coty Gato Salvage,843511X,122160,APROBADO
Pancha Leon Audaz,553922X,255012,RECHAZADO (Riesgo Salud/Financiero)
Maria Ballena Salvage,834243X,486730,APROBADO
Francisco Condor Gigante,774222X,354207,APROBADO
Coty Gato Noble,427683X,283506,RECHAZADO (Riesgo Salud/Financiero)
Lucho Ballena Audaz,729467X,776091,APROBADO
Francisco Nutria Audaz,293327X,652424,APROBADO
Coty Ballena Audaz,227364X,138649,APROBADO
Lucho Nutria Salvage,148259X,227035,APROBADO
Matias Condor Audaz,816136X,70401,APROBADO
Maria Puma Rojo,964392X,746511,APROBADO
Juan Perro Noble,931673X,160394,APROBADO
Lucho Puma Audaz,528455X,579674,APROBADO
Sacha Leon Salvage,837836X,18888,APROBADO
Pancha Leon Gigante,29224X,80473,APROBADO
Pepe Condor Austral,362451X,213337,APROBADO
Pepe Zorro Salvage,876443X,433956,APROBADO
Coty Perro Audaz,772067X,224408,RECHAZADO (Riesgo Salud/Financiero)
Francisco Perro Austral,44786X,303471,RECHAZADO (Riesgo Salud/Financiero)
Francisco Puma Gigante,416906X,268457,APROBADO
Pepe Ballena Veloz,192673X,638185,APROBADO
Sacha Puma Rojo,76544X,574260,APROBADO
Sacha Ballena Salvage,924589X,84953,APROBADO
Coty Condor Audaz,752074X,660502,RECHAZADO (Riesgo Salud/Financiero)
Pancha Puma Veloz,307990X,807322,APROBADO
Pepe Nutria Sigiloso,344085X,415510,APROBADO
Juan Condor Veloz,808862X,128616,APROBADO
Juan Huemul Rojo,391161X,88879,RECHAZADO (Riesgo Salud/Financiero)
Francisco Ballena Salvage,896500X,843893,APROBADO
Pepe Leon Salvage,691552X,388922,RECHAZADO (Riesgo Salud/Financiero)
Juan Zorro Audaz,993234X,716148,APROBADO
Sacha Perro Gigante,606783X,138059,APROBADO
Francisco Ballena Audaz,241278X,535047,APROBADO
Coty Gato Noble,368496X,720187,RECHAZADO (Riesgo Salud/Financiero)
Sacha Condor Veloz,892234X,640581,APROBADO
Sacha Leon Salvage,535899X,268601,APROBADO
Francisco Ballena Veloz,917168X,187640,APROBADO
Lucho Condor Rojo,391778X,339761,RECHAZADO (Riesgo Salud/Financiero)
Juan Huemul Audaz,951238X,698131,APROBADO
Coty Zorro Gigante,835537X,228104,RECHAZADO (Riesgo Salud/Financiero)
Juan Condor Audaz,465376X,758393,RECHAZADO (Riesgo Salud/Financiero)
Lucho Leon Salvage,117036X,108100,APROBADO
Maria Ballena Rojo,554945X,319209,APROBADO
Lucho Gato Sigiloso,751027X,697089,APROBADO
Pancha Puma Rojo,814527X,737725,RECHAZADO (Riesgo Salud/Financiero)
Maria Gato Austral,842006X,471454,APROBADO
Lucho Gato Sigiloso,694527X,132567,APROBADO
Francisco Zorro Rojo,806783X,519548,APROBADO
Pancha Zorro Gigante,353837X,318754,RECHAZADO (Riesgo Salud/Financiero)
Juan Puma Salvage,524833X,253528,APROBADO
Coty Leon Salvage,635776X,878790,APROBADO
Pancha Nutria Noble,874987X,513080,APROBADO
Pancha Puma Sigiloso,681853X,438379,APROBADO
Francisco Perro Salvage,269292X,78984,APROBADO
Sacha Ballena Noble,276400X,504584,APROBADO
Maria Puma Salvage,394719X,167000,APROBADO
Pepe Huemul Audaz,974539X,330350,APROBADO
Maria Leon Rojo,761754X,729123,APROBADO
Pepe Zorro Veloz,103416X,664414,APROBADO
Pancha Perro Noble,680339X,428280,APROBADO
Coty Nutria Austral,419550X,748502,APROBADO
Matias Nutria Austral,656298X,164974,APROBADO
Lucho Condor Sigiloso,433471X,66058,APROBADO
Matias Huemul Gigante,13057X,597709,APROBADO
Lucho Ballena Austral,841834X,232326,APROBADO
Pepe Perro Noble,28235X,824932,APROBADO
Coty Ballena Noble,40833X,41980,APROBADO
Francisco Ballena Sigiloso,265554X,63459,APROBADO
Coty Huemul Austral,297660X,314603,APROBADO
Francisco Zorro Sigiloso,10781X,522251,APROBADO
Pancha Zorro Noble,746084X,29067,APROBADO
Francisco Ballena Sigiloso,80217X,627958,APROBADO
Pancha Huemul Noble,456395X,99739,RECHAZADO (Riesgo Salud/Financiero)
Francisco Gato Gigante,741673X,24945,APROBADO
Juan Zorro Sigiloso,610477X,381950,APROBADO
Pancha Puma Gigante,413432X,713744,RECHAZADO (Riesgo Salud/Financiero)
Sacha Gato Austral,598033X,892162,APROBADO
Pancha Leon Audaz,206765X,312213,APROBADO
Maria Nutria Salvage,347473X,430943,RECHAZADO (Riesgo Salud/Financiero)
Maria Nutria Noble,318430X,671830,RECHAZADO (Riesgo Salud/Financiero)
Sacha Gato Austral,411568X,658341,RECHAZADO (Riesgo Salud/Financiero)
Maria Gato Austral,263137X,837311,APROBADO
Matias Zorro Veloz,614202X,767741,APROBADO
Sacha Gato Rojo,714254X,214756,APROBADO
Juan Leon Sigiloso,856239X,861580,RECHAZADO (Riesgo Salud/Financiero)
Sacha Zorro Salvage,435322X,599399,APROBADO
Maria Ballena Veloz,91064X,193635,RECHAZADO (Riesgo Salud/Financiero)
Sacha Condor Audaz,964947X,197271,APROBADO
Francisco Huemul Noble,493712X,398804,APROBADO
Matias Ballena Austral,813307X,702965,APROBADO
Juan Gato Rojo,895878X,673509,APROBADO
Coty Gato Salvage,71047X,196409,APROBADO
Pepe Puma Audaz,414223X,256525,RECHAZADO (Riesgo Salud/Financiero)
Pepe Huemul Audaz,35775X,869892,APROBADO
Sacha Perro Veloz,937940X,31653,APROBADO
Pepe Perro Gigante,435394X,381970,APROBADO
Francisco Condor Austral,729412X,846333,RECHAZADO (Riesgo Salud/Financiero)
Coty Nutria Sigiloso,256997X,718461,APROBADO
Pepe Zorro Noble,281585X,370291,RECHAZADO (Riesgo Salud/Financiero)
Juan Ballena Salvage,561015X,228853,APROBADO
Matias Gato Austral,223174X,270700,APROBADO
Sacha Nutria Gigante,904730X,701075,APROBADO
Sacha Gato Salvage,617777X,725194,RECHAZADO (Riesgo Salud/Financiero)
Coty Perro Veloz,884926X,381788,APROBADO
Matias Leon Audaz,156717X,67454,APROBADO
Lucho Leon Austral,501538X,855484,APROBADO
Pancha Perro Salvage,860925X,755577,APROBADO
Sacha Gato Veloz,238150X,647558,APROBADO
Pancha Ballena Rojo,140911X,446616,APROBADO
Juan Condor Noble,521637X,263689,RECHAZADO (Riesgo Salud/Financiero)
Francisco Zorro Veloz,351392X,474173,RECHAZADO (Riesgo Salud/Financiero)
Lucho Ballena Austral,692772X,113203,APROBADO
Lucho Zorro Sigiloso,302554X,632141,APROBADO
Sacha Ballena Rojo,463498X,93954,APROBADO
Pancha Leon Salvage,8538X,505613,APROBADO
Coty Condor Sigiloso,40109X,44060,APROBADO
Juan Leon Salvage,636191X,721964,APROBADO
Maria Gato Rojo,192613X,536511,APROBADO
Pepe Nutria Austral,5216X,898142,APROBADO
Maria Ballena Austral,173979X,633720,APROBADO
Pepe Condor Austral,391022X,587454,APROBADO
Coty Puma Salvage,327981X,855026,APROBADO
Pepe Nutria Audaz,876443X,45714,APROBADO
Francisco Zorro Austral,127675X,361015,APROBADO
Sacha Ballena Rojo,485098X,543766,APROBADO
Coty Perro Salvage,92453X,727289,RECHAZADO (Riesgo Salud/Financiero)
Pancha Nutria Audaz,739454X,58430,APROBADO
Matias Leon Sigiloso,558288X,200309,RECHAZADO (Riesgo Salud/Financiero)
Francisco Nutria Salvage,357244X,253437,RECHAZADO (Riesgo Salud/Financiero)
Pepe Perro Audaz,615144X,602541,APROBADO
Pancha Condor Gigante,951480X,759293,APROBADO
Pepe Condor Veloz,261429X,87209,APROBADO
Juan Zorro Salvage,337809X,811748,APROBADO
Sacha Gato Sigiloso,283070X,528027,RECHAZADO (Riesgo Salud/Financiero)
Matias Gato Austral,102359X,834171,APROBADO
Lucho Gato Sigiloso,570318X,36735,APROBADO
Pepe Ballena Austral,399967X,499513,APROBADO
Francisco Puma Austral,59173X,491219,APROBADO
Juan Zorro Sigiloso,831146X,478742,APROBADO
Coty Zorro Gigante,214627X,725699,APROBADO
Sacha Ballena Noble,611489X,669083,APROBADO
Juan Leon Audaz,956743X,115071,APROBADO
Lucho Condor Veloz,247712X,60017,APROBADO
Lucho Leon Rojo,345754X,380968,APROBADO
Matias Huemul Austral,263887X,627708,APROBADO
Juan Leon Noble,714023X,643839,APROBADO
Pancha Leon Audaz,321274X,312501,APROBADO
Coty Ballena Austral,800031X,66376,APROBADO
Sacha Nutria Audaz,239102X,245324,APROBADO
Maria Perro Noble,300071X,324782,RECHAZADO (Riesgo Salud/Financiero)
Francisco Leon Gigante,108838X,226316,APROBADO
Matias Gato Austral,784920X,89701,APROBADO
Lucho Condor Salvage,674216X,866262,APROBADO
Pepe Gato Noble,603569X,123173,RECHAZADO (Riesgo Salud/Financiero)
Pancha Puma Rojo,70207X,230682,APROBADO
Juan Condor Austral,125394X,889032,APROBADO
Francisco Gato Veloz,236763X,789240,RECHAZADO (Riesgo Salud/Financiero)
Lucho Gato Salvage,313390X,771991,APROBADO
Coty Nutria Gigante,771814X,600007,APROBADO
Lucho Nutria Audaz,232079X,264056,APROBADO
Matias Condor Gigante,811705X,234109,APROBADO
Matias Huemul Austral,541433X,532116,APROBADO
Coty Huemul Noble,969056X,497059,APROBADO
Maria Leon Noble,355508X,40863,APROBADO
Sacha Condor Veloz,193647X,735750,APROBADO
Maria Gato Veloz,249556X,220082,APROBADO
Maria Leon Salvage,773805X,394706,APROBADO
Coty Ballena Audaz,980689X,424657,APROBADO
Juan Gato Audaz,105172X,478483,APROBADO
Matias Leon Sigiloso,337747X,820599,APROBADO
Matias Huemul Sigiloso,892103X,881021,APROBADO
Pancha Huemul Sigiloso,841273X,754011,APROBADO
Lucho Zorro Rojo,412709X,117504,APROBADO
Coty Puma Audaz,730779X,296701,APROBADO
Coty Leon Gigante,743439X,52710,APROBADO
Juan Huemul Veloz,782110X,108091,APROBADO
Juan Zorro Austral,629814X,426578,RECHAZADO (Riesgo Salud/Financiero)
Lucho Ballena Austral,460143X,116246,APROBADO
Maria Leon Gigante,49826X,472255,APROBADO
Maria Nutria Gigante,854227X,256791,APROBADO
Francisco Condor Gigante,784459X,745346,RECHAZADO (Riesgo Salud/Financiero)
Lucho Gato Audaz,725464X,332779,APROBADO
Maria Gato Salvage,453021X,831038,APROBADO
Pepe Puma Gigante,905925X,238906,APROBADO
Coty Ballena Austral,286241X,470114,APROBADO
Lucho Ballena Salvage,971021X,370327,APROBADO
Maria Leon Veloz,527157X,55934,APROBADO
Pepe Puma Rojo,397559X,381565,APROBADO
Francisco Gato Sigiloso,530263X,130452,APROBADO
Matias Leon Salvage,502305X,573508,APROBADO
Maria Perro Rojo,449914X,438928,APROBADO
Lucho Condor Salvage,430686X,749697,APROBADO
Juan Huemul Salvage,746724X,795176,APROBADO
Juan Zorro Rojo,125016X,37892,APROBADO
Pepe Perro Gigante,377305X,631510,APROBADO
Juan Condor Audaz,833957X,597653,APROBADO
Matias Nutria Veloz,869254X,731730,APROBADO
Lucho Gato Gigante,656179X,116196,APROBADO
Maria Perro Noble,918311X,724473,APROBADO
Matias Gato Noble,851779X,684638,APROBADO
Pepe Nutria Audaz,440278X,552851,APROBADO
Francisco Perro Sigiloso,110861X,407249,APROBADO
Pancha Puma Veloz,867261X,66982,APROBADO
Sacha Zorro Austral,66806X,456573,APROBADO
Maria Perro Gigante,109507X,485051,APROBADO
Sacha Gato Sigiloso,245576X,538432,APROBADO
Pancha Leon Salvage,599760X,517663,RECHAZADO (Riesgo Salud/Financiero)
Sacha Leon Salvage,246986X,551596,APROBADO
Sacha Zorro Rojo,985317X,91330,RECHAZADO (Riesgo Salud/Financiero)
Francisco Perro Sigiloso,603357X,623075,APROBADO
Sacha Nutria Salvage,917398X,236445,RECHAZADO (Riesgo Salud/Financiero)
Coty Leon Rojo,49214X,591662,RECHAZADO (Riesgo Salud/Financiero)
Sacha Perro Sigiloso,12637X,387500,APROBADO
Pepe Condor Audaz,344926X,155449,APROBADO
Juan Gato Sigiloso,281912X,759755,APROBADO
Coty Perro Austral,880708X,364427,APROBADO
Francisco Nutria Salvage,658664X,185077,APROBADO
Pepe Nutria Gigante,228175X,133849,APROBADO
Matias Ballena Austral,842893X,466331,APROBADO
Lucho Zorro Austral,16097X,149989,RECHAZADO (Riesgo Salud/Financiero)
Juan Puma Audaz,677967X,136673,RECHAZADO (Riesgo Salud/Financiero)
Coty Nutria Audaz,183301X,380413,APROBADO
Juan Nutria Sigiloso,277754X,15432,APROBADO
Lucho Ballena Austral,232985X,478853,RECHAZADO (Riesgo Salud/Financiero)
Pepe Perro Rojo,35087X,263396,RECHAZADO (Riesgo Salud/Financiero)
Matias Zorro Sigiloso,746089X,687249,APROBADO
Juan Zorro Sigiloso,655964X,655307,APROBADO
Juan Huemul Rojo,116533X,774711,APROBADO
Coty Huemul Audaz,970781X,264303,APROBADO
Juan Huemul Sigiloso,749626X,735421,APROBADO
Matias Huemul Veloz,518080X,891520,APROBADO
Pancha Perro Salvage,559568X,347475,APROBADO
Coty Gato Austral,116068X,42855,RECHAZADO (Riesgo Salud/Financiero)
Sacha Condor Gigante,762236X,777212,APROBADO
Maria Condor Austral,115174X,859403,APROBADO
Juan Leon Rojo,479369X,609693,APROBADO
Lucho Zorro Audaz,275858X,422700,APROBADO
Matias Zorro Rojo,827514X,695480,RECHAZADO (Riesgo Salud/Financiero)
Sacha Condor Salvage,728131X,268484,APROBADO
Matias Ballena Gigante,437263X,691732,APROBADO
Maria Puma Audaz,627930X,567228,APROBADO
Maria Leon Sigiloso,305207X,719270,APROBADO
Pepe Gato Veloz,456916X,315533,APROBADO
Sacha Leon Austral,229663X,893140,APROBADO
Matias Nutria Noble,296797X,234930,APROBADO
Coty Zorro Noble,484925X,621861,APROBADO
Pancha Nutria Veloz,192277X,528656,APROBADO
Pepe Zorro Gigante,981005X,615415,APROBADO
Sacha Leon Veloz,415484X,563098,APROBADO
Lucho Puma Austral,139833X,687918,APROBADO
Lucho Puma Salvage,159887X,805552,APROBADO
Pancha Condor Gigante,48196X,864599,APROBADO
Pepe Gato Sigiloso,310794X,291030,APROBADO
Juan Zorro Salvage,474753X,64306,RECHAZADO (Riesgo Salud/Financiero)
Sacha Perro Audaz,28924X,310826,APROBADO
Pepe Puma Audaz,630222X,811496,APROBADO
Matias Leon Gigante,149196X,544295,APROBADO
Maria Condor Salvage,557288X,501456,APROBADO
Matias Leon Noble,712171X,713127,APROBADO
Maria Ballena Austral,808870X,32728,APROBADO
Pancha Perro Gigante,713763X,854083,APROBADO
Pepe Zorro Sigiloso,701091X,865941,APROBADO
Pancha Gato Rojo,528523X,763539,APROBADO
Matias Puma Rojo,982788X,311184,APROBADO
Pepe Condor Austral,892618X,103315,APROBADO
Sacha Condor Sigiloso,376170X,206735,RECHAZADO (Riesgo Salud/Financiero)
Lucho Condor Veloz,853897X,46967,RECHAZADO (Riesgo Salud/Financiero)
Coty Nutria Noble,826915X,88485,RECHAZADO (Riesgo Salud/Financiero)
Francisco Nutria Noble,687376X,719256,APROBADO
Lucho Zorro Noble,785879X,388152,APROBADO
Matias Ballena Noble,505342X,145672,APROBADO
Matias Ballena Salvage,177081X,788757,APROBADO
Matias Perro Noble,659777X,98125,APROBADO
Maria Condor Noble,41164X,859012,APROBADO
Maria Condor Audaz,963018X,473712,RECHAZADO (Riesgo Salud/Financiero)
Lucho Gato Sigiloso,435726X,660509,APROBADO
Pancha Puma Noble,519694X,789174,APROBADO
Maria Puma Salvage,597990X,127232,RECHAZADO (Riesgo Salud/Financiero)
Maria Condor Rojo,153429X,289383,APROBADO
Pancha Condor Salvage,376681X,860184,RECHAZADO (Riesgo Salud/Financiero)
Sacha Condor Salvage,850924X,761567,APROBADO
Pancha Zorro Sigiloso,406307X,155828,APROBADO
Matias Nutria Rojo,78819X,789605,APROBADO
Coty Condor Audaz,304181X,82638,APROBADO
Coty Huemul Audaz,483487X,359836,APROBADO
Maria Huemul Veloz,162170X,553739,APROBADO
Pancha Nutria Noble,193767X,751801,APROBADO
Coty Perro Sigiloso,826327X,391974,APROBADO
Juan Zorro Audaz,753353X,497787,APROBADO
Lucho Puma Gigante,14619X,380472,APROBADO
Coty Huemul Gigante,569681X,708631,APROBADO
Juan Zorro Veloz,300418X,663727,RECHAZADO (Riesgo Salud/Financiero)
Francisco Leon Austral,761509X,492773,APROBADO
Coty Nutria Austral,347326X,281078,APROBADO
Francisco Leon Veloz,424486X,545931,APROBADO
Coty Huemul Audaz,230441X,347594,RECHAZADO (Riesgo Salud/Financiero)
Maria Gato Austral,160642X,382708,APROBADO
Francisco Zorro Audaz,923836X,782414,APROBADO
Maria Huemul Sigiloso,70873X,634709,APROBADO
Pancha Puma Rojo,861604X,383261,APROBADO
Matias Gato Sigiloso,955344X,111342,APROBADO
Coty Puma Veloz,128132X,724938,APROBADO
Coty Nutria Veloz,126077X,240983,APROBADO
Francisco Ballena Audaz,328562X,474071,APROBADO
Sacha Zorro Austral,454421X,197559,APROBADO
Sacha Ballena Noble,663840X,740771,APROBADO
Coty Condor Veloz,21300X,854179,APROBADO
Francisco Huemul Audaz,660692X,768150,APROBADO
Sacha Gato Rojo,902875X,625667,RECHAZADO (Riesgo Salud/Financiero)
Matias Nutria Austral,730525X,92776,APROBADO
Pepe Zorro Rojo,399418X,152949,APROBADO
Matias Perro Rojo,418887X,581500,APROBADO
Francisco Perro Austral,256739X,436815,APROBADO
Coty Leon Audaz,747616X,384702,RECHAZADO (Riesgo Salud/Financiero)
Sacha Gato Rojo,208596X,762982,APROBADO
Maria Nutria Rojo,602133X,82278,APROBADO
Pepe Puma Gigante,292764X,76604,APROBADO
Francisco Perro Sigiloso,451910X,573666,APROBADO
Matias Gato Rojo,292904X,792594,APROBADO
Coty Condor Noble,411938X,93015,APROBADO
Sacha Huemul Salvage,359047X,37614,APROBADO
Pepe Puma Veloz,599085X,81055,APROBADO
Sacha Huemul Austral,221275X,290835,APROBADO
Sacha Leon Audaz,546487X,103501,RECHAZADO (Riesgo Salud/Financiero)
Sacha Nutria Austral,750029X,316649,APROBADO
Matias Nutria Audaz,442153X,56983,APROBADO
Pancha Zorro Veloz,440315X,832774,APROBADO
Lucho Condor Audaz,485406X,84437,APROBADO
Lucho Puma Sigiloso,328189X,18913,APROBADO
Pepe Perro Audaz,107163X,452469,APROBADO
Pancha Condor Audaz,116166X,242395,APROBADO
Pancha Zorro Noble,241161X,154779,APROBADO
Lucho Condor Gigante,325298X,18318,APROBADO
Pepe Perro Salvage,797354X,531511,APROBADO
Pepe Gato Austral,978903X,671819,RECHAZADO (Riesgo Salud/Financiero)
Pancha Gato Salvage,939239X,140324,APROBADO
Juan Puma Salvage,117198X,684828,APROBADO
Francisco Puma Noble,301985X,41882,APROBADO
Sacha Zorro Gigante,834683X,15761,RECHAZADO (Riesgo Salud/Financiero)
Maria Nutria Sigiloso,593264X,597339,APROBADO
Coty Zorro Salvage,308148X,21447,APROBADO
Pepe Zorro Noble,708284X,123776,RECHAZADO (Riesgo Salud/Financiero)
Sacha Zorro Gigante,547185X,752828,APROBADO
Pancha Puma Salvage,847732X,579793,APROBADO
Lucho Perro Veloz,799765X,559021,APROBADO
Sacha Nutria Sigiloso,228503X,710623,APROBADO
Pepe Nutria Sigiloso,468111X,90078,APROBADO
Juan Ballena Noble,298853X,784100,APROBADO
Lucho Nutria Rojo,429748X,269499,APROBADO
Maria Condor Audaz,766982X,850002,RECHAZADO (Riesgo Salud/Financiero)
Sacha Puma Audaz,146695X,800918,RECHAZADO (Riesgo Salud/Financiero)
Pepe Zorro Salvage,201656X,805042,APROBADO
Sacha Gato Rojo,140057X,757218,APROBADO
Maria Ballena Salvage,499855X,158129,APROBADO
Lucho Ballena Gigante,23774X,454536,APROBADO
Francisco Ballena Austral,453784X,609699,RECHAZADO (Riesgo Salud/Financiero)
Juan Huemul Veloz,886009X,643293,APROBADO
Coty Huemul Salvage,783959X,223662,APROBADO
Sacha Puma Gigante,853268X,532269,APROBADO
Francisco Ballena Gigante,955831X,799715,RECHAZADO (Riesgo Salud/Financiero)
Lucho Nutria Rojo,25393X,844989,APROBADO
Juan Leon Austral,316988X,550734,APROBADO
Pepe Condor Sigiloso,39581X,582261,APROBADO
Pancha Zorro Noble,22596X,699165,APROBADO
Sacha Nutria Salvage,293720X,711036,RECHAZADO (Riesgo Salud/Financiero)
Maria Leon Rojo,751698X,137558,APROBADO
Pancha Nutria Gigante,268620X,100847,APROBADO
Lucho Condor Audaz,122958X,188023,APROBADO
Maria Ballena Sigiloso,418561X,101377,APROBADO
Sacha Puma Gigante,870797X,60664,APROBADO
Maria Perro Salvage,242869X,761421,APROBADO
Francisco Condor Austral,844237X,883347,RECHAZADO (Riesgo Salud/Financiero)
Juan Gato Gigante,869530X,768613,APROBADO
Matias Puma Sigiloso,295216X,265996,APROBADO
Pepe Huemul Sigiloso,225772X,215992,APROBADO
Francisco Condor Audaz,952446X,727932,RECHAZADO (Riesgo Salud/Financiero)
Matias Huemul Audaz,609744X,820977,APROBADO
Coty Huemul Sigiloso,290623X,71702,APROBADO
Pancha Ballena Noble,344255X,73965,RECHAZADO (Riesgo Salud/Financiero)
Sacha Perro Noble,94780X,329653,APROBADO
Coty Condor Sigiloso,865953X,200014,RECHAZADO (Riesgo Salud/Financiero)
Lucho Ballena Austral,782803X,645202,APROBADO
Francisco Zorro Noble,53348X,682679,APROBADO
Coty Perro Gigante,33753X,191742,APROBADO
Matias Perro Austral,535870X,695175,APROBADO
Juan Condor Sigiloso,760827X,707332,APROBADO
Matias Puma Noble,294149X,605309,APROBADO
Sacha Zorro Gigante,192968X,371037,APROBADO
Coty Puma Salvage,791732X,62777,RECHAZADO (Riesgo Salud/Financiero)
Pancha Condor Gigante,420332X,641908,APROBADO
Francisco Puma Rojo,596897X,511666,APROBADO
Coty Gato Salvage,119060X,202868,APROBADO
Juan Puma Rojo,78557X,236129,RECHAZADO (Riesgo Salud/Financiero)
Coty Gato Austral,318911X,876959,APROBADO
Coty Nutria Noble,698780X,199349,APROBADO
Sacha Condor Audaz,14265X,329199,APROBADO
Maria Leon Veloz,557987X,165043,APROBADO
Juan Zorro Austral,175511X,579261,APROBADO
Maria Huemul Sigiloso,229839X,167741,RECHAZADO (Riesgo Salud/Financiero)
Francisco Nutria Sigiloso,514593X,148680,RECHAZADO (Riesgo Salud/Financiero)
Pancha Ballena Audaz,757775X,207189,APROBADO
Coty Zorro Gigante,600716X,177844,APROBADO
Coty Zorro Gigante,691884X,613895,APROBADO
Pepe Huemul Rojo,477609X,666449,RECHAZADO (Riesgo Salud/Financiero)
Lucho Perro Veloz,178605X,839799,APROBADO
Pancha Nutria Rojo,72234X,561086,APROBADO
Sacha Leon Salvage,199053X,566505,APROBADO
Pancha Zorro Gigante,551784X,358900,RECHAZADO (Riesgo Salud/Financiero)
Pepe Huemul Veloz,750992X,824912,APROBADO
Pepe Condor Sigiloso,374150X,328586,APROBADO
Maria Puma Veloz,218965X,250314,RECHAZADO (Riesgo Salud/Financiero)
Coty Perro Gigante,302704X,570977,APROBADO
Coty Gato Noble,383875X,418827,RECHAZADO (Riesgo Salud/Financiero)
Lucho Perro Sigiloso,613724X,286833,RECHAZADO (Riesgo Salud/Financiero)
Matias Huemul Salvage,320531X,749022,RECHAZADO (Riesgo Salud/Financiero)
Juan Gato Veloz,311270X,675613,APROBADO
Juan Zorro Gigante,989616X,79076,APROBADO
Juan Condor Audaz,128499X,454753,APROBADO
Sacha Nutria Audaz,519438X,449045,APROBADO
Coty Gato Rojo,720840X,756344,APROBADO
Juan Puma Sigiloso,900095X,564830,APROBADO
Juan Ballena Salvage,238045X,228319,APROBADO
Coty Gato Veloz,361502X,371435,RECHAZADO (Riesgo Salud/Financiero)
Maria Leon Austral,438678X,207714,APROBADO
Matias Nutria Noble,229451X,343074,RECHAZADO (Riesgo Salud/Financiero)
Coty Nutria Noble,842951X,82017,APROBADO
Juan Leon Sigiloso,239850X,727128,RECHAZADO (Riesgo Salud/Financiero)
Pepe Ballena Veloz,340480X,541179,APROBADO
Lucho Puma Gigante,836920X,758651,APROBADO
Pepe Zorro Veloz,460289X,826295,APROBADO
Coty Nutria Gigante,402933X,279163,APROBADO
Francisco Zorro Salvage,505072X,779644,APROBADO
Juan Condor Audaz,225882X,739104,APROBADO
Pepe Huemul Noble,574935X,244530,APROBADO
Sacha Leon Salvage,727114X,282825,APROBADO
Juan Puma Austral,259816X,239862,APROBADO
Lucho Puma Veloz,890046X,115613,APROBADO
Sacha Leon Audaz,351667X,291796,APROBADO
Maria Perro Audaz,885953X,475033,APROBADO
Matias Condor Audaz,443728X,576465,APROBADO
Pepe Puma Audaz,345077X,546537,APROBADO
Pancha Puma Veloz,710381X,399505,APROBADO
Coty Perro Noble,610970X,356157,APROBADO
Pepe Perro Sigiloso,698347X,575633,APROBADO
Juan Perro Audaz,599898X,765114,APROBADO
Pancha Condor Noble,869940X,549243,APROBADO
Maria Perro Gigante,37585X,425617,APROBADO
Maria Leon Salvage,966870X,275633,APROBADO
Matias Zorro Veloz,917417X,325072,APROBADO
Coty Gato Audaz,174899X,777937,APROBADO
Lucho Leon Audaz,635290X,381576,APROBADO
Coty Nutria Austral,791209X,192827,APROBADO
Pancha Perro Salvage,573457X,481855,RECHAZADO (Riesgo Salud/Financiero)
Juan Perro Veloz,311008X,544727,APROBADO
Maria Leon Austral,539667X,710970,APROBADO
Lucho Gato Rojo,544623X,447001,APROBADO
Francisco Nutria Sigiloso,215079X,489758,RECHAZADO (Riesgo Salud/Financiero)
Matias Condor Rojo,846658X,157247,APROBADO
Sacha Puma Rojo,194734X,854159,APROBADO
Lucho Perro Rojo,191281X,308256,APROBADO
Juan Perro Austral,419080X,426128,APROBADO
Sacha Perro Audaz,589924X,708550,RECHAZADO (Riesgo Salud/Financiero)
Maria Condor Audaz,198443X,424309,APROBADO
Matias Leon Veloz,841211X,163314,APROBADO
Sacha Leon Salvage,257382X,422237,APROBADO
Juan Ballena Noble,389544X,95694,APROBADO
Sacha Perro Sigiloso,408183X,323479,APROBADO
Juan Leon Gigante,369389X,895258,APROBADO
Maria Gato Gigante,137408X,747166,APROBADO
Matias Zorro Sigiloso,959043X,542974,APROBADO
Matias Puma Austral,981838X,88526,APROBADO
Francisco Zorro Gigante,435815X,307630,RECHAZADO (Riesgo Salud/Financiero)
Lucho Zorro Austral,422678X,565694,APROBADO
Coty Huemul Gigante,438567X,580530,RECHAZADO (Riesgo Salud/Financiero)
Juan Leon Sigiloso,871292X,775638,APROBADO
Matias Nutria Audaz,391422X,103462,RECHAZADO (Riesgo Salud/Financiero)
Pancha Perro Salvage,456824X,790390,APROBADO
Pancha Leon Audaz,415962X,498358,APROBADO
Lucho Puma Noble,32847X,170158,APROBADO
Matias Zorro Salvage,101997X,174207,RECHAZADO (Riesgo Salud/Financiero)
Francisco Huemul Gigante,843397X,839970,RECHAZADO (Riesgo Salud/Financiero)
Pancha Puma Salvage,320719X,374651,APROBADO
Sacha Zorro Sigiloso,835454X,441896,APROBADO
Francisco Zorro Austral,324583X,811496,RECHAZADO (Riesgo Salud/Financiero)
Juan Leon Salvage,6307X,617684,APROBADO
Juan Condor Veloz,276797X,187372,APROBADO
Maria Perro Gigante,128972X,261289,APROBADO
Pepe Gato Rojo,261701X,419216,APROBADO
Coty Condor Austral,644963X,602980,RECHAZADO (Riesgo Salud/Financiero)
Juan Puma Veloz,945542X,491746,APROBADO
Juan Huemul Sigiloso,431734X,179918,APROBADO
Pepe Perro Salvage,402322X,38880,APROBADO
Pepe Nutria Veloz,625238X,675282,RECHAZADO (Riesgo Salud/Financiero)
Pepe Gato Austral,159354X,567299,APROBADO
Sacha Puma Salvage,529480X,704157,APROBADO
Juan Puma Rojo,951599X,59897,APROBADO
Matias Zorro Salvage,600462X,149010,APROBADO
Lucho Ballena Rojo,171553X,607279,APROBADO
Lucho Perro Austral,824762X,794823,APROBADO
Juan Zorro Salvage,281137X,888361,RECHAZADO (Riesgo Salud/Financiero)
Pancha Nutria Sigiloso,284384X,615886,APROBADO
Francisco Ballena Salvage,307380X,339897,APROBADO
Juan Ballena Noble,428166X,551815,APROBADO
Pancha Gato Veloz,350562X,494333,APROBADO
Matias Gato Sigiloso,382961X,261542,RECHAZADO (Riesgo Salud/Financiero)
Lucho Ballena Gigante,507526X,109851,APROBADO
Sacha Puma Audaz,617093X,109628,RECHAZADO (Riesgo Salud/Financiero)
Pepe Perro Veloz,600015X,301715,APROBADO
Sacha Gato Sigiloso,190834X,746700,APROBADO
Francisco Gato Audaz,478679X,81900,APROBADO
Juan Huemul Audaz,189092X,367574,APROBADO
Coty Nutria Veloz,881034X,802605,RECHAZADO (Riesgo Salud/Financiero)
Maria Nutria Veloz,436192X,339643,RECHAZADO (Riesgo Salud/Financiero)
Coty Perro Veloz,824283X,587403,RECHAZADO (Riesgo Salud/Financiero)
Pancha Ballena Noble,92987X,566052,APROBADO
Francisco Gato Audaz,675172X,94372,APROBADO
Francisco Leon Gigante,827634X,243114,APROBADO
Pancha Puma Veloz,308137X,188119,APROBADO
Pepe Puma Noble,258790X,396874,APROBADO
Maria Huemul Rojo,832460X,83721,APROBADO
Matias Puma Salvage,9868X,566811,APROBADO
Pepe Ballena Noble,466698X,652552,RECHAZADO (Riesgo Salud/Financiero)
Lucho Ballena Salvage,998303X,374872,APROBADO
Maria Zorro Gigante,533409X,581536,APROBADO
Francisco Gato Sigiloso,173712X,123006,APROBADO
Sacha Perro Veloz,291625X,566176,APROBADO
Pepe Nutria Gigante,762910X,185075,RECHAZADO (Riesgo Salud/Financiero)
Pepe Nutria Audaz,33018X,621971,APROBADO
Coty Ballena Salvage,117997X,39662,APROBADO
Matias Leon Audaz,105011X,177779,APROBADO
Francisco Perro Audaz,638573X,91377,APROBADO
Francisco Leon Audaz,47621X,722065,APROBADO
Maria Puma Salvage,111439X,312018,RECHAZADO (Riesgo Salud/Financiero)
Matias Puma Sigiloso,817261X,384961,APROBADO
Francisco Perro Veloz,124007X,246990,APROBADO
Coty Condor Salvage,144638X,67501,APROBADO
Coty Leon Salvage,765484X,368620,APROBADO
Matias Puma Audaz,582347X,361466,RECHAZADO (Riesgo Salud/Financiero)
Pancha Condor Audaz,188310X,586056,APROBADO
Francisco Zorro Veloz,604085X,132228,APROBADO
Juan Zorro Rojo,633433X,57211,APROBADO
Pepe Perro Salvage,50341X,407382,APROBADO
Pepe Gato Noble,697412X,391339,APROBADO
Francisco Ballena Rojo,581718X,780834,APROBADO
Pepe Leon Salvage,210338X,247279,APROBADO
Maria Perro Austral,727906X,725182,RECHAZADO (Riesgo Salud/Financiero)
Maria Condor Sigiloso,439216X,637375,APROBADO
Matias Condor Gigante,481167X,381303,APROBADO
Pepe Zorro Veloz,667014X,836814,RECHAZADO (Riesgo Salud/Financiero)
Maria Condor Gigante,260053X,641680,APROBADO
Matias Nutria Noble,919137X,578620,APROBADO
Coty Nutria Austral,885487X,606558,APROBADO
Pepe Zorro Noble,763765X,709130,APROBADO
Francisco Perro Noble,723210X,578701,RECHAZADO (Riesgo Salud/Financiero)
Pancha Nutria Salvage,167300X,141258,APROBADO
Juan Ballena Sigiloso,884097X,260109,APROBADO
Juan Leon Rojo,632024X,814181,APROBADO
Maria Ballena Austral,161337X,399544,APROBADO
Coty Huemul Rojo,489748X,132206,APROBADO
Matias Nutria Sigiloso,800960X,375640,APROBADO
Pancha Condor Salvage,923814X,246476,APROBADO
Sacha Gato Audaz,657293X,343313,APROBADO
Coty Puma Veloz,281792X,285000,APROBADO
Maria Puma Rojo,685299X,690405,APROBADO
Sacha Gato Noble,261927X,108396,RECHAZADO (Riesgo Salud/Financiero)
Maria Gato Salvage,766929X,213733,APROBADO
Pepe Leon Austral,575953X,878063,APROBADO
Matias Huemul Veloz,362840X,161085,APROBADO
Pepe Nutria Veloz,377939X,296535,RECHAZADO (Riesgo Salud/Financiero)
Pepe Puma Rojo,48561X,610544,APROBADO
Sacha Condor Audaz,516891X,192566,APROBADO
Juan Huemul Salvage,108532X,259050,APROBADO
Juan Leon Rojo,974237X,666165,APROBADO
Lucho Ballena Austral,25653X,262555,APROBADO
Pepe Gato Sigiloso,531861X,278107,APROBADO
Sacha Condor Audaz,468348X,555189,APROBADO
Maria Zorro Noble,794757X,129818,APROBADO
Pepe Condor Noble,80424X,778719,APROBADO
Coty Perro Sigiloso,693314X,802578,APROBADO
Coty Nutria Rojo,684374X,273324,APROBADO
Coty Gato Gigante,820460X,523205,RECHAZADO (Riesgo Salud/Financiero)
Francisco Nutria Austral,135565X,497179,APROBADO
Maria Huemul Salvage,359711X,291575,APROBADO
Lucho Gato Gigante,298119X,836787,APROBADO
Pancha Huemul Noble,383282X,317239,APROBADO
Coty Zorro Austral,960609X,390593,APROBADO
Juan Perro Noble,434956X,246256,APROBADO
Pepe Gato Veloz,587606X,587345,APROBADO
Francisco Condor Sigiloso,612513X,876189,APROBADO
Lucho Puma Audaz,208907X,646490,APROBADO
Juan Zorro Noble,404005X,154811,RECHAZADO (Riesgo Salud/Financiero)
Juan Condor Audaz,818657X,432666,APROBADO
Lucho Puma Sigiloso,269769X,220652,APROBADO
Francisco Gato Rojo,5062X,835451,RECHAZADO (Riesgo Salud/Financiero)
Juan Puma Audaz,351718X,69634,APROBADO
Pepe Leon Veloz,93561X,657689,RECHAZADO (Riesgo Salud/Financiero)
Sacha Gato Salvage,335773X,128889,APROBADO
Maria Puma Salvage,534858X,868528,APROBADO
Pepe Condor Austral,760687X,755983,APROBADO
Pancha Ballena Veloz,930148X,90803,APROBADO
Matias Perro Gigante,526469X,524592,RECHAZADO (Riesgo Salud/Financiero)
Francisco Puma Austral,344343X,357787,APROBADO
Maria Condor Sigiloso,957893X,769569,RECHAZADO (Riesgo Salud/Financiero)
Lucho Nutria Noble,700974X,628652,APROBADO
Juan Ballena Noble,295954X,360948,RECHAZADO (Riesgo Salud/Financiero)
Francisco Leon Salvage,141641X,538982,APROBADO
Francisco Puma Austral,406046X,191245,APROBADO
Francisco Perro Salvage,462052X,452178,APROBADO
Matias Gato Salvage,839784X,178605,APROBADO
Pepe Leon Austral,18289X,352919,APROBADO
Lucho Ballena Austral,487076X,407965,APROBADO
Pancha Gato Noble,960876X,585430,APROBADO
Coty Zorro Rojo,975194X,322791,RECHAZADO (Riesgo Salud/Financiero)
Coty Huemul Gigante,969366X,277082,RECHAZADO (Riesgo Salud/Financiero)
Sacha Gato Sigiloso,516734X,399430,APROBADO
Sacha Ballena Audaz,600838X,590809,APROBADO
Maria Zorro Austral,626134X,533871,APROBADO
Coty Condor Sigiloso,536182X,581472,RECHAZADO (Riesgo Salud/Financiero)
Pepe Ballena Noble,739210X,643507,APROBADO
Pepe Nutria Noble,720500X,45986,APROBADO
Pepe Puma Veloz,379545X,858173,APROBADO
Coty Leon Veloz,154446X,518935,APROBADO
Pepe Puma Veloz,426508X,250548,APROBADO
Maria Nutria Salvage,970779X,340820,APROBADO
Sacha Gato Audaz,440035X,147633,RECHAZADO (Riesgo Salud/Financiero)
Sacha Puma Sigiloso,312335X,892149,APROBADO
Sacha Leon Rojo,95225X,847446,RECHAZADO (Riesgo Salud/Financiero)
Lucho Puma Salvage,776642X,458997,APROBADO
Pepe Leon Gigante,183688X,294950,APROBADO
Pancha Condor Noble,15910X,727128,APROBADO
Matias Zorro Veloz,654483X,254326,APROBADO
Pepe Ballena Noble,685055X,386788,RECHAZADO (Riesgo Salud/Financiero)
Lucho Puma Noble,736269X,632323,APROBADO
Maria Nutria Salvage,437214X,622130,APROBADO
Pepe Huemul Veloz,523397X,127181,APROBADO
Francisco Gato Veloz,582173X,404405,APROBADO
Juan Nutria Salvage,603716X,670478,APROBADO
Francisco Huemul Austral,965462X,136393,APROBADO
Sacha Nutria Rojo,983618X,898088,APROBADO
Lucho Gato Salvage,686873X,198922,APROBADO
Lucho Condor Noble,676170X,48815,RECHAZADO (Riesgo Salud/Financiero)
Francisco Leon Salvage,166981X,45626,APROBADO
Francisco Huemul Audaz,187270X,708566,APROBADO
Francisco Ballena Salvage,231453X,128426,RECHAZADO (Riesgo Salud/Financiero)
Maria Ballena Audaz,727930X,361547,APROBADO
Sacha Nutria Salvage,671931X,463616,APROBADO
Matias Gato Sigiloso,475258X,446119,APROBADO
Juan Puma Veloz,104586X,729292,APROBADO
Sacha Puma Gigante,42557X,836373,APROBADO
Lucho Zorro Sigiloso,609472X,22366,APROBADO
Juan Leon Rojo,898502X,737009,APROBADO
Matias Condor Audaz,18825X,71212,APROBADO
Coty Ballena Salvage,381029X,733357,APROBADO
Francisco Perro Rojo,179497X,889510,RECHAZADO (Riesgo Salud/Financiero)
Matias Puma Sigiloso,749652X,31543,APROBADO
Coty Nutria Rojo,931145X,418926,APROBADO
Lucho Huemul Gigante,452755X,893770,APROBADO
Maria Puma Rojo,428297X,848152,APROBADO
Pepe Puma Veloz,688752X,362700,RECHAZADO (Riesgo Salud/Financiero)
Juan Puma Veloz,656109X,362370,APROBADO
Pepe Ballena Sigiloso,381497X,549586,RECHAZADO (Riesgo Salud/Financiero)
Coty Puma Austral,63194X,755257,APROBADO
Pepe Nutria Veloz,953543X,756370,APROBADO
Francisco Gato Gigante,303770X,670672,APROBADO
Pancha Puma Gigante,969438X,722651,APROBADO
Pepe Condor Salvage,581611X,229325,APROBADO
Pepe Condor Rojo,512653X,491097,RECHAZADO (Riesgo Salud/Financiero)
Lucho Puma Sigiloso,315112X,859125,APROBADO
Pancha Huemul Gigante,304762X,614887,APROBADO
Sacha Perro Austral,4658X,73425,APROBADO
Matias Perro Audaz,121689X,743259,APROBADO
Pancha Zorro Salvage,645632X,852317,APROBADO
Matias Nutria Sigiloso,630240X,635478,APROBADO
Lucho Gato Rojo,451950X,73745,APROBADO
Coty Condor Gigante,23418X,168261,APROBADO
Coty Condor Sigiloso,493561X,48328,APROBADO
Pancha Gato Noble,516237X,199117,APROBADO
Matias Gato Audaz,390976X,136858,APROBADO
Lucho Nutria Rojo,4039X,384855,APROBADO
Sacha Zorro Rojo,331811X,319374,APROBADO
Pepe Leon Noble,538499X,865604,APROBADO
Juan Ballena Austral,244107X,299420,RECHAZADO (Riesgo Salud/Financiero)
Matias Ballena Noble,180818X,277891,APROBADO
Pepe Perro Rojo,211088X,418243,APROBADO
Matias Condor Audaz,71213X,170788,APROBADO
Francisco Condor Austral,89394X,34747,APROBADO
Pepe Nutria Gigante,416759X,314661,APROBADO
Matias Condor Austral,845579X,253855,APROBADO
Francisco Nutria Veloz,282304X,324097,APROBADO
Matias Leon Sigiloso,86926X,801231,APROBADO
Maria Nutria Audaz,532946X,609082,APROBADO
Pepe Condor Audaz,887384X,759492,APROBADO
Maria Leon Sigiloso,836219X,733975,APROBADO
Maria Puma Salvage,231461X,572898,RECHAZADO (Riesgo Salud/Financiero)
Francisco Huemul Austral,447058X,489295,APROBADO
Francisco Condor Austral,746242X,304378,APROBADO
Pancha Nutria Noble,25930X,208245,APROBADO
Juan Nutria Sigiloso,143781X,315529,APROBADO
Francisco Puma Veloz,409010X,122020,APROBADO
Lucho Ballena Veloz,101340X,231406,APROBADO
Coty Puma Sigiloso,661045X,307864,APROBADO
Lucho Zorro Audaz,45875X,775119,APROBADO
Sacha Leon Noble,998575X,647578,APROBADO
Coty Zorro Austral,802424X,177055,APROBADO
Lucho Zorro Veloz,666269X,160637,APROBADO
Coty Ballena Rojo,696078X,168112,APROBADO
Matias Puma Rojo,404384X,470576,APROBADO
Pepe Huemul Audaz,960752X,788215,RECHAZADO (Riesgo Salud/Financiero)
Francisco Condor Audaz,572961X,121659,RECHAZADO (Riesgo Salud/Financiero)
Matias Huemul Veloz,993982X,457433,APROBADO
Coty Zorro Sigiloso,590755X,248646,APROBADO
Coty Ballena Noble,944602X,479171,APROBADO
Juan Nutria Salvage,989532X,415611,APROBADO
Coty Condor Austral,270983X,754769,APROBADO
Matias Ballena Veloz,473198X,588805,APROBADO
Matias Leon Audaz,340449X,407904,RECHAZADO (Riesgo Salud/Financiero)
Juan Nutria Salvage,676015X,557227,APROBADO
Sacha Perro Veloz,824030X,144292,APROBADO
Maria Gato Noble,636571X,185639,APROBADO
Coty Nutria Rojo,300145X,649758,APROBADO
Coty Ballena Austral,728159X,654760,APROBADO
Matias Condor Veloz,860093X,137121,RECHAZADO (Riesgo Salud/Financiero)
Pancha Gato Sigiloso,849117X,229937,APROBADO
Juan Zorro Rojo,37926X,36206,APROBADO
Juan Puma Rojo,600920X,274546,APROBADO
Maria Puma Salvage,949709X,341027,APROBADO
Maria Ballena Veloz,627290X,26202,APROBADO
Francisco Nutria Rojo,78215X,712907,APROBADO
Sacha Leon Audaz,454953X,117021,RECHAZADO (Riesgo Salud/Financiero)
Coty Huemul Austral,675718X,170580,APROBADO
Maria Nutria Audaz,823419X,254654,APROBADO
Sacha Ballena Sigiloso,184614X,281007,APROBADO
Coty Huemul Salvage,895035X,244425,APROBADO
Juan Nutria Rojo,898694X,331848,APROBADO
Lucho Puma Rojo,122340X,143912,RECHAZADO (Riesgo Salud/Financiero)
Lucho Nutria Austral,482725X,522770,APROBADO
Juan Condor Noble,942555X,814952,APROBADO
Maria Huemul Gigante,960446X,84192,RECHAZADO (Riesgo Salud/Financiero)
Pepe Condor Audaz,731483X,461365,RECHAZADO (Riesgo Salud/Financiero)
Coty Nutria Gigante,303854X,191710,APROBADO
Coty Gato Audaz,763838X,763482,APROBADO
Coty Ballena Rojo,532215X,659324,APROBADO
Sacha Gato Rojo,399955X,178159,RECHAZADO (Riesgo Salud/Financiero)
Coty Gato Noble,174198X,547655,APROBADO
Francisco Huemul Sigiloso,161606X,794342,APROBADO
Lucho Gato Audaz,658849X,818122,APROBADO
Matias Perro Veloz,923119X,478721,RECHAZADO (Riesgo Salud/Financiero)
Maria Perro Audaz,222788X,106951,APROBADO
Coty Nutria Salvage,269544X,678532,APROBADO
Juan Gato Rojo,806886X,782272,APROBADO
Maria Perro Gigante,583180X,187847,APROBADO
Maria Gato Gigante,423642X,861863,RECHAZADO (Riesgo Salud/Financiero)
Maria Perro Veloz,313656X,229419,APROBADO
Juan Perro Austral,315513X,552812,RECHAZADO (Riesgo Salud/Financiero)
Lucho Gato Austral,253312X,668344,RECHAZADO (Riesgo Salud/Financiero)
Sacha Perro Audaz,563630X,470624,APROBADO
Lucho Nutria Audaz,160136X,601678,RECHAZADO (Riesgo Salud/Financiero)
Matias Gato Noble,113246X,523313,APROBADO
Lucho Puma Salvage,381337X,789778,APROBADO
Matias Perro Salvage,289793X,696322,RECHAZADO (Riesgo Salud/Financiero)
Maria Nutria Austral,887210X,561372,RECHAZADO (Riesgo Salud/Financiero)
Coty Nutria Salvage,869574X,777904,APROBADO
Sacha Leon Audaz,482452X,781041,RECHAZADO (Riesgo Salud/Financiero)
Sacha Perro Noble,726607X,799887,APROBADO
Matias Gato Audaz,474221X,221676,APROBADO
Juan Condor Gigante,490737X,517162,APROBADO
Maria Condor Austral,246782X,240501,RECHAZADO (Riesgo Salud/Financiero)
Lucho Perro Noble,477628X,773984,APROBADO
Maria Ballena Veloz,799022X,406905,APROBADO
Pancha Condor Audaz,926370X,175735,APROBADO
Juan Condor Rojo,477249X,95364,APROBADO
Juan Puma Salvage,855043X,556435,RECHAZADO (Riesgo Salud/Financiero)
Lucho Huemul Austral,577539X,101621,APROBADO
Coty Huemul Gigante,307225X,155262,RECHAZADO (Riesgo Salud/Financiero)
Pepe Huemul Salvage,382590X,704976,APROBADO
Maria Huemul Rojo,601698X,403851,APROBADO
Matias Huemul Veloz,173405X,39075,APROBADO
Juan Gato Gigante,527159X,582931,RECHAZADO (Riesgo Salud/Financiero)
Coty Leon Gigante,59741X,493445,RECHAZADO (Riesgo Salud/Financiero)
Sacha Perro Veloz,653354X,578689,APROBADO
Pancha Huemul Veloz,555692X,297022,APROBADO
Coty Huemul Audaz,614735X,706687,APROBADO
Sacha Nutria Austral,734619X,551346,RECHAZADO (Riesgo Salud/Financiero)
Lucho Leon Austral,76493X,623473,APROBADO
Matias Leon Sigiloso,710763X,823720,APROBADO
Sacha Nutria Austral,44075X,165340,APROBADO
Sacha Ballena Gigante,676305X,744109,APROBADO
Lucho Zorro Austral,855586X,195186,APROBADO
Lucho Gato Audaz,912352X,341061,APROBADO
Pancha Huemul Austral,619504X,509032,APROBADO
Francisco Zorro Rojo,944870X,659068,RECHAZADO (Riesgo Salud/Financiero)
Pancha Condor Austral,983411X,867494,APROBADO
Francisco Ballena Veloz,83581X,774759,APROBADO
Pepe Nutria Audaz,767905X,245657,APROBADO
Lucho Ballena Sigiloso,770111X,20149,APROBADO
Juan Puma Noble,583806X,216330,APROBADO
Juan Puma Audaz,217018X,608481,APROBADO
Maria Nutria Veloz,893171X,110240,APROBADO
Sacha Huemul Salvage,906640X,301670,RECHAZADO (Riesgo Salud/Financiero)
Lucho Ballena Rojo,138492X,412073,APROBADO
Maria Condor Salvage,527728X,860827,RECHAZADO (Riesgo Salud/Financiero)
Juan Perro Rojo,566957X,335989,APROBADO
Francisco Leon Gigante,420020X,307344,APROBADO
Maria Zorro Audaz,980132X,793787,APROBADO
Francisco Nutria Austral,756673X,151741,APROBADO
Maria Puma Rojo,696655X,376734,APROBADO
Sacha Gato Sigiloso,49116X,533656,RECHAZADO (Riesgo Salud/Financiero)
Francisco Condor Noble,873466X,52071,APROBADO
Maria Ballena Sigiloso,931345X,483760,RECHAZADO (Riesgo Salud/Financiero)
Maria Huemul Salvage,452989X,287192,RECHAZADO (Riesgo Salud/Financiero)
Sacha Gato Audaz,717676X,584223,APROBADO
Lucho Leon Veloz,859358X,429412,APROBADO
Coty Nutria Gigante,685785X,105984,RECHAZADO (Riesgo Salud/Financiero)
Matias Huemul Sigiloso,654174X,329422,APROBADO
Sacha Nutria Gigante,65721X,610648,APROBADO
Sacha Condor Rojo,51841X,708097,APROBADO
Pepe Puma Veloz,36351X,168301,APROBADO
Lucho Zorro Gigante,794911X,27396,APROBADO
Maria Puma Sigiloso,629583X,169128,APROBADO
Pepe Huemul Veloz,529152X,541021,APROBADO
Sacha Leon Noble,596687X,896340,RECHAZADO (Riesgo Salud/Financiero)
Juan Nutria Gigante,815559X,354550,RECHAZADO (Riesgo Salud/Financiero)
Coty Condor Veloz,738930X,390680,APROBADO
Sacha Zorro Gigante,408835X,329935,RECHAZADO (Riesgo Salud/Financiero)
Pancha Puma Salvage,647792X,593627,APROBADO
Maria Leon Audaz,796810X,187396,APROBADO
Pepe Nutria Noble,686508X,214304,RECHAZADO (Riesgo Salud/Financiero)
Matias Condor Sigiloso,773157X,690099,APROBADO
Francisco Puma Audaz,526643X,363119,APROBADO
Matias Zorro Noble,478062X,594848,APROBADO
Juan Zorro Veloz,733259X,239777,APROBADO
Francisco Ballena Austral,857943X,130293,RECHAZADO (Riesgo Salud/Financiero)
Matias Gato Austral,130884X,678746,APROBADO
Juan Condor Noble,719194X,111860,RECHAZADO (Riesgo Salud/Financiero)
Maria Nutria Audaz,522539X,762426,APROBADO
Coty Ballena Veloz,785075X,632444,RECHAZADO (Riesgo Salud/Financiero)
Sacha Nutria Veloz,448669X,722653,APROBADO
Francisco Puma Audaz,33005X,895316,APROBADO
Juan Gato Gigante,561581X,307914,APROBADO
Pancha Ballena Veloz,672801X,552926,RECHAZADO (Riesgo Salud/Financiero)
Lucho Leon Veloz,203823X,338487,APROBADO
Francisco Leon Rojo,402656X,870686,APROBADO
Coty Gato Sigiloso,389573X,309453,RECHAZADO (Riesgo Salud/Financiero)
Juan Perro Austral,410932X,88525,RECHAZADO (Riesgo Salud/Financiero)
Maria Nutria Noble,611780X,122820,APROBADO
Matias Zorro Audaz,885607X,141358,APROBADO
Matias Condor Gigante,905315X,450995,APROBADO
Francisco Gato Sigiloso,807027X,29504,RECHAZADO (Riesgo Salud/Financiero)
Maria Condor Austral,914835X,755834,APROBADO
Francisco Ballena Rojo,420068X,271506,RECHAZADO (Riesgo Salud/Financiero)
Juan Zorro Audaz,416562X,80270,APROBADO
Pepe Puma Salvage,374647X,844970,APROBADO
Maria Condor Noble,870941X,277272,APROBADO
Pancha Ballena Rojo,631155X,337874,APROBADO
Pancha Ballena Veloz,304733X,661115,RECHAZADO (Riesgo Salud/Financiero)
Matias Leon Salvage,903161X,93267,APROBADO
Matias Huemul Sigiloso,42108X,479005,RECHAZADO (Riesgo Salud/Financiero)
Lucho Ballena Veloz,898562X,429945,APROBADO
Pancha Zorro Rojo,220904X,294588,APROBADO
Francisco Condor Noble,586971X,840892,APROBADO
Maria Leon Austral,396880X,83587,APROBADO
Pepe Nutria Austral,875103X,285906,RECHAZADO (Riesgo Salud/Financiero)
Maria Leon Noble,529744X,864494,APROBADO
Matias Nutria Salvage,19420X,274303,APROBADO
Coty Zorro Veloz,397399X,649210,RECHAZADO (Riesgo Salud/Financiero)
Juan Nutria Austral,362789X,464412,APROBADO
Pancha Nutria Rojo,631017X,62238,APROBADO
Coty Perro Veloz,938560X,346361,RECHAZADO (Riesgo Salud/Financiero)
Pancha Zorro Austral,802333X,530550,RECHAZADO (Riesgo Salud/Financiero)
Pancha Huemul Audaz,728461X,526447,APROBADO
Sacha Condor Austral,242982X,255083,APROBADO
Juan Puma Gigante,422875X,414763,APROBADO
Pancha Ballena Austral,536064X,96210,APROBADO
Sacha Nutria Rojo,358010X,522064,APROBADO
Lucho Zorro Rojo,661511X,625777,APROBADO
Lucho Leon Salvage,566404X,777085,APROBADO
Pepe Nutria Sigiloso,428874X,572508,APROBADO
Matias Condor Veloz,127437X,666806,APROBADO
Juan Puma Rojo,163662X,351267,APROBADO
Juan Puma Austral,395160X,46320,APROBADO
Pancha Puma Audaz,924571X,852164,APROBADO
Sacha Puma Austral,741902X,572400,APROBADO
Matias Perro Noble,882801X,709016,APROBADO
Maria Leon Audaz,129718X,297440,APROBADO
Pancha Leon Noble,105267X,870981,APROBADO
Matias Nutria Noble,128142X,403107,APROBADO
Sacha Gato Sigiloso,703237X,526294,APROBADO
Pancha Huemul Sigiloso,998971X,509187,APROBADO
Pancha Huemul Sigiloso,903957X,37777,APROBADO
Juan Leon Gigante,303142X,874158,RECHAZADO (Riesgo Salud/Financiero)
Matias Zorro Rojo,656475X,664943,APROBADO
Sacha Zorro Noble,198447X,840915,RECHAZADO (Riesgo Salud/Financiero)
Pepe Nutria Austral,999188X,475018,APROBADO
Francisco Leon Noble,19332X,556137,APROBADO
Francisco Condor Austral,889977X,408856,APROBADO
Francisco Puma Noble,197926X,308328,RECHAZADO (Riesgo Salud/Financiero)
Pepe Perro Salvage,418795X,633441,APROBADO
Francisco Huemul Sigiloso,658768X,585178,APROBADO
Maria Zorro Noble,384198X,43999,APROBADO
Juan Perro Rojo,124041X,400406,APROBADO
Pancha Nutria Noble,695199X,18039,RECHAZADO (Riesgo Salud/Financiero)
Pepe Zorro Rojo,754296X,715312,APROBADO
Pepe Zorro Austral,131691X,31961,APROBADO
Lucho Nutria Audaz,337079X,441954,APROBADO
Pepe Huemul Gigante,480799X,325251,APROBADO
Maria Condor Audaz,735301X,132450,APROBADO
Matias Perro Austral,563071X,135968,RECHAZADO (Riesgo Salud/Financiero)
Coty Ballena Veloz,721741X,328669,APROBADO
Sacha Puma Rojo,204341X,31698,APROBADO
Sacha Condor Sigiloso,13944X,576871,APROBADO
Sacha Ballena Rojo,262724X,561917,APROBADO
Matias Nutria Veloz,778301X,142983,APROBADO
Coty Perro Rojo,509116X,518259,APROBADO
Lucho Zorro Veloz,750730X,719341,APROBADO
Maria Huemul Noble,113161X,186581,RECHAZADO (Riesgo Salud/Financiero)
Maria Nutria Veloz,16837X,318435,APROBADO
Francisco Puma Gigante,255077X,558527,APROBADO
Pancha Perro Sigiloso,976891X,65075,APROBADO
Sacha Zorro Veloz,612944X,443186,APROBADO
Pepe Perro Sigiloso,439048X,821365,APROBADO
Sacha Leon Gigante,825156X,707187,APROBADO
Sacha Huemul Austral,377025X,78159,APROBADO
Coty Ballena Austral,420170X,757681,APROBADO
Pancha Zorro Rojo,717622X,59990,APROBADO
Pepe Gato Salvage,95195X,654147,APROBADO
Pancha Perro Austral,171300X,666390,RECHAZADO (Riesgo Salud/Financiero)
Maria Leon Austral,432663X,285969,APROBADO
Francisco Zorro Gigante,307752X,563033,APROBADO
Juan Zorro Rojo,502659X,532380,RECHAZADO (Riesgo Salud/Financiero)
Coty Ballena Salvage,975386X,570430,RECHAZADO (Riesgo Salud/Financiero)
Francisco Gato Rojo,740529X,561040,APROBADO
Maria Condor Audaz,951732X,68263,APROBADO
Juan Zorro Noble,402073X,222163,RECHAZADO (Riesgo Salud/Financiero)
Pancha Condor Noble,653937X,452384,APROBADO
Matias Perro Austral,603880X,208844,APROBADO
Francisco Ballena Noble,598383X,38787,RECHAZADO (Riesgo Salud/Financiero)
Coty Perro Salvage,658252X,307429,APROBADO
Maria Ballena Rojo,288786X,53258,APROBADO
Juan Ballena Austral,154571X,118279,APROBADO
Maria Zorro Veloz,702800X,347083,APROBADO
Pepe Puma Austral,158709X,363848,APROBADO
Sacha Nutria Gigante,973590X,135042,APROBADO
Juan Huemul Audaz,707644X,881779,APROBADO
Coty Zorro Austral,199710X,811335,APROBADO
Juan Gato Veloz,511054X,138488,APROBADO
Lucho Zorro Audaz,996412X,289127,APROBADO
Maria Leon Sigiloso,505010X,819341,RECHAZADO (Riesgo Salud/Financiero)
Maria Huemul Gigante,940096X,388584,APROBADO
Matias Puma Sigiloso,794962X,606257,APROBADO
Coty Ballena Austral,584362X,343080,APROBADO
Coty Zorro Austral,535049X,235547,APROBADO
Coty Zorro Salvage,310304X,683456,RECHAZADO (Riesgo Salud/Financiero)
Pepe Huemul Audaz,591422X,91184,RECHAZADO (Riesgo Salud/Financiero)
Pancha Puma Sigiloso,775144X,339636,APROBADO
Pepe Nutria Veloz,647932X,642235,APROBADO
Coty Gato Noble,741352X,197089,APROBADO
Coty Ballena Veloz,847402X,582707,APROBADO
Juan Gato Noble,376573X,108051,APROBADO
Maria Condor Veloz,781457X,877928,APROBADO
Pepe Perro Salvage,591595X,706668,APROBADO
Pancha Puma Salvage,125011X,466922,APROBADO
Pancha Ballena Audaz,895419X,842950,APROBADO
Matias Zorro Salvage,642119X,739377,APROBADO
Maria Leon Veloz,671036X,378959,APROBADO
Maria Huemul Rojo,227681X,218838,APROBADO
Francisco Ballena Sigiloso,447521X,754904,APROBADO
Juan Nutria Salvage,430889X,501223,APROBADO
Coty Huemul Noble,173495X,115117,APROBADO
Pepe Condor Salvage,31516X,602700,APROBADO
Sacha Ballena Rojo,880041X,523117,APROBADO
Coty Ballena Sigiloso,864066X,655240,APROBADO
Maria Nutria Noble,61182X,321790,APROBADO
Coty Ballena Rojo,677309X,317692,APROBADO
Coty Perro Sigiloso,11281X,35966,APROBADO
Pancha Nutria Noble,723066X,777934,APROBADO
Lucho Puma Sigiloso,388702X,132841,APROBADO
Maria Huemul Veloz,350273X,82373,APROBADO
Lucho Condor Rojo,165853X,441395,RECHAZADO (Riesgo Salud/Financiero)
Matias Perro Noble,508786X,180961,APROBADO
Pancha Huemul Gigante,702836X,287357,RECHAZADO (Riesgo Salud/Financiero)
Pancha Leon Rojo,843241X,73733,APROBADO
Pepe Puma Salvage,267895X,819405,RECHAZADO (Riesgo Salud/Financiero)
Pancha Perro Gigante,518327X,750605,APROBADO
Matias Ballena Austral,188322X,569392,RECHAZADO (Riesgo Salud/Financiero)
Coty Condor Salvage,804961X,58087,APROBADO
Juan Puma Gigante,935753X,127824,RECHAZADO (Riesgo Salud/Financiero)
Pepe Leon Veloz,918080X,386725,APROBADO
Coty Huemul Salvage,285468X,494679,APROBADO
Pepe Condor Rojo,509486X,65497,RECHAZADO (Riesgo Salud/Financiero)
Juan Condor Noble,494652X,359862,APROBADO
Maria Nutria Noble,237015X,564336,APROBADO
Maria Zorro Austral,789564X,882670,APROBADO
Lucho Nutria Audaz,434784X,190660,APROBADO
Coty Zorro Rojo,127921X,460715,APROBADO
Pepe Ballena Noble,447561X,115626,APROBADO
Sacha Condor Austral,420503X,550634,APROBADO
Pancha Huemul Noble,365804X,128054,RECHAZADO (Riesgo Salud/Financiero)
Pancha Leon Gigante,678761X,657941,APROBADO
Sacha Nutria Audaz,118243X,776992,APROBADO
Sacha Nutria Audaz,247884X,518900,APROBADO
Pancha Condor Veloz,547623X,784033,APROBADO
Lucho Gato Salvage,687229X,859043,APROBADO
Matias Condor Austral,364495X,458429,APROBADO
Lucho Huemul Veloz,283145X,695717,APROBADO
Coty Nutria Gigante,123385X,55817,RECHAZADO (Riesgo Salud/Financiero)
Matias Condor Rojo,202387X,617648,APROBADO
Maria Puma Salvage,755374X,824431,APROBADO
Matias Condor Rojo,715090X,781532,APROBADO
Francisco Leon Audaz,914739X,737275,APROBADO
Juan Gato Noble,421397X,269049,APROBADO
Francisco Nutria Audaz,467791X,76262,RECHAZADO (Riesgo Salud/Financiero)
Maria Condor Salvage,582325X,484725,APROBADO
Francisco Zorro Sigiloso,38805X,861442,APROBADO
Coty Gato Noble,369650X,780540,APROBADO
Matias Condor Austral,571333X,59277,RECHAZADO (Riesgo Salud/Financiero)
Francisco Zorro Rojo,225006X,786710,APROBADO
Francisco Puma Sigiloso,148866X,842012,APROBADO
Maria Perro Rojo,968014X,494379,APROBADO
Francisco Leon Salvage,643814X,681326,APROBADO
Pepe Puma Gigante,135428X,223029,APROBADO
Juan Perro Noble,682457X,282661,APROBADO
Pancha Gato Noble,744096X,46661,APROBADO
Matias Perro Sigiloso,91260X,527448,RECHAZADO (Riesgo Salud/Financiero)
Matias Zorro Noble,673826X,885030,APROBADO
Francisco Gato Gigante,196924X,597902,APROBADO
Matias Zorro Noble,77206X,378823,APROBADO
Pancha Huemul Sigiloso,688574X,770969,APROBADO
Maria Huemul Sigiloso,167785X,327617,APROBADO
Francisco Puma Gigante,412128X,333095,APROBADO
Pepe Puma Austral,709737X,154373,RECHAZADO (Riesgo Salud/Financiero)
Pepe Condor Audaz,77692X,865835,APROBADO
Pepe Gato Audaz,643295X,802297,APROBADO
Coty Puma Veloz,736579X,530474,APROBADO
Juan Ballena Gigante,85864X,585988,RECHAZADO (Riesgo Salud/Financiero)
Juan Zorro Salvage,122118X,225256,APROBADO
Pancha Zorro Sigiloso,387987X,71561,APROBADO
Pancha Nutria Rojo,192553X,321740,RECHAZADO (Riesgo Salud/Financiero)
Maria Leon Austral,135658X,92341,RECHAZADO (Riesgo Salud/Financiero)
Coty Puma Salvage,213547X,573367,APROBADO
Juan Perro Veloz,960511X,485268,APROBADO
Coty Huemul Austral,425539X,651890,APROBADO
Matias Leon Veloz,751200X,717048,RECHAZADO (Riesgo Salud/Financiero)
Coty Gato Audaz,685706X,878101,APROBADO
Lucho Nutria Audaz,14188X,82702,RECHAZADO (Riesgo Salud/Financiero)
Juan Ballena Rojo,493088X,832642,APROBADO
Lucho Zorro Salvage,814328X,834300,APROBADO
Juan Zorro Gigante,777084X,248016,APROBADO
Sacha Gato Austral,393776X,442725,RECHAZADO (Riesgo Salud/Financiero)
Pancha Condor Salvage,904839X,116464,APROBADO
Matias Zorro Veloz,213716X,380103,APROBADO
Sacha Ballena Audaz,869872X,273754,APROBADO
Francisco Condor Noble,891377X,363170,APROBADO
Pancha Nutria Rojo,532627X,67360,RECHAZADO (Riesgo Salud/Financiero)
Pepe Zorro Rojo,584414X,362330,APROBADO
Maria Zorro Gigante,126913X,197868,APROBADO
Maria Zorro Noble,519923X,798807,APROBADO
Coty Huemul Noble,620650X,266640,APROBADO
Lucho Perro Gigante,514794X,199781,APROBADO
Sacha Perro Noble,660706X,79653,APROBADO
Coty Ballena Veloz,684821X,509903,APROBADO
Francisco Zorro Salvage,167597X,313219,APROBADO
Juan Ballena Noble,853355X,729864,APROBADO
Pepe Huemul Austral,696186X,194565,APROBADO
Coty Zorro Salvage,610207X,292132,RECHAZADO (Riesgo Salud/Financiero)
Juan Leon Rojo,627680X,30439,APROBADO
Maria Huemul Salvage,422350X,110181,APROBADO
Juan Zorro Gigante,512041X,167261,APROBADO
Maria Leon Veloz,550574X,405089,APROBADO
Francisco Huemul Austral,520085X,773271,APROBADO
Lucho Zorro Gigante,480089X,94420,RECHAZADO (Riesgo Salud/Financiero)
Maria Gato Austral,556772X,436848,APROBADO
Maria Leon Gigante,152345X,686068,APROBADO
Pancha Ballena Noble,479687X,454853,RECHAZADO (Riesgo Salud/Financiero)
Lucho Zorro Austral,883293X,37900,APROBADO
Lucho Condor Noble,802599X,213871,APROBADO
Juan Puma Veloz,626914X,830850,RECHAZADO (Riesgo Salud/Financiero)
Maria Leon Veloz,631582X,189245,RECHAZADO (Riesgo Salud/Financiero)
Francisco Ballena Rojo,549362X,659515,RECHAZADO (Riesgo Salud/Financiero)
Pepe Zorro Salvage,550187X,202549,RECHAZADO (Riesgo Salud/Financiero)
Pancha Condor Gigante,699037X,316038,APROBADO
Sacha Puma Rojo,791109X,44481,APROBADO
Matias Leon Veloz,610718X,267370,APROBADO
Pancha Puma Salvage,485482X,330170,APROBADO
Juan Perro Veloz,876316X,854716,RECHAZADO (Riesgo Salud/Financiero)
Pancha Puma Salvage,278451X,30412,APROBADO
Juan Nutria Salvage,148636X,252256,APROBADO
Pepe Leon Gigante,169825X,731383,RECHAZADO (Riesgo Salud/Financiero)
Pepe Condor Veloz,658867X,885235,APROBADO
Juan Ballena Rojo,974774X,335267,APROBADO
Pepe Puma Noble,174346X,857955,APROBADO
Coty Perro Sigiloso,534509X,420166,APROBADO
Pepe Ballena Salvage,363671X,319754,APROBADO
Maria Zorro Audaz,856931X,405317,APROBADO
Francisco Condor Noble,609273X,29935,APROBADO
Pancha Leon Austral,218291X,177534,APROBADO
Matias Gato Noble,780224X,181051,RECHAZADO (Riesgo Salud/Financiero)
Matias Ballena Austral,318727X,678769,APROBADO
Lucho Zorro Austral,494010X,827278,APROBADO
Maria Zorro Gigante,272118X,638849,APROBADO
Pepe Nutria Rojo,45953X,784374,RECHAZADO (Riesgo Salud/Financiero)
Coty Ballena Gigante,466461X,623063,APROBADO
Coty Puma Austral,102216X,617138,RECHAZADO (Riesgo Salud/Financiero)
Pepe Leon Sigiloso,187853X,746484,APROBADO
Matias Leon Austral,392035X,520554,APROBADO
Lucho Perro Audaz,94976X,196360,RECHAZADO (Riesgo Salud/Financiero)
Matias Perro Salvage,937654X,683733,APROBADO
Matias Perro Noble,320580X,861569,APROBADO
Matias Puma Gigante,843702X,69752,APROBADO
Francisco Puma Sigiloso,640390X,400488,RECHAZADO (Riesgo Salud/Financiero)
Matias Leon Noble,547181X,686227,APROBADO
Pancha Zorro Austral,623177X,333812,RECHAZADO (Riesgo Salud/Financiero)
Maria Puma Noble,104890X,48432,APROBADO
Pancha Leon Austral,878432X,225518,APROBADO
Lucho Condor Austral,570758X,195538,APROBADO
Sacha Huemul Gigante,23360X,663983,APROBADO
Pepe Nutria Veloz,275678X,131494,RECHAZADO (Riesgo Salud/Financiero)
Maria Nutria Salvage,391090X,152244,APROBADO
Maria Condor Rojo,791743X,720566,APROBADO
Pancha Nutria Rojo,458584X,365921,APROBADO
Maria Perro Audaz,147179X,400936,APROBADO
Francisco Nutria Veloz,820404X,835421,APROBADO
Pepe Puma Salvage,320552X,832168,RECHAZADO (Riesgo Salud/Financiero)
Matias Zorro Veloz,804523X,49965,APROBADO
Matias Nutria Audaz,417397X,162629,APROBADO
Pancha Ballena Veloz,992769X,448797,APROBADO
Pancha Ballena Noble,885829X,773261,APROBADO
Coty Condor Noble,734049X,345754,RECHAZADO (Riesgo Salud/Financiero)
Maria Condor Salvage,143245X,761757,APROBADO
Coty Condor Noble,814231X,896628,APROBADO
Francisco Gato Gigante,880989X,41242,RECHAZADO (Riesgo Salud/Financiero)
Sacha Condor Austral,94997X,364626,APROBADO
Pancha Perro Gigante,672467X,375766,APROBADO
Francisco Leon Sigiloso,999558X,821066,APROBADO
Matias Zorro Gigante,377332X,398794,APROBADO
Juan Gato Sigiloso,614341X,285187,APROBADO
Pepe Gato Noble,913488X,622620,APROBADO
Lucho Perro Rojo,351374X,41069,APROBADO
Sacha Puma Audaz,234512X,312247,APROBADO
Maria Huemul Austral,992324X,638752,APROBADO
Sacha Puma Salvage,219914X,394549,APROBADO
Pancha Ballena Rojo,48067X,298185,APROBADO
Pepe Leon Austral,863094X,595119,APROBADO
Maria Puma Noble,122771X,667901,APROBADO
Pepe Condor Rojo,511483X,183686,RECHAZADO (Riesgo Salud/Financiero)
Lucho Ballena Audaz,700791X,514123,APROBADO
Matias Puma Veloz,543544X,253255,APROBADO
Sacha Ballena Rojo,946898X,586407,APROBADO
Coty Gato Salvage,4327X,249076,APROBADO
Matias Leon Audaz,583456X,812702,APROBADO
Pepe Condor Austral,332723X,83816,APROBADO
Maria Ballena Veloz,463762X,837052,APROBADO
Maria Condor Salvage,321115X,480077,APROBADO
Sacha Nutria Sigiloso,599984X,578539,APROBADO
Juan Puma Audaz,759479X,527413,RECHAZADO (Riesgo Salud/Financiero)
Sacha Zorro Veloz,182770X,847163,APROBADO
Juan Leon Salvage,897514X,189779,RECHAZADO (Riesgo Salud/Financiero)
Coty Gato Gigante,443667X,696155,APROBADO
Pepe Puma Rojo,137758X,253658,APROBADO
Juan Zorro Gigante,814318X,517581,APROBADO
Matias Leon Rojo,234069X,456778,APROBADO
Pancha Zorro Noble,266190X,84921,APROBADO
Maria Ballena Rojo,984889X,387972,APROBADO
Juan Nutria Gigante,975848X,769250,RECHAZADO (Riesgo Salud/Financiero)
Pancha Nutria Audaz,797728X,790185,RECHAZADO (Riesgo Salud/Financiero)
Pancha Zorro Noble,715246X,886856,APROBADO
Sacha Puma Audaz,669161X,643242,APROBADO
Pepe Perro Gigante,347450X,863022,APROBADO
Maria Gato Sigiloso,912883X,817160,APROBADO
Maria Gato Veloz,396802X,849347,APROBADO
Lucho Gato Veloz,370768X,142953,APROBADO
Matias Huemul Rojo,574482X,693932,RECHAZADO (Riesgo Salud/Financiero)
Lucho Zorro Audaz,32026X,141310,RECHAZADO (Riesgo Salud/Financiero)
Coty Zorro Salvage,956864X,26191,RECHAZADO (Riesgo Salud/Financiero)
Lucho Nutria Austral,47113X,133501,RECHAZADO (Riesgo Salud/Financiero)
Pepe Ballena Salvage,456738X,376308,APROBADO
Pancha Nutria Austral,813338X,866461,RECHAZADO (Riesgo Salud/Financiero)
Matias Zorro Rojo,837963X,758926,APROBADO
Matias Puma Austral,461652X,428286,APROBADO
Lucho Zorro Salvage,850463X,699688,RECHAZADO (Riesgo Salud/Financiero)
Francisco Gato Salvage,924609X,84300,APROBADO
Francisco Nutria Audaz,349337X,309924,RECHAZADO (Riesgo Salud/Financiero)
Sacha Condor Salvage,591081X,763155,APROBADO
Francisco Puma Veloz,135251X,166281,APROBADO
Pancha Gato Noble,630460X,406604,APROBADO
Pancha Gato Sigiloso,651904X,627776,APROBADO
Pancha Huemul Rojo,221803X,564378,APROBADO
Francisco Gato Gigante,613724X,23680,APROBADO
Lucho Zorro Salvage,741059X,661278,RECHAZADO (Riesgo Salud/Financiero)
Sacha Condor Salvage,809643X,254848,APROBADO
Lucho Leon Veloz,508463X,689786,APROBADO
Francisco Ballena Gigante,185257X,852018,APROBADO
Francisco Zorro Austral,729179X,789092,APROBADO
Juan Perro Sigiloso,984836X,610959,APROBADO
Matias Nutria Austral,326379X,727560,RECHAZADO (Riesgo Salud/Financiero)
Coty Leon Noble,462187X,892641,APROBADO
Maria Zorro Sigiloso,37051X,434237,APROBADO
Francisco Huemul Veloz,997454X,612167,RECHAZADO (Riesgo Salud/Financiero)
Lucho Condor Salvage,363414X,288135,APROBADO
Francisco Nutria Noble,719604X,879264,APROBADO
Lucho Condor Rojo,984490X,872450,APROBADO
Sacha Leon Veloz,898702X,758459,APROBADO
Maria Huemul Noble,580023X,685461,APROBADO
Lucho Gato Sigiloso,563741X,614826,RECHAZADO (Riesgo Salud/Financiero)
Coty Gato Noble,715425X,203711,APROBADO
Matias Gato Audaz,417849X,702253,APROBADO
Matias Puma Gigante,775018X,112836,APROBADO
Lucho Leon Noble,791957X,734513,APROBADO
Juan Huemul Audaz,790262X,836902,APROBADO
Pancha Zorro Sigiloso,902826X,396588,APROBADO
Juan Ballena Salvage,208092X,127781,APROBADO
Matias Nutria Sigiloso,558864X,607833,APROBADO
Francisco Zorro Gigante,487290X,432563,RECHAZADO (Riesgo Salud/Financiero)
Coty Huemul Austral,312144X,449467,APROBADO
Lucho Perro Sigiloso,669336X,44505,APROBADO
Lucho Ballena Sigiloso,943549X,553885,APROBADO
Maria Ballena Sigiloso,514049X,128390,APROBADO
Juan Huemul Veloz,501498X,212866,RECHAZADO (Riesgo Salud/Financiero)
Pancha Gato Veloz,162278X,862461,APROBADO
Lucho Nutria Austral,306861X,212034,APROBADO
Lucho Condor Rojo,666143X,210880,APROBADO
Maria Perro Austral,906368X,550906,APROBADO
Pepe Leon Austral,586438X,833406,APROBADO
Coty Zorro Veloz,215295X,216554,APROBADO
Pancha Ballena Salvage,195365X,821844,APROBADO
Juan Ballena Sigiloso,159337X,360141,APROBADO
Lucho Perro Rojo,875255X,200558,RECHAZADO (Riesgo Salud/Financiero)
Pancha Ballena Audaz,246215X,568855,APROBADO
Coty Ballena Austral,725390X,583252,APROBADO
Francisco Zorro Gigante,272087X,475916,APROBADO
Lucho Condor Sigiloso,534134X,830894,APROBADO
Pancha Nutria Sigiloso,673624X,438725,RECHAZADO (Riesgo Salud/Financiero)
Pepe Leon Rojo,882496X,887751,APROBADO
Matias Zorro Austral,46496X,286613,APROBADO
Coty Zorro Gigante,242478X,99768,RECHAZADO (Riesgo Salud/Financiero)
Pancha Leon Noble,37333X,857173,APROBADO
Maria Ballena Salvage,350432X,463331,APROBADO
Lucho Condor Gigante,815434X,304487,RECHAZADO (Riesgo Salud/Financiero)
Pepe Zorro Austral,821748X,578056,APROBADO
Francisco Nutria Sigiloso,398834X,565125,RECHAZADO (Riesgo Salud/Financiero)
Pancha Condor Noble,371723X,429218,APROBADO
Francisco Gato Veloz,38620X,459284,APROBADO
Pancha Perro Austral,632775X,758758,APROBADO
Coty Leon Sigiloso,662965X,513347,APROBADO
Pancha Condor Gigante,537886X,363852,RECHAZADO (Riesgo Salud/Financiero)
Maria Huemul Salvage,368094X,831309,APROBADO
Pepe Zorro Sigiloso,496230X,660601,APROBADO
Juan Leon Veloz,924901X,269204,APROBADO
Maria Puma Rojo,912941X,209591,APROBADO
Sacha Condor Gigante,702715X,620490,APROBADO
Lucho Perro Audaz,919806X,730838,APROBADO
Maria Condor Rojo,95837X,835052,APROBADO
Lucho Ballena Gigante,638543X,781859,RECHAZADO (Riesgo Salud/Financiero)
Pancha Perro Veloz,658748X,188054,APROBADO
Francisco Nutria Salvage,905360X,618284,APROBADO
Pepe Nutria Sigiloso,191128X,896185,RECHAZADO (Riesgo Salud/Financiero)
Juan Gato Salvage,243551X,121375,RECHAZADO (Riesgo Salud/Financiero)
Coty Puma Rojo,847552X,425518,APROBADO
Pepe Condor Austral,665279X,131960,APROBADO
Juan Condor Rojo,11507X,448838,APROBADO
Lucho Nutria Austral,320731X,472426,APROBADO
Pepe Leon Gigante,594964X,180556,APROBADO
Coty Nutria Veloz,945797X,370403,APROBADO
Lucho Ballena Austral,979523X,512040,APROBADO
Pepe Zorro Gigante,443105X,88081,APROBADO
Maria Leon Gigante,529981X,675660,APROBADO
Matias Ballena Noble,631148X,197275,APROBADO
Pancha Perro Audaz,315630X,283467,APROBADO
Lucho Huemul Audaz,453676X,489447,APROBADO
Maria Condor Salvage,410995X,457291,APROBADO
Maria Puma Sigiloso,538846X,165218,RECHAZADO (Riesgo Salud/Financiero)
Lucho Gato Noble,697199X,810314,APROBADO
Juan Gato Veloz,729259X,326297,APROBADO
Pancha Puma Audaz,897884X,374828,APROBADO
Pancha Nutria Salvage,183424X,48657,RECHAZADO (Riesgo Salud/Financiero)
Juan Puma Austral,749237X,120700,APROBADO
Sacha Ballena Gigante,551905X,86178,APROBADO
Lucho Ballena Rojo,286994X,187989,RECHAZADO (Riesgo Salud/Financiero)
Francisco Gato Rojo,820156X,866926,APROBADO
Pancha Gato Sigiloso,980195X,649073,APROBADO
Francisco Puma Noble,617963X,497430,APROBADO
Juan Gato Sigiloso,91678X,721012,APROBADO
Juan Leon Gigante,426198X,508260,APROBADO
Matias Condor Salvage,458901X,525971,RECHAZADO (Riesgo Salud/Financiero)
Francisco Condor Audaz,59203X,708554,APROBADO
Sacha Ballena Gigante,477885X,750124,APROBADO
Maria Leon Salvage,251284X,535245,APROBADO
Matias Nutria Austral,985986X,746764,APROBADO
Pepe Huemul Austral,689919X,173624,APROBADO
Pepe Huemul Gigante,698733X,144562,APROBADO
Matias Ballena Noble,414007X,721075,APROBADO
Coty Gato Veloz,632707X,106098,APROBADO
Lucho Condor Sigiloso,107448X,570822,APROBADO
Lucho Nutria Audaz,220520X,244530,APROBADO
Francisco Gato Noble,169766X,846244,APROBADO
Lucho Condor Sigiloso,270290X,469333,APROBADO
Matias Gato Rojo,831588X,423238,RECHAZADO (Riesgo Salud/Financiero)
Pancha Ballena Sigiloso,670283X,730105,APROBADO
Sacha Huemul Veloz,122330X,186196,APROBADO
Francisco Perro Salvage,82668X,257028,APROBADO
Pepe Condor Veloz,783796X,546519,APROBADO
Sacha Huemul Noble,373952X,446195,APROBADO
Pancha Perro Audaz,798894X,80640,APROBADO
Juan Nutria Rojo,395625X,573455,RECHAZADO (Riesgo Salud/Financiero)
Sacha Leon Noble,891533X,243302,RECHAZADO (Riesgo Salud/Financiero)
Lucho Gato Audaz,317365X,394902,APROBADO
Francisco Nutria Gigante,485368X,68974,APROBADO
Francisco Puma Gigante,479540X,659139,APROBADO
Matias Condor Audaz,315516X,259463,APROBADO
Sacha Zorro Salvage,271628X,654544,RECHAZADO (Riesgo Salud/Financiero)
Maria Leon Audaz,635493X,270960,RECHAZADO (Riesgo Salud/Financiero)
Lucho Perro Veloz,950807X,228161,APROBADO
Coty Huemul Gigante,702218X,643684,APROBADO
Lucho Puma Audaz,175575X,760421,RECHAZADO (Riesgo Salud/Financiero)
Pancha Condor Rojo,924496X,464575,APROBADO
Sacha Nutria Salvage,783144X,596290,RECHAZADO (Riesgo Salud/Financiero)
Juan Perro Veloz,547489X,721154,APROBADO
Matias Leon Austral,210826X,340320,APROBADO
Lucho Ballena Audaz,231636X,215075,APROBADO
Juan Gato Salvage,467549X,514208,APROBADO
Juan Zorro Noble,781272X,76530,APROBADO
Pepe Perro Noble,303732X,672441,APROBADO
Coty Huemul Salvage,82267X,772930,APROBADO
Juan Ballena Veloz,605174X,713345,APROBADO
Coty Zorro Austral,35075X,349778,RECHAZADO (Riesgo Salud/Financiero)
Sacha Perro Noble,781759X,657856,RECHAZADO (Riesgo Salud/Financiero)
Matias Zorro Salvage,175287X,265855,APROBADO
Lucho Condor Noble,516375X,320554,RECHAZADO (Riesgo Salud/Financiero)
Sacha Leon Rojo,738381X,29969,RECHAZADO (Riesgo Salud/Financiero)
Sacha Ballena Austral,644191X,462796,APROBADO
Maria Leon Rojo,645722X,857337,RECHAZADO (Riesgo Salud/Financiero)
Lucho Huemul Sigiloso,427526X,528485,APROBADO
Sacha Puma Veloz,519882X,573569,APROBADO
Lucho Gato Audaz,706338X,62565,APROBADO
Coty Zorro Noble,135293X,545097,RECHAZADO (Riesgo Salud/Financiero)
Matias Leon Noble,578284X,81194,APROBADO
Juan Huemul Veloz,369758X,113909,APROBADO
Pancha Gato Austral,218922X,520801,RECHAZADO (Riesgo Salud/Financiero)
Pancha Gato Noble,763039X,234297,APROBADO
Francisco Perro Salvage,803644X,57972,APROBADO
Sacha Gato Austral,269916X,69939,APROBADO
Matias Nutria Noble,28299X,22684,APROBADO
Coty Condor Veloz,771418X,260781,RECHAZADO (Riesgo Salud/Financiero)
Matias Perro Rojo,956214X,286685,APROBADO
Matias Perro Gigante,139979X,861255,APROBADO
Maria Puma Audaz,139340X,84980,APROBADO
Francisco Huemul Sigiloso,765445X,175141,RECHAZADO (Riesgo Salud/Financiero)
Coty Puma Noble,462008X,233276,APROBADO
Coty Nutria Veloz,237143X,837735,APROBADO
Lucho Nutria Austral,86397X,580648,APROBADO
Francisco Nutria Noble,886103X,788513,APROBADO
Matias Ballena Gigante,543017X,855548,APROBADO
Francisco Condor Salvage,990715X,854399,RECHAZADO (Riesgo Salud/Financiero)
Coty Huemul Audaz,825583X,493527,APROBADO
Pepe Huemul Veloz,805744X,330638,APROBADO
Maria Zorro Noble,493011X,634692,APROBADO
Sacha Puma Audaz,249533X,694556,APROBADO
Sacha Condor Audaz,420596X,478763,APROBADO
Matias Perro Sigiloso,706229X,409431,APROBADO
Pancha Ballena Austral,549014X,57236,APROBADO
Maria Condor Audaz,664219X,329066,APROBADO
Matias Huemul Gigante,264116X,283753,APROBADO
Francisco Puma Sigiloso,526247X,133732,APROBADO
Lucho Puma Salvage,592254X,406179,APROBADO
Sacha Huemul Rojo,228180X,24989,APROBADO
Lucho Perro Austral,662150X,104500,RECHAZADO (Riesgo Salud/Financiero)
Sacha Zorro Rojo,243483X,504097,APROBADO
Sacha Puma Rojo,226670X,595393,APROBADO
Lucho Puma Audaz,301376X,823018,APROBADO
Juan Zorro Gigante,448145X,280791,APROBADO
Sacha Nutria Gigante,941000X,502596,APROBADO
Francisco Gato Sigiloso,314445X,218813,APROBADO
Matias Condor Austral,34951X,470452,RECHAZADO (Riesgo Salud/Financiero)
Pancha Huemul Sigiloso,789341X,483759,APROBADO
Pancha Zorro Veloz,433231X,178167,RECHAZADO (Riesgo Salud/Financiero)
Francisco Puma Sigiloso,535536X,292851,APROBADO
Maria Zorro Noble,340416X,60933,APROBADO
Coty Ballena Sigiloso,852666X,520429,APROBADO
Pancha Leon Sigiloso,545571X,755422,APROBADO
Lucho Leon Austral,809398X,875550,RECHAZADO (Riesgo Salud/Financiero)
Pancha Puma Austral,948945X,428193,APROBADO
Francisco Nutria Sigiloso,482932X,370165,APROBADO
Maria Gato Rojo,306934X,546086,APROBADO
Pepe Gato Audaz,589396X,376176,APROBADO
Francisco Perro Salvage,533607X,35431,APROBADO
Pepe Leon Austral,506393X,116085,APROBADO
Francisco Huemul Gigante,286523X,548762,APROBADO
Juan Perro Audaz,699945X,587992,APROBADO
Juan Perro Audaz,556278X,484809,APROBADO
Matias Perro Salvage,352884X,377439,APROBADO
Maria Huemul Salvage,385097X,500173,RECHAZADO (Riesgo Salud/Financiero)
Pepe Nutria Veloz,550975X,284199,RECHAZADO (Riesgo Salud/Financiero)
Sacha Leon Veloz,417587X,693077,APROBADO
Juan Puma Salvage,355341X,549653,RECHAZADO (Riesgo Salud/Financiero)
Lucho Condor Veloz,428072X,707581,APROBADO
Lucho Gato Salvage,678296X,623087,APROBADO
Sacha Zorro Audaz,571545X,692274,APROBADO
Pancha Gato Austral,939235X,352737,RECHAZADO (Riesgo Salud/Financiero)
Maria Puma Austral,223540X,885175,RECHAZADO (Riesgo Salud/Financiero)
Juan Nutria Gigante,748705X,692714,APROBADO
Lucho Condor Rojo,501516X,514279,APROBADO
Juan Ballena Austral,452139X,95755,RECHAZADO (Riesgo Salud/Financiero)
Francisco Perro Gigante,263553X,101670,APROBADO
Matias Zorro Austral,274711X,115521,APROBADO
Sacha Puma Sigiloso,270286X,130817,APROBADO
Pancha Perro Sigiloso,342357X,272473,APROBADO
Maria Zorro Sigiloso,84088X,600275,APROBADO
Maria Perro Austral,871352X,155564,APROBADO
Maria Gato Sigiloso,881057X,665604,APROBADO
Pepe Nutria Audaz,947032X,275274,APROBADO
Sacha Huemul Veloz,443261X,775743,RECHAZADO (Riesgo Salud/Financiero)
Juan Huemul Noble,896521X,853035,RECHAZADO (Riesgo Salud/Financiero)
Juan Nutria Veloz,678115X,40081,APROBADO
Maria Leon Noble,436074X,452426,APROBADO
Maria Nutria Sigiloso,843360X,41708,APROBADO
Francisco Condor Veloz,457003X,396126,APROBADO
Pepe Leon Austral,454423X,457774,APROBADO
Pepe Perro Austral,217283X,488725,APROBADO
Pepe Puma Rojo,644376X,493386,APROBADO
Matias Leon Austral,386618X,825580,APROBADO
Pancha Perro Austral,958115X,413423,APROBADO
Sacha Ballena Audaz,892404X,111439,APROBADO
Juan Zorro Austral,393938X,751835,RECHAZADO (Riesgo Salud/Financiero)
Lucho Ballena Noble,367087X,15986,APROBADO
Pancha Nutria Austral,60254X,228191,APROBADO
Pancha Gato Austral,776539X,712972,RECHAZADO (Riesgo Salud/Financiero)
Maria Gato Rojo,419580X,311053,APROBADO
Lucho Gato Salvage,503072X,37457,RECHAZADO (Riesgo Salud/Financiero)
Sacha Leon Rojo,103773X,819561,RECHAZADO (Riesgo Salud/Financiero)
Matias Nutria Gigante,443056X,209435,APROBADO
Pepe Ballena Gigante,32014X,740016,APROBADO
Juan Zorro Sigiloso,653968X,581423,APROBADO
Juan Zorro Gigante,689958X,171693,RECHAZADO (Riesgo Salud/Financiero)
Sacha Leon Audaz,563324X,158009,APROBADO
Juan Huemul Salvage,979682X,665858,RECHAZADO (Riesgo Salud/Financiero)
Juan Nutria Rojo,562219X,312959,APROBADO
Pepe Ballena Noble,241895X,840702,APROBADO
Francisco Leon Gigante,770213X,269709,RECHAZADO (Riesgo Salud/Financiero)
Matias Nutria Noble,147759X,673282,APROBADO
Lucho Perro Audaz,160345X,35807,APROBADO
Lucho Puma Noble,27198X,640569,APROBADO
Pancha Zorro Noble,197762X,262548,RECHAZADO (Riesgo Salud/Financiero)
Francisco Gato Salvage,632410X,359591,APROBADO
Coty Perro Gigante,621895X,403307,RECHAZADO (Riesgo Salud/Financiero)
Matias Ballena Sigiloso,903241X,457997,APROBADO
Matias Huemul Rojo,876718X,705514,APROBADO
Coty Ballena Sigiloso,193320X,651684,APROBADO
Juan Huemul Gigante,284983X,353237,RECHAZADO (Riesgo Salud/Financiero)
Matias Puma Audaz,926431X,269798,RECHAZADO (Riesgo Salud/Financiero)
Coty Leon Salvage,522233X,705551,APROBADO
Pancha Condor Sigiloso,981438X,30013,APROBADO
Sacha Ballena Veloz,295498X,756503,APROBADO
Lucho Zorro Rojo,660609X,530239,APROBADO
Juan Perro Austral,533843X,576568,APROBADO
Coty Zorro Noble,338172X,878292,APROBADO
Sacha Ballena Sigiloso,307258X,504171,RECHAZADO (Riesgo Salud/Financiero)
Pancha Huemul Noble,879143X,279333,APROBADO
Pancha Gato Noble,516277X,478990,APROBADO
Coty Puma Rojo,789441X,352897,APROBADO
Sacha Nutria Salvage,532663X,777489,APROBADO
Matias Zorro Veloz,94492X,68290,APROBADO
Pancha Leon Veloz,51979X,175467,APROBADO
Lucho Leon Audaz,13971X,735711,RECHAZADO (Riesgo Salud/Financiero)
Pancha Huemul Gigante,108679X,57923,APROBADO
Lucho Condor Gigante,560026X,804346,APROBADO
Juan Huemul Salvage,707603X,468670,APROBADO
Coty Perro Noble,88962X,605268,APROBADO
Sacha Gato Austral,760741X,284798,APROBADO
Juan Perro Austral,128332X,829104,RECHAZADO (Riesgo Salud/Financiero)
Francisco Gato Salvage,557977X,19974,RECHAZADO (Riesgo Salud/Financiero)
Pancha Gato Rojo,716160X,776562,RECHAZADO (Riesgo Salud/Financiero)
Pancha Perro Sigiloso,806669X,895872,APROBADO
Pancha Puma Gigante,102132X,160883,APROBADO
Pancha Ballena Audaz,376594X,513536,APROBADO
Matias Leon Austral,829160X,629857,APROBADO
Coty Zorro Noble,655935X,385854,APROBADO
Pancha Gato Audaz,443455X,363278,APROBADO
Pancha Ballena Sigiloso,468826X,468389,APROBADO
Pepe Ballena Veloz,723683X,56630,RECHAZADO (Riesgo Salud/Financiero)
Juan Nutria Rojo,741150X,849818,APROBADO
Pepe Leon Noble,697138X,793546,RECHAZADO (Riesgo Salud/Financiero)
Lucho Gato Gigante,773545X,163431,APROBADO
Francisco Perro Sigiloso,697882X,189956,APROBADO
Sacha Gato Sigiloso,524718X,509387,APROBADO
Pancha Leon Salvage,892900X,635413,APROBADO
Sacha Zorro Audaz,402605X,228433,APROBADO
Pepe Zorro Rojo,597225X,214544,APROBADO
Juan Nutria Gigante,564305X,539883,APROBADO
Maria Gato Sigiloso,488755X,111299,APROBADO
Francisco Huemul Veloz,874428X,70989,APROBADO
Lucho Condor Rojo,394294X,441200,APROBADO
Juan Condor Sigiloso,25799X,383719,APROBADO
Juan Leon Rojo,845956X,898838,APROBADO
Matias Puma Rojo,532965X,119292,APROBADO
Juan Zorro Noble,464035X,628314,APROBADO
Juan Zorro Salvage,150597X,603695,RECHAZADO (Riesgo Salud/Financiero)
Lucho Nutria Austral,877275X,288137,APROBADO
Pepe Perro Sigiloso,816985X,20422,APROBADO
Sacha Huemul Audaz,30887X,172935,RECHAZADO (Riesgo Salud/Financiero)
Pancha Zorro Salvage,219396X,522296,RECHAZADO (Riesgo Salud/Financiero)
Francisco Condor Gigante,921180X,565288,APROBADO
Pancha Gato Sigiloso,264770X,266531,APROBADO
Francisco Condor Rojo,300551X,168446,APROBADO
Pepe Huemul Austral,718529X,364797,APROBADO
Francisco Leon Rojo,99117X,839022,APROBADO
Lucho Leon Sigiloso,467262X,684296,APROBADO
Matias Ballena Noble,770878X,212622,APROBADO
Sacha Zorro Gigante,92313X,348082,RECHAZADO (Riesgo Salud/Financiero)
Sacha Puma Veloz,901043X,688592,APROBADO
Lucho Nutria Salvage,988616X,853906,RECHAZADO (Riesgo Salud/Financiero)
Pancha Condor Veloz,997761X,818827,RECHAZADO (Riesgo Salud/Financiero)
Pancha Leon Sigiloso,877690X,271736,APROBADO
Lucho Perro Austral,835171X,41595,APROBADO
Pepe Gato Noble,495596X,528915,APROBADO
Sacha Condor Noble,349479X,391746,RECHAZADO (Riesgo Salud/Financiero)
Maria Perro Veloz,24734X,420615,APROBADO
Maria Gato Austral,713136X,897632,APROBADO
Pancha Zorro Veloz,797921X,320853,APROBADO
Pancha Gato Audaz,575288X,633468,APROBADO
Matias Leon Austral,80878X,248780,APROBADO
Matias Ballena Salvage,987667X,760537,APROBADO
Lucho Ballena Audaz,938168X,482732,RECHAZADO (Riesgo Salud/Financiero)
Francisco Condor Gigante,148027X,398998,APROBADO
Francisco Condor Salvage,237928X,793987,APROBADO
Maria Puma Gigante,52760X,734584,APROBADO
Maria Gato Veloz,479721X,887725,APROBADO
Juan Huemul Gigante,122092X,501737,APROBADO
Sacha Zorro Salvage,238886X,876961,APROBADO
Matias Huemul Sigiloso,817775X,159576,APROBADO
Maria Puma Noble,478949X,319543,APROBADO
Francisco Zorro Rojo,621970X,880340,APROBADO
Coty Perro Audaz,544336X,705003,APROBADO
Juan Gato Veloz,997269X,128816,APROBADO
Sacha Nutria Audaz,982196X,689147,APROBADO
Pepe Leon Noble,166295X,318237,APROBADO
Pepe Condor Austral,729644X,262666,APROBADO
Sacha Leon Austral,536914X,462669,APROBADO
Juan Huemul Gigante,590606X,180451,APROBADO
Pepe Ballena Veloz,615873X,487451,APROBADO
Lucho Gato Sigiloso,494004X,249417,APROBADO
Matias Ballena Rojo,196290X,37281,APROBADO
Maria Zorro Veloz,149729X,702308,APROBADO
Francisco Condor Veloz,789196X,807085,APROBADO
Maria Huemul Rojo,817554X,727813,APROBADO
Francisco Perro Gigante,436242X,512416,APROBADO
Juan Condor Rojo,880650X,83251,RECHAZADO (Riesgo Salud/Financiero)
Pepe Nutria Salvage,202038X,781283,APROBADO
Coty Huemul Rojo,206601X,26328,APROBADO
Lucho Gato Salvage,360268X,742958,APROBADO
Pepe Puma Austral,861058X,564250,APROBADO
Matias Perro Sigiloso,769354X,393256,RECHAZADO (Riesgo Salud/Financiero)
Juan Leon Sigiloso,973893X,168459,APROBADO
Coty Puma Audaz,713970X,557295,APROBADO
Coty Nutria Austral,564810X,831316,APROBADO
Coty Ballena Gigante,623044X,418565,APROBADO
Francisco Perro Gigante,907544X,369742,APROBADO
Maria Nutria Austral,564921X,817647,APROBADO
Maria Ballena Veloz,581891X,489196,RECHAZADO (Riesgo Salud/Financiero)
Pancha Condor Gigante,80118X,248761,APROBADO
Pancha Perro Audaz,405658X,216872,APROBADO
Francisco Ballena Noble,622166X,643400,RECHAZADO (Riesgo Salud/Financiero)
Pepe Leon Salvage,496863X,18152,APROBADO
Sacha Ballena Audaz,82801X,875535,APROBADO
Pepe Perro Salvage,346264X,492830,APROBADO
Juan Zorro Noble,350168X,630233,APROBADO
Maria Ballena Veloz,276636X,781336,RECHAZADO (Riesgo Salud/Financiero)
Pancha Ballena Gigante,316175X,413131,APROBADO
Juan Huemul Gigante,495781X,233973,RECHAZADO (Riesgo Salud/Financiero)
Pepe Gato Audaz,286723X,280673,APROBADO
Pancha Zorro Austral,128134X,102752,APROBADO
Pepe Perro Sigiloso,93238X,42637,APROBADO
Maria Puma Audaz,279246X,283835,RECHAZADO (Riesgo Salud/Financiero)
Coty Puma Veloz,82362X,254894,APROBADO
Matias Perro Rojo,456206X,638307,RECHAZADO (Riesgo Salud/Financiero)
Maria Huemul Noble,828490X,699650,APROBADO
Juan Condor Gigante,698134X,483890,APROBADO
Pepe Nutria Veloz,174082X,172543,APROBADO
Maria Condor Veloz,83923X,40659,APROBADO
Sacha Puma Austral,971315X,829535,APROBADO
Francisco Nutria Noble,706391X,300496,APROBADO
Lucho Zorro Veloz,59556X,152970,APROBADO
Coty Puma Gigante,303520X,169252,RECHAZADO (Riesgo Salud/Financiero)
Pepe Ballena Sigiloso,157322X,282129,APROBADO
Coty Condor Gigante,506598X,819312,APROBADO
Sacha Ballena Gigante,391412X,409564,APROBADO
Coty Leon Gigante,878350X,253237,APROBADO
Coty Leon Audaz,455221X,430219,APROBADO
Juan Leon Rojo,133470X,358642,APROBADO
Sacha Zorro Sigiloso,637910X,278999,APROBADO
Sacha Gato Veloz,456239X,15870,APROBADO
Coty Puma Veloz,67104X,467187,APROBADO
Juan Perro Noble,282962X,349705,APROBADO
Coty Ballena Sigiloso,800374X,198553,APROBADO
Pepe Puma Sigiloso,399500X,345689,APROBADO
Maria Puma Sigiloso,49499X,472093,RECHAZADO (Riesgo Salud/Financiero)
Sacha Zorro Audaz,898611X,539643,APROBADO
Matias Nutria Noble,256374X,201243,APROBADO
Francisco Perro Rojo,761681X,800548,APROBADO
Pepe Huemul Austral,15320X,582576,RECHAZADO (Riesgo Salud/Financiero)
Francisco Nutria Noble,55930X,680149,APROBADO
Francisco Puma Austral,477031X,262397,APROBADO
Matias Huemul Audaz,425537X,84389,APROBADO
Sacha Puma Gigante,236897X,301754,APROBADO
Lucho Gato Audaz,531473X,747576,APROBADO
Juan Ballena Sigiloso,787029X,343119,RECHAZADO (Riesgo Salud/Financiero)
Maria Zorro Veloz,552509X,749360,APROBADO
Francisco Huemul Veloz,490443X,625692,APROBADO
Matias Perro Veloz,323478X,506278,APROBADO
Juan Perro Sigiloso,217969X,565381,RECHAZADO (Riesgo Salud/Financiero)
Lucho Huemul Noble,932565X,665517,APROBADO
Coty Nutria Salvage,168958X,628032,APROBADO
Lucho Huemul Noble,713853X,234329,APROBADO
Francisco Gato Gigante,280294X,866132,APROBADO
Sacha Zorro Veloz,248872X,427730,APROBADO
Sacha Huemul Rojo,415002X,81588,APROBADO
Pancha Zorro Austral,935108X,213748,APROBADO
Juan Leon Veloz,884791X,823383,APROBADO
Lucho Huemul Noble,819389X,379626,APROBADO
Pancha Leon Austral,932835X,893344,RECHAZADO (Riesgo Salud/Financiero)
Maria Nutria Veloz,215877X,526562,RECHAZADO (Riesgo Salud/Financiero)
Juan Condor Noble,726330X,29152,RECHAZADO (Riesgo Salud/Financiero)
Pepe Perro Gigante,98248X,762360,RECHAZADO (Riesgo Salud/Financiero)
Lucho Zorro Sigiloso,731356X,732160,APROBADO
Coty Zorro Gigante,706006X,297232,APROBADO
Lucho Huemul Noble,398348X,849003,APROBADO
Matias Leon Noble,118478X,727492,APROBADO
Sacha Perro Audaz,335446X,261181,APROBADO
Coty Puma Gigante,921005X,696773,APROBADO
Maria Leon Gigante,87574X,28733,RECHAZADO (Riesgo Salud/Financiero)
Pancha Perro Rojo,672150X,421944,RECHAZADO (Riesgo Salud/Financiero)
Pancha Condor Sigiloso,160681X,312962,RECHAZADO (Riesgo Salud/Financiero)
Juan Nutria Salvage,712327X,75377,APROBADO
Pancha Zorro Sigiloso,757050X,537488,RECHAZADO (Riesgo Salud/Financiero)
Matias Puma Gigante,766593X,591954,APROBADO
Lucho Nutria Rojo,344951X,345924,RECHAZADO (Riesgo Salud/Financiero)
Pancha Ballena Noble,105127X,17941,APROBADO
Francisco Ballena Sigiloso,254220X,407571,APROBADO
Sacha Perro Gigante,722595X,135965,APROBADO
Pancha Perro Austral,416106X,139958,RECHAZADO (Riesgo Salud/Financiero)
Juan Ballena Noble,124195X,640994,APROBADO
Lucho Puma Noble,835973X,20224,RECHAZADO (Riesgo Salud/Financiero)
Pepe Zorro Rojo,291752X,876128,APROBADO
Lucho Condor Noble,270872X,503711,RECHAZADO (Riesgo Salud/Financiero)
Lucho Zorro Sigiloso,553044X,417252,APROBADO
Juan Perro Noble,481879X,60675,APROBADO
Coty Ballena Austral,647093X,180909,APROBADO
Francisco Puma Sigiloso,357244X,414601,APROBADO
Lucho Zorro Gigante,526506X,888827,APROBADO
Juan Gato Audaz,31449X,832432,APROBADO
Coty Leon Gigante,516920X,599283,APROBADO
Matias Condor Sigiloso,18263X,408804,APROBADO
Matias Ballena Veloz,230461X,861225,APROBADO
Maria Huemul Audaz,465013X,329766,APROBADO
Maria Puma Austral,279020X,98889,APROBADO
Lucho Condor Audaz,876846X,715823,APROBADO
Lucho Perro Veloz,539389X,760584,APROBADO
Pancha Huemul Noble,474270X,432444,APROBADO
Matias Perro Gigante,775078X,114161,APROBADO
Pancha Zorro Gigante,26042X,42320,RECHAZADO (Riesgo Salud/Financiero)
Lucho Nutria Veloz,544164X,721947,APROBADO
Coty Condor Audaz,368433X,64629,APROBADO
Matias Ballena Noble,737818X,431590,APROBADO
Juan Leon Rojo,493073X,558223,APROBADO
Lucho Perro Austral,729035X,846130,APROBADO
Sacha Puma Veloz,498969X,638686,APROBADO
Pancha Nutria Noble,939572X,450012,APROBADO
Sacha Puma Austral,889179X,847129,APROBADO
Sacha Gato Rojo,115721X,74481,APROBADO
Juan Perro Austral,419884X,97084,RECHAZADO (Riesgo Salud/Financiero)
Juan Zorro Audaz,886790X,611127,APROBADO
Juan Puma Veloz,30294X,456095,APROBADO
Pancha Puma Gigante,905580X,716583,APROBADO
Matias Leon Austral,655754X,623732,APROBADO
Lucho Puma Audaz,783993X,458480,RECHAZADO (Riesgo Salud/Financiero)
Pepe Leon Salvage,558714X,800816,APROBADO
Matias Gato Audaz,141920X,25518,APROBADO
Pepe Puma Sigiloso,433666X,127865,APROBADO
Matias Nutria Sigiloso,661323X,115341,APROBADO
Matias Puma Noble,24914X,367169,APROBADO
Pancha Puma Austral,430060X,311303,APROBADO
Juan Ballena Rojo,396473X,396754,APROBADO
Pepe Condor Noble,478212X,886726,APROBADO
Juan Puma Austral,782040X,721443,APROBADO
Sacha Puma Salvage,959068X,464045,RECHAZADO (Riesgo Salud/Financiero)
Matias Huemul Salvage,152520X,588900,APROBADO
Sacha Huemul Austral,77424X,568463,APROBADO
Pancha Condor Salvage,368048X,392621,APROBADO
Coty Leon Salvage,286099X,674242,APROBADO
Matias Perro Rojo,857298X,268988,APROBADO
Francisco Nutria Salvage,730350X,380445,APROBADO
Francisco Puma Veloz,583074X,412617,APROBADO
Sacha Condor Audaz,455256X,168398,APROBADO
Lucho Perro Sigiloso,741114X,430016,APROBADO
Pancha Gato Rojo,17054X,232252,RECHAZADO (Riesgo Salud/Financiero)
Francisco Condor Austral,905708X,724620,APROBADO
Sacha Ballena Salvage,438308X,843950,APROBADO
Matias Puma Gigante,921947X,816552,APROBADO
Pancha Nutria Austral,344640X,205396,APROBADO
Pancha Zorro Gigante,161844X,260710,RECHAZADO (Riesgo Salud/Financiero)
Pepe Huemul Audaz,354247X,161675,APROBADO
Juan Puma Noble,885268X,382198,RECHAZADO (Riesgo Salud/Financiero)
Maria Condor Noble,219556X,407582,APROBADO
Pepe Perro Sigiloso,177372X,493551,APROBADO
Lucho Nutria Austral,134251X,833308,APROBADO
Francisco Zorro Rojo,409888X,26191,RECHAZADO (Riesgo Salud/Financiero)
Pancha Perro Veloz,155520X,790944,APROBADO
Pancha Condor Gigante,843555X,673815,APROBADO
Sacha Puma Austral,321612X,293180,APROBADO
Coty Condor Noble,240573X,214060,APROBADO
Maria Puma Audaz,282039X,99479,RECHAZADO (Riesgo Salud/Financiero)
Matias Huemul Audaz,716611X,274546,APROBADO
Juan Gato Audaz,524459X,748575,APROBADO
Lucho Ballena Gigante,396774X,881931,APROBADO
Maria Zorro Sigiloso,86583X,829968,APROBADO
Sacha Leon Rojo,231892X,545091,RECHAZADO (Riesgo Salud/Financiero)
Lucho Perro Austral,302822X,92395,APROBADO
Sacha Gato Audaz,750168X,300037,APROBADO
Francisco Huemul Veloz,621557X,139973,APROBADO
Lucho Nutria Veloz,792127X,775253,APROBADO
Coty Nutria Sigiloso,245669X,588055,APROBADO
Coty Nutria Gigante,706902X,430408,APROBADO
Coty Perro Austral,750587X,593990,APROBADO
Matias Zorro Veloz,244917X,168906,APROBADO
Pepe Condor Veloz,559020X,611220,APROBADO
Coty Huemul Gigante,864493X,303807,APROBADO
Sacha Perro Veloz,747437X,287962,RECHAZADO (Riesgo Salud/Financiero)
Sacha Nutria Sigiloso,70739X,109926,RECHAZADO (Riesgo Salud/Financiero)
Francisco Condor Audaz,910364X,73053,APROBADO
Sacha Leon Salvage,853012X,752787,APROBADO
Sacha Puma Austral,920446X,28516,APROBADO
Pepe Leon Noble,584085X,836587,APROBADO
Matias Leon Noble,366220X,239849,RECHAZADO (Riesgo Salud/Financiero)
Lucho Gato Salvage,626219X,832205,APROBADO
Matias Condor Audaz,713936X,171917,APROBADO
Pepe Zorro Sigiloso,435827X,885049,APROBADO
Francisco Gato Austral,783256X,529029,APROBADO
Pepe Condor Sigiloso,724399X,377611,APROBADO
Lucho Leon Rojo,795835X,476632,APROBADO
Lucho Ballena Gigante,920074X,265389,APROBADO
Pepe Condor Veloz,884143X,229154,APROBADO
Maria Leon Austral,33352X,637817,APROBADO
Pancha Nutria Sigiloso,950508X,109668,RECHAZADO (Riesgo Salud/Financiero)
Maria Zorro Veloz,300035X,202955,APROBADO
Lucho Gato Noble,134966X,483162,RECHAZADO (Riesgo Salud/Financiero)
Sacha Perro Rojo,935227X,601470,APROBADO
Juan Nutria Noble,307324X,890464,RECHAZADO (Riesgo Salud/Financiero)
Lucho Gato Gigante,848259X,698955,APROBADO
Juan Condor Austral,575231X,178921,APROBADO
Pancha Zorro Audaz,865137X,602637,APROBADO
Maria Puma Sigiloso,521797X,592838,APROBADO
Pancha Huemul Audaz,654133X,17431,APROBADO
Francisco Condor Salvage,75604X,102657,APROBADO
Maria Zorro Rojo,947185X,749231,APROBADO
Matias Perro Austral,407798X,837664,APROBADO
Lucho Nutria Salvage,472526X,193721,APROBADO
Juan Puma Sigiloso,229114X,481141,APROBADO
Coty Perro Rojo,955401X,448118,APROBADO
Sacha Perro Salvage,458977X,696223,APROBADO
Pancha Condor Austral,662746X,286637,APROBADO
Coty Gato Salvage,650414X,112638,APROBADO
Maria Huemul Rojo,894839X,593732,APROBADO
Lucho Nutria Gigante,666731X,29469,RECHAZADO (Riesgo Salud/Financiero)
Matias Condor Noble,532834X,304679,APROBADO
Pancha Zorro Salvage,15183X,769283,APROBADO
Maria Gato Austral,722906X,850731,RECHAZADO (Riesgo Salud/Financiero)
Lucho Perro Sigiloso,76198X,893074,APROBADO
Pepe Perro Rojo,633476X,19581,APROBADO
Coty Puma Gigante,747845X,78809,APROBADO
Coty Gato Sigiloso,12787X,827630,RECHAZADO (Riesgo Salud/Financiero)
Sacha Puma Noble,484976X,597323,APROBADO
Juan Puma Noble,804345X,104315,RECHAZADO (Riesgo Salud/Financiero)
Pancha Zorro Veloz,607166X,251892,APROBADO
Lucho Leon Salvage,401989X,495393,APROBADO
Maria Leon Sigiloso,198061X,365188,RECHAZADO (Riesgo Salud/Financiero)
Sacha Huemul Sigiloso,12991X,343071,APROBADO
Juan Zorro Gigante,158693X,424646,APROBADO
Francisco Condor Audaz,162502X,408752,APROBADO
Coty Huemul Rojo,344091X,379133,RECHAZADO (Riesgo Salud/Financiero)
Maria Ballena Austral,317487X,17342,APROBADO
Matias Nutria Veloz,952734X,366566,APROBADO
Pepe Huemul Sigiloso,945627X,801358,RECHAZADO (Riesgo Salud/Financiero)
Sacha Leon Rojo,614596X,329580,RECHAZADO (Riesgo Salud/Financiero)
Juan Perro Gigante,374354X,746923,RECHAZADO (Riesgo Salud/Financiero)
Lucho Nutria Sigiloso,208381X,219100,RECHAZADO (Riesgo Salud/Financiero)
Pepe Puma Rojo,607463X,685779,APROBADO
Pancha Ballena Veloz,351527X,826179,APROBADO
Pancha Nutria Austral,5867X,263080,APROBADO
Coty Zorro Gigante,304529X,858453,APROBADO
Lucho Puma Sigiloso,470905X,551501,APROBADO
Pancha Nutria Gigante,653482X,558215,RECHAZADO (Riesgo Salud/Financiero)
Coty Zorro Veloz,257682X,234581,RECHAZADO (Riesgo Salud/Financiero)
Sacha Leon Rojo,267981X,316542,RECHAZADO (Riesgo Salud/Financiero)
Maria Huemul Salvage,391879X,733853,APROBADO
Pancha Huemul Austral,340463X,413250,APROBADO
Pancha Ballena Audaz,690417X,307978,RECHAZADO (Riesgo Salud/Financiero)
Juan Ballena Noble,702798X,483729,RECHAZADO (Riesgo Salud/Financiero)
Francisco Huemul Audaz,124506X,295698,APROBADO
Juan Condor Sigiloso,529211X,655023,APROBADO
Pancha Huemul Rojo,123363X,534258,APROBADO
Francisco Zorro Sigiloso,903835X,635755,APROBADO
Maria Puma Noble,780296X,414089,APROBADO
Pancha Zorro Audaz,345760X,648311,APROBADO
Matias Puma Sigiloso,396768X,748854,RECHAZADO (Riesgo Salud/Financiero)
Pancha Perro Gigante,241334X,896333,RECHAZADO (Riesgo Salud/Financiero)
Lucho Perro Gigante,203988X,277092,APROBADO
Juan Condor Rojo,204389X,717148,APROBADO
Maria Gato Salvage,218706X,813951,APROBADO
Coty Nutria Sigiloso,137001X,787795,APROBADO
Juan Gato Rojo,498819X,563473,APROBADO
Lucho Puma Austral,285625X,627424,RECHAZADO (Riesgo Salud/Financiero)
Juan Condor Austral,739187X,724463,APROBADO
Maria Nutria Noble,731960X,113510,APROBADO
Maria Nutria Salvage,973095X,656568,RECHAZADO (Riesgo Salud/Financiero)
Sacha Nutria Noble,435516X,216846,APROBADO
Juan Leon Salvage,102532X,281030,RECHAZADO (Riesgo Salud/Financiero)
Pepe Condor Noble,989344X,514516,APROBADO
Maria Puma Gigante,720644X,890168,APROBADO
Pepe Ballena Veloz,936824X,490832,RECHAZADO (Riesgo Salud/Financiero)
Juan Zorro Rojo,443739X,836925,APROBADO
Lucho Condor Audaz,203907X,338062,APROBADO
Matias Gato Veloz,855127X,257777,APROBADO
Pepe Nutria Austral,732509X,229667,APROBADO
Pancha Leon Rojo,535344X,89295,RECHAZADO (Riesgo Salud/Financiero)
Maria Puma Austral,67109X,723086,APROBADO
Pancha Condor Austral,285483X,551731,APROBADO
Coty Condor Rojo,25982X,133228,APROBADO
Juan Leon Gigante,78650X,414757,APROBADO
Maria Condor Audaz,216591X,120407,APROBADO
Sacha Ballena Salvage,510343X,493894,APROBADO
Pancha Nutria Noble,945679X,221105,APROBADO
Francisco Huemul Salvage,688623X,715513,APROBADO
Juan Huemul Noble,113345X,505960,APROBADO
Pancha Huemul Gigante,991867X,378936,APROBADO
Coty Puma Rojo,187731X,388940,APROBADO
Juan Nutria Gigante,624888X,134395,RECHAZADO (Riesgo Salud/Financiero)
Matias Condor Sigiloso,122451X,402050,APROBADO
Maria Puma Austral,322876X,767017,APROBADO
Juan Nutria Rojo,714267X,799240,APROBADO
Maria Gato Veloz,119662X,545935,APROBADO
Maria Nutria Salvage,629741X,530675,APROBADO
Francisco Leon Austral,99663X,861137,RECHAZADO (Riesgo Salud/Financiero)
Pancha Huemul Gigante,57679X,465107,APROBADO
Maria Huemul Audaz,782106X,755940,APROBADO
Matias Ballena Sigiloso,490460X,211368,APROBADO
Juan Ballena Audaz,49401X,130736,APROBADO
Juan Gato Rojo,914558X,223047,RECHAZADO (Riesgo Salud/Financiero)
Pepe Puma Veloz,530568X,559145,APROBADO
Matias Huemul Austral,806729X,281316,RECHAZADO (Riesgo Salud/Financiero)
Francisco Puma Audaz,350106X,126411,APROBADO
Juan Puma Austral,892890X,756499,APROBADO
Coty Zorro Gigante,230774X,737376,APROBADO
Juan Zorro Veloz,32535X,843500,APROBADO
Matias Gato Sigiloso,328022X,400607,APROBADO
Pepe Puma Austral,932690X,147344,APROBADO
Pepe Perro Noble,679258X,247328,APROBADO
Coty Gato Veloz,369919X,480117,APROBADO
Francisco Ballena Austral,56228X,651299,APROBADO
Pancha Perro Noble,309009X,822649,RECHAZADO (Riesgo Salud/Financiero)
Pancha Nutria Noble,616173X,872658,APROBADO
Matias Zorro Audaz,912286X,90921,APROBADO
Maria Zorro Audaz,824742X,317738,RECHAZADO (Riesgo Salud/Financiero)
Maria Huemul Noble,290325X,243053,RECHAZADO (Riesgo Salud/Financiero)
Pancha Perro Audaz,993171X,612389,RECHAZADO (Riesgo Salud/Financiero)
Lucho Gato Salvage,431059X,689790,RECHAZADO (Riesgo Salud/Financiero)
Lucho Zorro Audaz,348040X,416034,APROBADO
Maria Leon Sigiloso,272070X,633423,APROBADO
Matias Condor Salvage,363220X,857781,APROBADO
Sacha Leon Salvage,819539X,744223,RECHAZADO (Riesgo Salud/Financiero)
Matias Perro Salvage,19653X,605800,APROBADO
Francisco Zorro Gigante,854574X,287237,APROBADO
Coty Huemul Noble,244553X,859488,RECHAZADO (Riesgo Salud/Financiero)
Pepe Perro Austral,909119X,649702,APROBADO
Coty Puma Salvage,299409X,49858,APROBADO
Pancha Nutria Sigiloso,22182X,136946,APROBADO
Coty Ballena Noble,891059X,294941,APROBADO
Lucho Gato Sigiloso,545253X,760066,APROBADO
Pepe Ballena Austral,995069X,87647,APROBADO
Lucho Puma Audaz,138260X,742013,APROBADO
Pepe Gato Salvage,537224X,194488,APROBADO
Matias Huemul Sigiloso,662510X,153633,APROBADO
Matias Nutria Veloz,287338X,615417,APROBADO
Pancha Huemul Salvage,410059X,653595,APROBADO
Francisco Huemul Noble,91932X,67470,APROBADO
Matias Ballena Sigiloso,229921X,842534,APROBADO
Pepe Perro Gigante,580785X,825054,APROBADO
Pepe Perro Rojo,424980X,149212,RECHAZADO (Riesgo Salud/Financiero)
Pepe Ballena Salvage,421280X,447317,APROBADO
Coty Leon Audaz,876103X,510115,APROBADO
Matias Puma Gigante,91553X,760606,APROBADO
Coty Nutria Rojo,107447X,834467,APROBADO
Maria Puma Rojo,381787X,512662,APROBADO
Matias Perro Rojo,289227X,419623,APROBADO
Maria Ballena Austral,550211X,294349,APROBADO
Sacha Ballena Rojo,688827X,136802,APROBADO
Francisco Gato Salvage,250632X,813610,APROBADO
Maria Huemul Veloz,340900X,898870,APROBADO
Matias Nutria Noble,598970X,546229,APROBADO
Coty Zorro Noble,726522X,500024,APROBADO
Pancha Perro Gigante,404688X,217388,APROBADO
Pancha Gato Gigante,841155X,280009,APROBADO
Maria Puma Sigiloso,878493X,102695,RECHAZADO (Riesgo Salud/Financiero)
Pepe Zorro Salvage,783950X,173949,RECHAZADO (Riesgo Salud/Financiero)
Pepe Zorro Gigante,413979X,857527,APROBADO
Juan Perro Sigiloso,548637X,489336,APROBADO
Sacha Puma Audaz,224271X,650165,RECHAZADO (Riesgo Salud/Financiero)
Matias Leon Veloz,997712X,650703,APROBADO
Lucho Ballena Rojo,393089X,515906,RECHAZADO (Riesgo Salud/Financiero)
Juan Perro Audaz,33030X,264378,APROBADO
Juan Gato Audaz,213850X,392395,APROBADO
Sacha Puma Audaz,544427X,227937,RECHAZADO (Riesgo Salud/Financiero)
Lucho Ballena Salvage,254030X,820150,APROBADO
Francisco Ballena Austral,400776X,877016,APROBADO
Coty Ballena Noble,450409X,183847,APROBADO
Maria Perro Austral,998072X,560383,APROBADO
Pepe Condor Sigiloso,693485X,199111,APROBADO
Francisco Leon Audaz,22957X,214663,APROBADO
Matias Gato Austral,498579X,236295,APROBADO
Juan Condor Austral,851918X,249223,APROBADO
Lucho Perro Rojo,500221X,127445,APROBADO
Maria Huemul Gigante,924646X,673812,APROBADO
Pepe Perro Gigante,273211X,693387,RECHAZADO (Riesgo Salud/Financiero)
Pancha Leon Salvage,431065X,160361,APROBADO
Pancha Gato Austral,801568X,401243,APROBADO
Coty Huemul Austral,791128X,73848,APROBADO
Maria Ballena Sigiloso,255435X,582361,RECHAZADO (Riesgo Salud/Financiero)
Sacha Huemul Noble,514102X,532015,RECHAZADO (Riesgo Salud/Financiero)
Pepe Condor Audaz,691479X,319549,APROBADO
Pancha Leon Veloz,82735X,593636,APROBADO
Juan Gato Audaz,97558X,485426,APROBADO
Juan Zorro Austral,360942X,712651,APROBADO
Pepe Ballena Sigiloso,310864X,777385,APROBADO
Sacha Gato Audaz,908423X,239209,APROBADO
Sacha Ballena Salvage,610030X,93018,APROBADO
Pepe Ballena Veloz,817475X,430330,APROBADO
Coty Leon Sigiloso,426641X,794701,APROBADO
Francisco Ballena Sigiloso,930575X,212637,APROBADO
Lucho Puma Gigante,160902X,628672,APROBADO
Pepe Condor Salvage,587364X,770551,APROBADO
Juan Nutria Austral,195989X,192699,RECHAZADO (Riesgo Salud/Financiero)
Maria Zorro Rojo,373419X,51204,APROBADO
Juan Condor Gigante,591828X,169842,APROBADO
Sacha Leon Veloz,584366X,226790,APROBADO
Francisco Leon Salvage,512543X,785420,APROBADO
Juan Gato Gigante,856928X,586034,APROBADO
Maria Ballena Rojo,466940X,782219,RECHAZADO (Riesgo Salud/Financiero)
Lucho Puma Sigiloso,595637X,285986,APROBADO
Matias Condor Noble,525019X,419775,APROBADO
Maria Condor Veloz,818921X,449797,APROBADO
Coty Leon Gigante,589672X,769024,APROBADO
Juan Zorro Gigante,971019X,539074,APROBADO
Pepe Leon Gigante,224539X,559429,RECHAZADO (Riesgo Salud/Financiero)
Juan Puma Gigante,120402X,838217,APROBADO
Coty Zorro Gigante,38990X,74104,APROBADO
Coty Perro Austral,19829X,735804,APROBADO
Matias Perro Austral,847297X,179613,APROBADO
Juan Perro Sigiloso,90032X,524169,RECHAZADO (Riesgo Salud/Financiero)
Pepe Puma Gigante,88819X,315837,APROBADO
Matias Gato Noble,533910X,627504,APROBADO
Pepe Gato Noble,264178X,357638,RECHAZADO (Riesgo Salud/Financiero)
Juan Perro Salvage,991125X,352953,RECHAZADO (Riesgo Salud/Financiero)
Pancha Zorro Audaz,535464X,463397,RECHAZADO (Riesgo Salud/Financiero)
Juan Huemul Austral,168357X,444904,APROBADO
Matias Condor Gigante,362475X,517507,APROBADO
Matias Nutria Noble,989317X,79323,RECHAZADO (Riesgo Salud/Financiero)
Francisco Gato Gigante,950975X,728414,RECHAZADO (Riesgo Salud/Financiero)
Lucho Puma Veloz,254568X,235935,APROBADO
Pepe Ballena Salvage,564800X,424625,APROBADO
Matias Nutria Sigiloso,204837X,612804,RECHAZADO (Riesgo Salud/Financiero)
Sacha Zorro Rojo,361716X,463470,APROBADO
Francisco Zorro Salvage,539149X,486886,APROBADO
Francisco Leon Rojo,497390X,715145,APROBADO
Pancha Perro Austral,957911X,155301,APROBADO
Pepe Condor Sigiloso,483402X,327869,APROBADO
Maria Zorro Austral,420507X,312753,APROBADO
Coty Nutria Rojo,724142X,20832,APROBADO
Pepe Puma Rojo,897714X,168354,APROBADO
Pancha Huemul Rojo,441707X,624892,APROBADO
Sacha Huemul Salvage,18145X,819031,APROBADO
Sacha Condor Veloz,907337X,42548,APROBADO
Maria Gato Audaz,598410X,229762,RECHAZADO (Riesgo Salud/Financiero)
Maria Gato Rojo,494405X,869244,APROBADO
Francisco Puma Gigante,120147X,848994,APROBADO
Juan Nutria Austral,262433X,332456,APROBADO
Francisco Perro Sigiloso,278517X,206006,APROBADO
Coty Zorro Gigante,854228X,654083,RECHAZADO (Riesgo Salud/Financiero)
Matias Gato Rojo,684845X,491154,APROBADO
Pancha Nutria Veloz,44244X,697925,APROBADO
Pancha Puma Rojo,549169X,418306,APROBADO
Juan Nutria Noble,605348X,250319,APROBADO
Coty Puma Veloz,583530X,509737,APROBADO
Pepe Condor Audaz,990796X,105515,APROBADO
Sacha Zorro Salvage,265007X,329581,RECHAZADO (Riesgo Salud/Financiero)
Matias Condor Rojo,582066X,730711,APROBADO
Maria Condor Noble,880955X,162116,RECHAZADO (Riesgo Salud/Financiero)
Francisco Huemul Gigante,953345X,358180,APROBADO
Pepe Nutria Veloz,337719X,646799,APROBADO
Lucho Nutria Gigante,782254X,86651,APROBADO
Pancha Condor Sigiloso,905422X,876784,APROBADO
Matias Nutria Veloz,642281X,675053,APROBADO
Maria Leon Rojo,6398X,669294,APROBADO
Francisco Perro Rojo,378115X,470342,APROBADO
Coty Gato Sigiloso,849236X,567431,RECHAZADO (Riesgo Salud/Financiero)
Coty Zorro Veloz,469689X,659566,APROBADO
Pancha Ballena Audaz,156241X,283935,RECHAZADO (Riesgo Salud/Financiero)
Coty Puma Noble,240725X,216971,RECHAZADO (Riesgo Salud/Financiero)
Pancha Zorro Austral,728617X,252927,RECHAZADO (Riesgo Salud/Financiero)
Pancha Condor Sigiloso,340917X,83740,RECHAZADO (Riesgo Salud/Financiero)
Juan Ballena Sigiloso,25709X,257466,APROBADO
Lucho Ballena Salvage,456815X,846615,RECHAZADO (Riesgo Salud/Financiero)
Sacha Ballena Gigante,100556X,142766,APROBADO
Francisco Leon Austral,802783X,820658,APROBADO
Sacha Perro Audaz,608304X,78982,APROBADO
Juan Huemul Noble,271025X,375490,RECHAZADO (Riesgo Salud/Financiero)
Maria Gato Veloz,783577X,877847,APROBADO
Pancha Leon Audaz,974911X,374904,APROBADO
Pepe Zorro Veloz,218510X,674604,APROBADO
Maria Perro Veloz,352686X,309211,APROBADO
Pepe Huemul Noble,529522X,479013,APROBADO
Coty Gato Noble,740866X,94072,APROBADO
Sacha Zorro Austral,333095X,608768,APROBADO
Coty Nutria Audaz,839160X,756417,APROBADO
Pepe Huemul Austral,884530X,491013,APROBADO
Francisco Condor Salvage,51555X,458704,RECHAZADO (Riesgo Salud/Financiero)
Pepe Leon Audaz,864980X,372617,APROBADO
Francisco Huemul Sigiloso,511131X,666910,RECHAZADO (Riesgo Salud/Financiero)
Matias Zorro Audaz,34241X,324381,RECHAZADO (Riesgo Salud/Financiero)
Pepe Nutria Sigiloso,238736X,48935,RECHAZADO (Riesgo Salud/Financiero)
Lucho Leon Sigiloso,142758X,174112,APROBADO
Sacha Ballena Austral,803798X,535424,APROBADO
Matias Puma Gigante,940716X,723288,APROBADO
Juan Huemul Veloz,130940X,595655,APROBADO
Juan Huemul Salvage,181816X,806599,APROBADO
Sacha Zorro Rojo,678397X,664156,APROBADO
Maria Condor Rojo,464665X,377964,APROBADO
Francisco Leon Noble,56180X,56237,APROBADO
Matias Leon Salvage,260645X,142025,APROBADO
Maria Gato Noble,296077X,817603,APROBADO
Sacha Puma Salvage,902764X,639682,APROBADO
Sacha Perro Austral,513306X,48039,APROBADO
Lucho Huemul Salvage,20457X,223487,RECHAZADO (Riesgo Salud/Financiero)
Sacha Puma Rojo,211933X,379729,APROBADO
Maria Condor Veloz,173552X,288701,RECHAZADO (Riesgo Salud/Financiero)
Coty Nutria Sigiloso,525202X,164688,APROBADO
Francisco Ballena Salvage,804631X,870171,APROBADO
Matias Gato Salvage,596936X,123129,APROBADO
Lucho Huemul Salvage,997078X,288906,APROBADO
Coty Leon Noble,768879X,851090,RECHAZADO (Riesgo Salud/Financiero)
Francisco Ballena Salvage,112771X,375404,APROBADO
Maria Nutria Austral,984208X,631804,APROBADO
Maria Zorro Noble,603838X,361813,APROBADO
Coty Huemul Gigante,233550X,509018,APROBADO
Matias Perro Veloz,979815X,25590,APROBADO
Maria Ballena Rojo,908688X,709605,APROBADO
Lucho Zorro Sigiloso,309453X,379016,APROBADO
Juan Puma Rojo,725378X,723617,APROBADO
Pancha Leon Sigiloso,819105X,626651,APROBADO
Matias Ballena Audaz,494072X,354166,APROBADO
Sacha Nutria Sigiloso,220538X,76742,APROBADO
Matias Ballena Sigiloso,528616X,144802,APROBADO
Pancha Puma Noble,634020X,833460,APROBADO
Maria Gato Veloz,70329X,518021,APROBADO
Matias Gato Rojo,442747X,213512,RECHAZADO (Riesgo Salud/Financiero)
Pancha Puma Gigante,116062X,705289,APROBADO
Matias Gato Austral,316044X,727725,APROBADO
Maria Nutria Austral,334030X,678412,APROBADO
Maria Leon Gigante,55134X,73105,APROBADO
Pepe Puma Austral,252647X,566576,APROBADO
Francisco Huemul Audaz,154104X,727760,APROBADO
Coty Condor Noble,6194X,822513,APROBADO
Juan Zorro Gigante,612257X,230125,APROBADO
Matias Zorro Salvage,569780X,887210,APROBADO
Coty Nutria Austral,444597X,333449,APROBADO
Lucho Huemul Sigiloso,368264X,588647,APROBADO
Sacha Huemul Sigiloso,693962X,414158,APROBADO
Pancha Perro Gigante,248014X,25564,APROBADO
Francisco Nutria Audaz,953686X,623085,APROBADO
Juan Condor Veloz,985586X,801699,APROBADO
Pancha Ballena Rojo,76159X,715025,APROBADO
Matias Leon Sigiloso,917960X,624296,APROBADO
Francisco Condor Noble,913197X,577850,APROBADO
Coty Nutria Gigante,276845X,383725,APROBADO
Matias Nutria Sigiloso,107826X,141032,APROBADO
Pepe Perro Salvage,737066X,634578,APROBADO
Sacha Gato Salvage,143079X,521391,RECHAZADO (Riesgo Salud/Financiero)
Juan Ballena Audaz,282934X,480829,APROBADO
Maria Nutria Sigiloso,461158X,16179,APROBADO
Lucho Gato Veloz,841944X,797498,APROBADO
Maria Perro Audaz,902106X,672007,APROBADO
Coty Ballena Sigiloso,87731X,549328,APROBADO
Juan Condor Noble,289913X,725491,APROBADO
Francisco Gato Audaz,552984X,117997,APROBADO
Francisco Puma Veloz,986075X,463424,APROBADO
Juan Perro Audaz,25162X,705047,APROBADO
Coty Leon Austral,608585X,90476,APROBADO
Maria Nutria Audaz,614175X,665390,APROBADO
Coty Nutria Austral,517518X,570766,APROBADO
Pancha Puma Salvage,944359X,156708,APROBADO
Juan Leon Sigiloso,93843X,195342,APROBADO
Coty Condor Audaz,274288X,562436,APROBADO
Maria Gato Austral,911403X,700876,APROBADO
Matias Puma Salvage,844770X,695493,APROBADO
Lucho Nutria Salvage,683213X,176047,APROBADO
Coty Gato Gigante,840069X,810340,APROBADO
Pancha Zorro Audaz,914689X,547393,APROBADO
Juan Leon Austral,929210X,507288,APROBADO
Pancha Zorro Austral,101226X,771327,APROBADO
Pancha Huemul Veloz,266042X,419239,APROBADO
Coty Huemul Gigante,436159X,245458,APROBADO
Maria Huemul Audaz,124229X,661392,APROBADO
Pancha Puma Sigiloso,369215X,726563,APROBADO
Juan Perro Rojo,473287X,596470,APROBADO
Maria Condor Austral,662353X,458437,RECHAZADO (Riesgo Salud/Financiero)
Francisco Nutria Noble,775481X,337906,APROBADO
Matias Perro Audaz,244659X,733445,APROBADO
Pepe Ballena Rojo,695574X,304008,APROBADO
Sacha Zorro Rojo,352804X,47313,APROBADO
Lucho Ballena Austral,442231X,629462,APROBADO
Lucho Huemul Salvage,506383X,825287,APROBADO
Maria Puma Austral,954905X,850852,RECHAZADO (Riesgo Salud/Financiero)
Pepe Zorro Gigante,641758X,601073,APROBADO
Coty Leon Noble,710952X,462411,APROBADO
Coty Zorro Salvage,40868X,363049,APROBADO
Pancha Nutria Rojo,607117X,17123,APROBADO
Pancha Gato Rojo,997177X,543989,RECHAZADO (Riesgo Salud/Financiero)
Francisco Gato Noble,298849X,100988,APROBADO
Pepe Huemul Audaz,288035X,496975,APROBADO
Lucho Ballena Salvage,353180X,316719,APROBADO
Pepe Leon Gigante,312116X,827091,APROBADO
Pancha Gato Sigiloso,49461X,198366,APROBADO
Pancha Zorro Sigiloso,72630X,668706,APROBADO
Pepe Perro Audaz,550568X,157964,APROBADO
Maria Gato Gigante,673782X,629291,APROBADO
Coty Perro Noble,163320X,237600,APROBADO
Francisco Ballena Noble,452971X,842204,RECHAZADO (Riesgo Salud/Financiero)
Maria Nutria Sigiloso,733655X,620280,APROBADO
Juan Gato Gigante,518214X,252384,APROBADO
Juan Puma Sigiloso,27972X,769452,APROBADO
Juan Zorro Austral,884901X,827321,RECHAZADO (Riesgo Salud/Financiero)
Coty Huemul Salvage,692086X,884560,APROBADO
Juan Zorro Rojo,616903X,384493,APROBADO
Francisco Condor Gigante,354208X,425462,APROBADO
Sacha Zorro Rojo,572775X,537465,APROBADO
Pancha Zorro Sigiloso,276441X,361850,APROBADO
Pancha Ballena Audaz,500575X,750266,APROBADO
Juan Zorro Gigante,254902X,292983,APROBADO
Pancha Leon Austral,953705X,531643,APROBADO
Sacha Ballena Noble,320257X,223559,RECHAZADO (Riesgo Salud/Financiero)
Pancha Condor Veloz,811006X,267560,APROBADO
Sacha Condor Sigiloso,184708X,60522,APROBADO
Lucho Gato Gigante,237366X,338414,APROBADO
Juan Leon Salvage,503836X,20445,APROBADO
Maria Gato Noble,141249X,614686,APROBADO
Francisco Perro Audaz,935367X,690033,APROBADO
Lucho Leon Austral,823356X,741597,APROBADO
Pepe Zorro Audaz,951077X,245025,APROBADO
Coty Zorro Sigiloso,364580X,287919,RECHAZADO (Riesgo Salud/Financiero)
Matias Perro Veloz,269160X,507113,APROBADO
Matias Condor Audaz,507959X,260947,APROBADO
Pepe Zorro Gigante,692256X,721188,APROBADO
Sacha Huemul Austral,387032X,436807,APROBADO
Pepe Leon Veloz,689491X,48994,APROBADO
Francisco Perro Gigante,963308X,784700,APROBADO
Juan Huemul Salvage,22341X,72340,APROBADO
Sacha Perro Gigante,234846X,820102,APROBADO
Pancha Zorro Salvage,62065X,686534,RECHAZADO (Riesgo Salud/Financiero)
Francisco Nutria Austral,191842X,691796,RECHAZADO (Riesgo Salud/Financiero)
Lucho Condor Gigante,979616X,661214,APROBADO
Maria Puma Rojo,527797X,363632,APROBADO
Coty Leon Audaz,571837X,868925,APROBADO
Pepe Ballena Rojo,501952X,707750,APROBADO
Francisco Zorro Salvage,689701X,226555,APROBADO
Lucho Leon Austral,41818X,766570,APROBADO
Sacha Puma Austral,787323X,690248,RECHAZADO (Riesgo Salud/Financiero)
Pancha Huemul Salvage,462754X,376224,RECHAZADO (Riesgo Salud/Financiero)
Juan Perro Gigante,380998X,50325,APROBADO
Maria Leon Rojo,157807X,241806,RECHAZADO (Riesgo Salud/Financiero)
Juan Puma Audaz,61227X,547299,APROBADO
Pancha Puma Noble,950335X,572263,APROBADO
Matias Leon Gigante,696081X,222597,APROBADO
Coty Ballena Salvage,55647X,166590,APROBADO
Matias Ballena Rojo,492948X,78827,APROBADO
Matias Perro Audaz,353474X,569095,APROBADO
Sacha Zorro Noble,128297X,858170,APROBADO
Juan Gato Sigiloso,425075X,461564,RECHAZADO (Riesgo Salud/Financiero)
Maria Zorro Rojo,120161X,467233,APROBADO
Lucho Zorro Rojo,140461X,690612,RECHAZADO (Riesgo Salud/Financiero)
Lucho Ballena Austral,126855X,715471,APROBADO
Pancha Puma Sigiloso,541897X,81328,APROBADO
Maria Puma Salvage,428751X,171898,APROBADO
Pepe Condor Noble,88006X,342160,APROBADO
Sacha Gato Veloz,394835X,598286,APROBADO
Lucho Zorro Austral,169444X,460753,APROBADO
Matias Condor Audaz,36306X,614379,APROBADO
Maria Puma Salvage,929013X,275515,APROBADO
Coty Ballena Gigante,739958X,732866,RECHAZADO (Riesgo Salud/Financiero)
Sacha Condor Rojo,501979X,818179,RECHAZADO (Riesgo Salud/Financiero)
Lucho Condor Noble,362191X,464147,APROBADO
Pepe Perro Austral,256416X,92636,APROBADO
Juan Ballena Salvage,597563X,260629,APROBADO
Lucho Huemul Sigiloso,554913X,862999,RECHAZADO (Riesgo Salud/Financiero)
Lucho Gato Rojo,618512X,508236,APROBADO
Pancha Puma Noble,979868X,493239,RECHAZADO (Riesgo Salud/Financiero)
Pancha Perro Sigiloso,949366X,412146,RECHAZADO (Riesgo Salud/Financiero)
Pancha Nutria Noble,350663X,124981,RECHAZADO (Riesgo Salud/Financiero)
Francisco Ballena Salvage,149779X,678607,APROBADO
Lucho Perro Veloz,843773X,322844,RECHAZADO (Riesgo Salud/Financiero)
Juan Leon Veloz,267732X,594875,RECHAZADO (Riesgo Salud/Financiero)
Matias Leon Salvage,694104X,168907,APROBADO
Maria Puma Salvage,998387X,604560,APROBADO
Pancha Nutria Sigiloso,855311X,525517,APROBADO
Lucho Leon Noble,278196X,439566,APROBADO
Sacha Condor Audaz,410105X,657085,APROBADO
Maria Ballena Austral,119001X,553638,APROBADO
Maria Huemul Veloz,694437X,536247,APROBADO
Lucho Condor Austral,528868X,90340,RECHAZADO (Riesgo Salud/Financiero)
Coty Ballena Austral,725538X,867960,APROBADO
Juan Zorro Austral,531218X,349724,APROBADO
Sacha Zorro Noble,503130X,159578,APROBADO
Maria Huemul Veloz,282319X,796003,RECHAZADO (Riesgo Salud/Financiero)
Coty Perro Salvage,965393X,77533,APROBADO
Lucho Gato Salvage,412338X,582957,APROBADO
Juan Perro Gigante,219697X,120965,APROBADO
Lucho Perro Sigiloso,307178X,834659,RECHAZADO (Riesgo Salud/Financiero)
Pepe Ballena Salvage,860785X,475911,APROBADO
Lucho Perro Audaz,583389X,891531,RECHAZADO (Riesgo Salud/Financiero)
Francisco Perro Austral,92153X,620167,RECHAZADO (Riesgo Salud/Financiero)
Pepe Condor Salvage,559256X,365186,APROBADO
Francisco Leon Salvage,398470X,775303,APROBADO
Lucho Leon Noble,833366X,270109,APROBADO
Maria Zorro Sigiloso,909602X,814540,APROBADO
Lucho Puma Veloz,201136X,178984,APROBADO
Lucho Leon Audaz,218923X,883651,RECHAZADO (Riesgo Salud/Financiero)
Pepe Puma Austral,387497X,321648,APROBADO
Pepe Zorro Sigiloso,145888X,688653,RECHAZADO (Riesgo Salud/Financiero)
Francisco Puma Veloz,894686X,848365,APROBADO
Coty Zorro Rojo,519963X,711354,APROBADO
Maria Condor Sigiloso,329593X,489818,APROBADO
Coty Gato Rojo,907846X,101602,RECHAZADO (Riesgo Salud/Financiero)
Coty Condor Noble,29310X,376296,APROBADO
Pancha Leon Gigante,299596X,171157,APROBADO
Pancha Gato Audaz,419675X,899611,APROBADO
Francisco Perro Sigiloso,298937X,809433,APROBADO
Juan Huemul Audaz,148269X,639733,APROBADO
Pepe Nutria Salvage,69981X,407466,APROBADO
Pepe Leon Salvage,967034X,64774,RECHAZADO (Riesgo Salud/Financiero)
Maria Gato Sigiloso,225781X,598316,APROBADO
Pancha Nutria Sigiloso,457562X,368496,APROBADO
Maria Gato Salvage,777989X,100085,APROBADO
Juan Nutria Veloz,14775X,619136,APROBADO
Pepe Ballena Audaz,536237X,762887,APROBADO
Juan Condor Austral,541247X,364557,RECHAZADO (Riesgo Salud/Financiero)
Maria Zorro Audaz,492569X,474789,APROBADO
Pancha Nutria Rojo,903861X,419106,APROBADO
Coty Zorro Gigante,11372X,267747,APROBADO
Maria Condor Gigante,400879X,359732,APROBADO
Coty Perro Audaz,356391X,627989,APROBADO
Pancha Perro Rojo,392228X,101720,APROBADO
Francisco Huemul Austral,695550X,446353,APROBADO
Matias Ballena Gigante,242906X,511309,APROBADO
Matias Gato Audaz,46163X,220965,APROBADO
Matias Gato Audaz,89783X,404414,APROBADO
Pepe Puma Gigante,26163X,385720,APROBADO
Pancha Puma Sigiloso,929008X,61683,APROBADO
Francisco Leon Rojo,712047X,656286,RECHAZADO (Riesgo Salud/Financiero)
Sacha Puma Salvage,287016X,381925,APROBADO
Sacha Condor Veloz,131144X,268894,RECHAZADO (Riesgo Salud/Financiero)
Maria Perro Rojo,790936X,64676,APROBADO
Matias Leon Audaz,462858X,201186,RECHAZADO (Riesgo Salud/Financiero)
Lucho Ballena Salvage,324307X,187027,APROBADO
Francisco Ballena Salvage,461817X,453224,APROBADO
Francisco Zorro Audaz,791537X,180393,APROBADO
Juan Perro Salvage,971314X,489723,APROBADO
Matias Gato Audaz,874263X,584637,APROBADO
Matias Nutria Austral,550987X,570363,RECHAZADO (Riesgo Salud/Financiero)
Sacha Ballena Sigiloso,131116X,495801,APROBADO
Francisco Condor Noble,354055X,331970,APROBADO
Juan Huemul Veloz,743328X,92587,APROBADO
Matias Zorro Salvage,797197X,301479,APROBADO
Juan Leon Austral,912398X,758694,RECHAZADO (Riesgo Salud/Financiero)
Coty Huemul Gigante,714718X,853139,APROBADO
Coty Zorro Gigante,822398X,812168,APROBADO
Lucho Huemul Veloz,240903X,602715,RECHAZADO (Riesgo Salud/Financiero)
Matias Perro Gigante,424567X,634110,APROBADO
Francisco Nutria Veloz,104548X,331070,APROBADO
Pepe Condor Gigante,681001X,473900,APROBADO
Juan Condor Veloz,734580X,487635,APROBADO
Maria Nutria Audaz,169987X,843280,APROBADO
Matias Nutria Veloz,843545X,499029,APROBADO
Matias Condor Veloz,902417X,579964,APROBADO
Pepe Leon Veloz,678280X,178695,APROBADO
Francisco Ballena Salvage,796378X,48759,APROBADO
Juan Ballena Austral,152573X,691220,APROBADO
Sacha Condor Audaz,569769X,882806,APROBADO
Matias Ballena Veloz,178301X,243439,APROBADO
Lucho Condor Salvage,432825X,897520,APROBADO
Sacha Huemul Austral,564407X,257090,APROBADO
Pepe Puma Sigiloso,756698X,385949,APROBADO
Pancha Perro Gigante,814087X,888078,APROBADO
Pepe Condor Rojo,355603X,681207,APROBADO
Maria Gato Audaz,308255X,407382,APROBADO
Matias Condor Audaz,536013X,384671,APROBADO
Lucho Perro Sigiloso,640046X,530517,APROBADO
Pancha Puma Salvage,356788X,414454,RECHAZADO (Riesgo Salud/Financiero)
Pancha Condor Rojo,697385X,353092,APROBADO
Coty Nutria Noble,700782X,343443,RECHAZADO (Riesgo Salud/Financiero)
Sacha Zorro Salvage,286904X,510123,APROBADO
Coty Nutria Noble,350376X,817905,APROBADO
Lucho Puma Austral,892627X,712149,APROBADO
Pepe Huemul Salvage,749176X,854795,RECHAZADO (Riesgo Salud/Financiero)
Coty Puma Noble,984566X,791974,APROBADO
Pepe Gato Gigante,114066X,330149,APROBADO
Pepe Gato Rojo,202212X,394818,APROBADO
Pepe Leon Rojo,157240X,117122,APROBADO
Sacha Condor Noble,447498X,838663,APROBADO
Coty Gato Austral,108503X,798102,APROBADO
Matias Puma Sigiloso,170435X,440247,APROBADO
Maria Perro Austral,414510X,665114,APROBADO
Sacha Nutria Salvage,886972X,234352,APROBADO
Coty Perro Noble,995009X,332027,APROBADO
Matias Gato Austral,205201X,462579,APROBADO
Juan Perro Veloz,516444X,874073,APROBADO
Sacha Gato Sigiloso,880608X,660608,RECHAZADO (Riesgo Salud/Financiero)
Sacha Gato Salvage,87771X,896251,APROBADO
Francisco Gato Gigante,189508X,673473,APROBADO
Coty Ballena Noble,739587X,895525,APROBADO
Pancha Puma Sigiloso,753561X,391521,APROBADO
Francisco Huemul Gigante,316629X,897463,APROBADO
Sacha Ballena Noble,906484X,335793,APROBADO
Francisco Condor Salvage,563290X,283240,APROBADO
Pepe Perro Rojo,364276X,707921,APROBADO
Francisco Zorro Sigiloso,355134X,417247,APROBADO
Matias Leon Gigante,641357X,641733,APROBADO
Sacha Leon Salvage,356572X,842434,APROBADO
Francisco Nutria Austral,785528X,576702,APROBADO
Coty Gato Salvage,546089X,653643,APROBADO
Coty Perro Noble,153908X,793818,APROBADO
Francisco Nutria Veloz,316565X,734130,APROBADO
Juan Puma Austral,147677X,828223,APROBADO
Sacha Gato Salvage,499965X,724502,APROBADO
Maria Ballena Salvage,515214X,781144,APROBADO
Matias Huemul Gigante,13757X,805701,APROBADO
Juan Perro Veloz,795608X,718370,APROBADO
Francisco Perro Audaz,104292X,797953,RECHAZADO (Riesgo Salud/Financiero)
Maria Huemul Veloz,678030X,773687,APROBADO
Lucho Nutria Rojo,327889X,613222,APROBADO
Sacha Puma Salvage,532989X,385788,RECHAZADO (Riesgo Salud/Financiero)
Sacha Nutria Noble,971924X,521492,APROBADO
Pancha Leon Rojo,689586X,697566,APROBADO
Juan Leon Rojo,60339X,265901,APROBADO
Francisco Gato Rojo,341058X,374089,APROBADO
Juan Nutria Audaz,993945X,22482,APROBADO
Francisco Leon Veloz,872844X,624200,APROBADO
Pancha Puma Rojo,216420X,349746,APROBADO
Lucho Nutria Audaz,138947X,540387,RECHAZADO (Riesgo Salud/Financiero)
Pancha Puma Veloz,106232X,30391,RECHAZADO (Riesgo Salud/Financiero)
Coty Nutria Sigiloso,743891X,136125,APROBADO
Maria Huemul Veloz,279142X,665941,APROBADO
Pepe Perro Rojo,504090X,399387,APROBADO
Matias Perro Veloz,573862X,236876,APROBADO
Francisco Huemul Gigante,238170X,727069,APROBADO
Lucho Perro Gigante,234077X,880398,APROBADO
Matias Perro Austral,830165X,432308,APROBADO
Sacha Nutria Gigante,407283X,659881,APROBADO
Coty Condor Veloz,379861X,624316,APROBADO
Juan Ballena Audaz,350356X,759029,RECHAZADO (Riesgo Salud/Financiero)
Lucho Puma Gigante,715729X,304347,RECHAZADO (Riesgo Salud/Financiero)
Sacha Condor Sigiloso,750172X,185149,APROBADO
Maria Zorro Sigiloso,171062X,797755,APROBADO
Lucho Gato Austral,228014X,325469,APROBADO
Coty Condor Rojo,180239X,871837,APROBADO
Matias Nutria Austral,667419X,766696,RECHAZADO (Riesgo Salud/Financiero)
Pancha Huemul Rojo,935608X,208350,RECHAZADO (Riesgo Salud/Financiero)
Maria Gato Audaz,923987X,417836,APROBADO
Maria Perro Veloz,42122X,759491,APROBADO
Francisco Huemul Austral,304836X,280101,RECHAZADO (Riesgo Salud/Financiero)
Pancha Ballena Rojo,137806X,191802,APROBADO
Sacha Condor Austral,133802X,603438,APROBADO
Coty Puma Rojo,574885X,42711,APROBADO
Matias Leon Rojo,725225X,85847,APROBADO
Sacha Puma Rojo,225741X,275948,APROBADO
Pepe Gato Austral,293133X,835889,APROBADO
Pepe Ballena Salvage,963488X,317091,APROBADO
Pepe Condor Noble,206777X,387203,APROBADO
Sacha Perro Gigante,270414X,661672,RECHAZADO (Riesgo Salud/Financiero)
Coty Nutria Austral,458960X,549266,APROBADO
Sacha Huemul Sigiloso,255853X,666799,APROBADO
Matias Perro Audaz,753961X,274328,APROBADO
Francisco Condor Austral,594669X,542283,APROBADO
Pepe Perro Sigiloso,206994X,353846,APROBADO
Francisco Zorro Sigiloso,238705X,435038,APROBADO
Sacha Nutria Veloz,741170X,604867,APROBADO
Francisco Perro Audaz,17020X,219049,APROBADO
Coty Huemul Rojo,698603X,412551,APROBADO
Sacha Ballena Veloz,563202X,91370,APROBADO
Pancha Leon Veloz,215968X,779668,APROBADO
Pancha Huemul Noble,444279X,75158,APROBADO
Francisco Condor Noble,737175X,661510,APROBADO
Pancha Gato Sigiloso,516672X,606644,APROBADO
Sacha Gato Noble,978713X,771006,RECHAZADO (Riesgo Salud/Financiero)
Coty Nutria Audaz,682973X,370551,APROBADO
Pepe Perro Gigante,578708X,763595,RECHAZADO (Riesgo Salud/Financiero)
Sacha Nutria Rojo,373670X,598016,APROBADO
Matias Zorro Veloz,878699X,56354,APROBADO
Matias Gato Gigante,678510X,885258,APROBADO
Maria Perro Austral,43966X,775257,APROBADO
Lucho Nutria Sigiloso,401541X,455604,APROBADO
Francisco Huemul Austral,679209X,309459,APROBADO
Sacha Puma Audaz,93098X,365315,APROBADO
Coty Perro Gigante,756483X,448906,APROBADO
Sacha Huemul Veloz,557274X,838312,APROBADO
Francisco Perro Gigante,884254X,542269,APROBADO
Francisco Puma Sigiloso,321859X,308013,APROBADO
Coty Condor Audaz,409371X,195655,APROBADO
Maria Leon Rojo,917311X,699467,APROBADO
Pancha Nutria Sigiloso,967285X,614574,APROBADO
Maria Puma Austral,82084X,600646,APROBADO
Maria Condor Noble,841531X,217561,RECHAZADO (Riesgo Salud/Financiero)
Francisco Puma Sigiloso,721741X,267579,APROBADO
Sacha Puma Salvage,85451X,742685,RECHAZADO (Riesgo Salud/Financiero)
Pepe Condor Veloz,613677X,347294,APROBADO
Pancha Huemul Audaz,683536X,96580,APROBADO
Pancha Leon Audaz,668464X,390484,RECHAZADO (Riesgo Salud/Financiero)
Lucho Huemul Noble,810199X,403308,APROBADO
Lucho Huemul Rojo,685861X,429483,APROBADO
Pancha Zorro Noble,508655X,419598,APROBADO
Matias Perro Austral,88129X,24463,APROBADO
Pepe Perro Austral,52975X,888206,APROBADO
Juan Perro Veloz,920172X,827552,APROBADO
Pancha Nutria Noble,298779X,457863,APROBADO
Maria Puma Gigante,286034X,116275,APROBADO
Francisco Condor Rojo,113975X,316417,APROBADO
Sacha Perro Sigiloso,959497X,379049,APROBADO
Matias Huemul Rojo,635340X,606717,APROBADO
Lucho Nutria Rojo,565294X,132068,APROBADO
Pepe Ballena Veloz,222220X,162221,APROBADO
Pancha Perro Gigante,13012X,434124,APROBADO
Pancha Ballena Veloz,769074X,221253,RECHAZADO (Riesgo Salud/Financiero)
Juan Nutria Gigante,729690X,628855,APROBADO
Sacha Gato Rojo,453069X,867642,APROBADO
Coty Huemul Sigiloso,169537X,339388,RECHAZADO (Riesgo Salud/Financiero)
Sacha Nutria Sigiloso,508254X,594246,APROBADO
Pepe Zorro Veloz,347809X,761336,RECHAZADO (Riesgo Salud/Financiero)
Pepe Ballena Austral,256187X,824589,APROBADO
Lucho Ballena Rojo,611978X,36753,RECHAZADO (Riesgo Salud/Financiero)
Coty Leon Audaz,378832X,63321,APROBADO
Matias Nutria Audaz,787093X,473715,APROBADO
Maria Huemul Austral,538049X,257189,APROBADO
Pepe Perro Noble,804738X,874361,APROBADO
Sacha Condor Rojo,269811X,42782,RECHAZADO (Riesgo Salud/Financiero)
Juan Huemul Audaz,702754X,619260,RECHAZADO (Riesgo Salud/Financiero)
Juan Condor Rojo,696322X,565434,APROBADO
Sacha Condor Sigiloso,998375X,547563,APROBADO
Juan Nutria Austral,456457X,50365,APROBADO
Coty Ballena Rojo,825658X,800428,RECHAZADO (Riesgo Salud/Financiero)
Juan Condor Audaz,99800X,510902,APROBADO
Pancha Zorro Sigiloso,58125X,394174,APROBADO
Pancha Gato Noble,639800X,853494,APROBADO
Juan Ballena Sigiloso,566997X,450752,APROBADO
Francisco Nutria Gigante,585425X,618101,APROBADO
Maria Nutria Austral,540997X,456553,APROBADO
Pepe Huemul Veloz,55837X,828469,APROBADO
Francisco Ballena Rojo,286436X,349104,APROBADO
Pepe Perro Audaz,493154X,98864,APROBADO
Maria Huemul Veloz,795794X,141923,APROBADO
Coty Perro Audaz,992676X,201729,APROBADO
Pancha Nutria Noble,6926X,493785,APROBADO
Sacha Leon Veloz,594420X,83353,APROBADO
Coty Gato Veloz,735410X,686303,APROBADO
Coty Leon Gigante,850579X,779891,APROBADO
Sacha Perro Salvage,51425X,369278,APROBADO
Sacha Leon Austral,533356X,289068,RECHAZADO (Riesgo Salud/Financiero)
Pepe Ballena Austral,110948X,519585,APROBADO
Coty Puma Austral,324400X,898696,RECHAZADO (Riesgo Salud/Financiero)
Pancha Gato Salvage,898570X,647899,APROBADO
Francisco Gato Veloz,129110X,174326,APROBADO
Maria Nutria Rojo,76431X,285301,APROBADO
Matias Puma Veloz,934338X,548782,APROBADO
Lucho Nutria Rojo,977794X,508493,APROBADO
Sacha Leon Audaz,757464X,774611,RECHAZADO (Riesgo Salud/Financiero)
Matias Perro Rojo,757112X,397302,APROBADO
Matias Perro Gigante,707352X,21510,APROBADO
Sacha Leon Audaz,190914X,712969,RECHAZADO (Riesgo Salud/Financiero)
Pancha Puma Salvage,827902X,863667,RECHAZADO (Riesgo Salud/Financiero)
Francisco Gato Rojo,889520X,195505,APROBADO
Lucho Puma Rojo,346233X,635479,APROBADO
Maria Perro Salvage,783589X,469560,RECHAZADO (Riesgo Salud/Financiero)
Juan Puma Noble,719591X,634836,APROBADO
Sacha Perro Salvage,189164X,515879,RECHAZADO (Riesgo Salud/Financiero)
Sacha Gato Austral,573493X,245563,APROBADO
Pancha Zorro Rojo,336652X,687174,APROBADO
Pepe Condor Rojo,354751X,103639,APROBADO
Coty Leon Noble,307651X,837458,APROBADO
Francisco Nutria Veloz,220197X,119653,APROBADO
Maria Condor Noble,339042X,383895,APROBADO
Coty Zorro Gigante,727014X,649393,RECHAZADO (Riesgo Salud/Financiero)
Pancha Nutria Gigante,761139X,141491,APROBADO
Juan Condor Salvage,260400X,90644,APROBADO
Pepe Gato Gigante,404272X,191916,APROBADO
Francisco Leon Salvage,527525X,833079,RECHAZADO (Riesgo Salud/Financiero)
Pepe Ballena Salvage,360701X,472557,APROBADO
Pancha Zorro Rojo,103471X,110954,RECHAZADO (Riesgo Salud/Financiero)
Pancha Huemul Veloz,603696X,305263,APROBADO
Coty Leon Salvage,991380X,249650,APROBADO
Maria Condor Austral,506124X,555714,APROBADO
Pepe Nutria Sigiloso,742419X,785376,RECHAZADO (Riesgo Salud/Financiero)
Pancha Gato Audaz,823966X,479480,APROBADO
Lucho Condor Veloz,269529X,526884,APROBADO
Maria Perro Veloz,337108X,606672,APROBADO
Lucho Nutria Salvage,446208X,775152,APROBADO
Sacha Puma Noble,360439X,303375,APROBADO
Lucho Perro Noble,603400X,362908,APROBADO
Pancha Huemul Salvage,174786X,659410,APROBADO
Pancha Gato Gigante,706134X,85139,APROBADO
Matias Huemul Salvage,666030X,644259,APROBADO
Lucho Ballena Rojo,286285X,33871,APROBADO
Pancha Leon Sigiloso,34157X,647684,APROBADO
Juan Nutria Sigiloso,698648X,206454,RECHAZADO (Riesgo Salud/Financiero)
Maria Perro Rojo,342198X,230402,APROBADO
Lucho Nutria Noble,699261X,774863,APROBADO
Lucho Ballena Noble,656622X,146718,APROBADO
Francisco Puma Gigante,371775X,341099,RECHAZADO (Riesgo Salud/Financiero)
Pancha Leon Audaz,572792X,294848,APROBADO
Sacha Ballena Audaz,793733X,466208,APROBADO
Pepe Perro Audaz,455187X,607318,RECHAZADO (Riesgo Salud/Financiero)
Pancha Zorro Sigiloso,737949X,132582,APROBADO
Francisco Leon Rojo,260854X,282247,RECHAZADO (Riesgo Salud/Financiero)
Coty Nutria Sigiloso,516574X,300131,RECHAZADO (Riesgo Salud/Financiero)
Pepe Huemul Salvage,90924X,648115,APROBADO
Maria Huemul Gigante,143854X,411525,APROBADO
Coty Huemul Salvage,561244X,171276,APROBADO
Maria Perro Salvage,364233X,149482,RECHAZADO (Riesgo Salud/Financiero)
Sacha Puma Gigante,625686X,201888,RECHAZADO (Riesgo Salud/Financiero)
Maria Huemul Veloz,989587X,575408,APROBADO
Coty Ballena Audaz,885335X,878417,APROBADO
Coty Ballena Salvage,17341X,385409,RECHAZADO (Riesgo Salud/Financiero)
Lucho Leon Noble,430851X,62052,APROBADO
Francisco Gato Noble,312441X,58766,APROBADO
Maria Zorro Salvage,927270X,298442,APROBADO
Pepe Puma Sigiloso,398347X,659349,APROBADO
Francisco Zorro Sigiloso,63182X,650094,APROBADO
Pepe Condor Austral,192768X,352177,APROBADO
Pancha Nutria Sigiloso,375635X,855104,APROBADO
Matias Gato Austral,499879X,406668,APROBADO
Matias Condor Veloz,376796X,565793,APROBADO
Lucho Nutria Austral,398885X,700986,APROBADO
Juan Leon Noble,723360X,497583,APROBADO
Maria Huemul Gigante,132316X,577913,APROBADO
Sacha Nutria Veloz,86353X,457464,APROBADO
Maria Puma Austral,664706X,240987,RECHAZADO (Riesgo Salud/Financiero)
Lucho Condor Gigante,648137X,94965,APROBADO
Pancha Huemul Sigiloso,294149X,508919,APROBADO
Coty Puma Audaz,125438X,284128,APROBADO
Pancha Nutria Salvage,946028X,291500,APROBADO
Juan Leon Rojo,552494X,358879,RECHAZADO (Riesgo Salud/Financiero)
Maria Leon Rojo,34500X,444394,APROBADO
Maria Ballena Salvage,926941X,240278,APROBADO
Coty Perro Austral,517386X,195320,APROBADO
Pancha Ballena Sigiloso,211623X,773793,APROBADO
Lucho Nutria Noble,440728X,544839,APROBADO
Matias Gato Audaz,127927X,176172,APROBADO
Pancha Zorro Austral,8302X,154313,RECHAZADO (Riesgo Salud/Financiero)
Coty Condor Rojo,51772X,285972,APROBADO
Lucho Nutria Salvage,408457X,490465,APROBADO
Pepe Gato Austral,425345X,805628,APROBADO
Maria Ballena Salvage,598429X,670682,APROBADO
Pancha Gato Audaz,974732X,667335,APROBADO
Pancha Puma Noble,211431X,492547,APROBADO
Maria Puma Noble,524858X,199211,APROBADO
Pancha Gato Audaz,719742X,234732,APROBADO
Coty Huemul Gigante,959831X,238464,APROBADO
Sacha Huemul Noble,412790X,594166,APROBADO
Maria Huemul Audaz,30061X,109776,APROBADO
Sacha Perro Austral,832835X,357834,RECHAZADO (Riesgo Salud/Financiero)
Juan Huemul Austral,359378X,74878,APROBADO
Pancha Leon Austral,721512X,722645,APROBADO
Juan Perro Veloz,881105X,33323,APROBADO
Lucho Perro Noble,529042X,831518,APROBADO
Matias Ballena Austral,323870X,357738,APROBADO
Pepe Nutria Sigiloso,990163X,538269,APROBADO
Pepe Perro Veloz,894394X,283530,APROBADO
Sacha Leon Salvage,101485X,130692,APROBADO
Francisco Nutria Gigante,178889X,405726,APROBADO
Pancha Leon Gigante,263686X,636264,RECHAZADO (Riesgo Salud/Financiero)
Matias Perro Austral,740115X,491289,APROBADO
Pancha Zorro Rojo,31399X,626910,APROBADO
Matias Gato Rojo,530692X,660509,RECHAZADO (Riesgo Salud/Financiero)
Matias Ballena Veloz,62260X,335006,APROBADO
Pepe Ballena Noble,447456X,517966,APROBADO
Lucho Condor Rojo,850122X,78978,RECHAZADO (Riesgo Salud/Financiero)
Juan Huemul Gigante,685953X,663971,APROBADO
Sacha Nutria Rojo,349873X,46794,APROBADO
Juan Nutria Noble,449653X,188502,RECHAZADO (Riesgo Salud/Financiero)
Pancha Gato Gigante,612788X,386098,APROBADO
Lucho Perro Austral,785024X,291027,APROBADO
Pepe Perro Noble,549091X,242387,APROBADO
Matias Gato Austral,362400X,347660,APROBADO
Lucho Ballena Rojo,296979X,510182,APROBADO
Pepe Puma Austral,579594X,852003,APROBADO
Coty Puma Veloz,539790X,588362,RECHAZADO (Riesgo Salud/Financiero)
Lucho Huemul Salvage,999204X,582910,APROBADO
Francisco Ballena Veloz,226887X,855362,APROBADO
Maria Nutria Noble,303305X,887365,APROBADO
Maria Puma Austral,149771X,285390,APROBADO
Maria Perro Salvage,829269X,436584,APROBADO
Pancha Puma Noble,450510X,831205,APROBADO
Pancha Puma Rojo,215439X,889400,APROBADO
Francisco Huemul Noble,812581X,586568,APROBADO
Matias Huemul Salvage,594148X,889443,APROBADO
Francisco Nutria Noble,24647X,592344,APROBADO
Pepe Gato Noble,921188X,60640,APROBADO
Lucho Zorro Noble,78595X,142713,RECHAZADO (Riesgo Salud/Financiero)
Lucho Zorro Audaz,75427X,731620,APROBADO
Maria Puma Audaz,908330X,351810,APROBADO
Maria Zorro Veloz,381939X,193066,APROBADO
Matias Gato Salvage,148141X,461889,RECHAZADO (Riesgo Salud/Financiero)
Pepe Leon Salvage,979178X,367873,APROBADO
Coty Ballena Gigante,847352X,885330,RECHAZADO (Riesgo Salud/Financiero)
Pancha Perro Audaz,720421X,729090,APROBADO
Pepe Leon Austral,415053X,681568,RECHAZADO (Riesgo Salud/Financiero)
Pancha Puma Salvage,444163X,34752,APROBADO
Francisco Puma Veloz,107634X,158310,APROBADO
Francisco Leon Audaz,68777X,240555,APROBADO
Juan Nutria Gigante,623139X,432039,APROBADO
Francisco Zorro Noble,370978X,80591,APROBADO
Pancha Huemul Veloz,95278X,34385,APROBADO
Juan Nutria Noble,902162X,212656,APROBADO
Coty Gato Noble,27487X,796245,APROBADO
Juan Ballena Gigante,986804X,835260,APROBADO
Pancha Puma Rojo,342580X,658564,RECHAZADO (Riesgo Salud/Financiero)
Lucho Ballena Gigante,254412X,660949,APROBADO
Pancha Condor Salvage,959262X,659476,RECHAZADO (Riesgo Salud/Financiero)
Pepe Nutria Austral,811542X,893091,RECHAZADO (Riesgo Salud/Financiero)
Maria Ballena Salvage,393067X,468327,APROBADO
Juan Ballena Austral,749034X,192820,APROBADO
Sacha Ballena Veloz,922408X,826447,RECHAZADO (Riesgo Salud/Financiero)
Lucho Zorro Veloz,330166X,449772,APROBADO
Juan Puma Veloz,389728X,481851,APROBADO
Matias Nutria Rojo,714629X,604535,APROBADO
Pepe Huemul Austral,692767X,430817,APROBADO
Juan Puma Austral,426386X,787485,APROBADO
Juan Gato Salvage,863371X,287846,APROBADO
Matias Ballena Austral,937695X,304266,RECHAZADO (Riesgo Salud/Financiero)
Coty Gato Gigante,353815X,536113,APROBADO
Pepe Nutria Austral,495842X,244183,APROBADO
Maria Gato Austral,658972X,415503,APROBADO
Matias Nutria Noble,680224X,809651,APROBADO
Maria Condor Salvage,162338X,865543,APROBADO
Lucho Puma Audaz,732920X,611038,APROBADO
Sacha Condor Salvage,210097X,360118,APROBADO
Pepe Perro Gigante,969020X,62843,APROBADO
Matias Puma Audaz,377702X,358041,APROBADO
Francisco Zorro Austral,523544X,799991,APROBADO
Pancha Gato Veloz,193555X,675528,RECHAZADO (Riesgo Salud/Financiero)
Coty Ballena Sigiloso,379691X,341192,APROBADO
Juan Puma Noble,192056X,652776,APROBADO
Pepe Gato Gigante,331415X,825806,APROBADO
Maria Perro Sigiloso,539330X,864162,RECHAZADO (Riesgo Salud/Financiero)
Sacha Huemul Noble,591184X,60955,APROBADO
Matias Huemul Sigiloso,526127X,139533,APROBADO
Francisco Perro Austral,318510X,89976,APROBADO
Sacha Zorro Sigiloso,538016X,250624,APROBADO
Coty Nutria Audaz,157805X,742361,APROBADO
Matias Nutria Salvage,505116X,713067,APROBADO
Juan Nutria Rojo,849634X,752220,APROBADO
Juan Zorro Audaz,16086X,332499,APROBADO
Pepe Ballena Rojo,809690X,101803,APROBADO
Francisco Condor Audaz,649198X,229191,APROBADO
Sacha Nutria Austral,264148X,457531,RECHAZADO (Riesgo Salud/Financiero)
Sacha Condor Rojo,325067X,434833,APROBADO
Lucho Nutria Rojo,655714X,162353,APROBADO
Coty Gato Veloz,351455X,26066,APROBADO
Sacha Condor Audaz,931290X,160009,APROBADO
Sacha Zorro Rojo,824130X,259982,RECHAZADO (Riesgo Salud/Financiero)
Pancha Ballena Gigante,953643X,882802,APROBADO
Pepe Gato Gigante,778944X,340545,APROBADO
Pepe Puma Noble,14459X,33584,APROBADO
Pepe Zorro Veloz,93274X,429602,APROBADO
Sacha Ballena Austral,665587X,544153,RECHAZADO (Riesgo Salud/Financiero)
Pancha Perro Veloz,670882X,562441,APROBADO
Sacha Huemul Salvage,938735X,674066,APROBADO
Pancha Puma Veloz,711161X,442757,APROBADO
Francisco Condor Audaz,303667X,634661,APROBADO
Pepe Nutria Rojo,791092X,344668,APROBADO
Francisco Nutria Austral,513952X,582940,RECHAZADO (Riesgo Salud/Financiero)
Matias Leon Noble,918298X,768471,APROBADO
Matias Gato Audaz,996489X,32804,APROBADO
Matias Gato Austral,178251X,214181,RECHAZADO (Riesgo Salud/Financiero)
Maria Leon Gigante,91545X,102213,APROBADO
Juan Huemul Audaz,491145X,501306,APROBADO
Maria Gato Rojo,105559X,337583,APROBADO
Matias Huemul Audaz,404855X,15948,APROBADO
Lucho Ballena Audaz,992301X,137286,APROBADO
Sacha Ballena Salvage,868363X,53790,APROBADO
Sacha Gato Sigiloso,49268X,352984,APROBADO
Sacha Zorro Sigiloso,795773X,736470,APROBADO
Sacha Leon Veloz,285071X,379878,APROBADO
Maria Condor Austral,870500X,777969,APROBADO
Maria Leon Audaz,137880X,461813,APROBADO
Pancha Leon Audaz,508526X,90984,APROBADO
Sacha Nutria Salvage,264812X,692850,APROBADO
Coty Puma Rojo,18793X,273414,APROBADO
Lucho Gato Austral,676698X,406751,APROBADO
Coty Gato Salvage,585266X,307837,APROBADO
Francisco Zorro Audaz,432416X,659500,APROBADO
Pepe Huemul Salvage,892745X,476854,APROBADO
Pancha Leon Salvage,822707X,814567,APROBADO
Pancha Puma Noble,187619X,819451,APROBADO
Maria Perro Gigante,768574X,403101,APROBADO
Pepe Nutria Rojo,990165X,86070,RECHAZADO (Riesgo Salud/Financiero)
Pepe Leon Salvage,480294X,407785,APROBADO
Francisco Condor Audaz,453348X,248290,RECHAZADO (Riesgo Salud/Financiero)
Francisco Puma Gigante,52511X,872006,APROBADO
Sacha Leon Gigante,104898X,352378,APROBADO
Coty Ballena Rojo,633749X,144308,APROBADO
Pepe Leon Gigante,682500X,54384,APROBADO
Matias Gato Gigante,334497X,105344,APROBADO
Sacha Huemul Audaz,290747X,455504,APROBADO
Maria Huemul Salvage,143778X,408431,APROBADO
Pancha Huemul Audaz,786353X,222905,APROBADO
Matias Perro Rojo,850199X,787987,RECHAZADO (Riesgo Salud/Financiero)
Juan Gato Noble,700648X,581094,APROBADO
Sacha Zorro Gigante,860389X,494022,RECHAZADO (Riesgo Salud/Financiero)
Pepe Puma Gigante,306931X,423207,APROBADO
Juan Perro Salvage,215212X,72377,APROBADO
Pepe Nutria Veloz,218811X,694447,RECHAZADO (Riesgo Salud/Financiero)
Sacha Huemul Gigante,177176X,229147,APROBADO
Coty Zorro Gigante,728279X,790381,APROBADO
Matias Puma Austral,880626X,426099,APROBADO
Pepe Puma Salvage,555150X,892812,APROBADO
Juan Condor Rojo,13345X,828802,RECHAZADO (Riesgo Salud/Financiero)
Maria Nutria Sigiloso,350632X,255779,RECHAZADO (Riesgo Salud/Financiero)
Coty Huemul Rojo,569332X,859974,RECHAZADO (Riesgo Salud/Financiero)
Coty Perro Audaz,95633X,763847,RECHAZADO (Riesgo Salud/Financiero)
Lucho Gato Gigante,655469X,689523,APROBADO
Matias Leon Salvage,36800X,855567,APROBADO
Matias Leon Noble,28450X,355783,RECHAZADO (Riesgo Salud/Financiero)
Sacha Leon Gigante,362604X,881907,APROBADO
Francisco Perro Gigante,534558X,747405,APROBADO
Pepe Gato Audaz,963325X,439455,RECHAZADO (Riesgo Salud/Financiero)
Juan Gato Audaz,942470X,802020,APROBADO
Maria Leon Noble,390074X,274097,APROBADO
Sacha Puma Gigante,881829X,481972,RECHAZADO (Riesgo Salud/Financiero)
Juan Puma Veloz,31667X,251634,APROBADO
Maria Gato Salvage,499527X,560080,APROBADO
Juan Ballena Audaz,438690X,726147,RECHAZADO (Riesgo Salud/Financiero)
Juan Leon Austral,239969X,683076,APROBADO
Maria Gato Salvage,946953X,177518,APROBADO
Francisco Condor Noble,712415X,649374,RECHAZADO (Riesgo Salud/Financiero)
Coty Condor Sigiloso,845715X,836472,APROBADO
Francisco Leon Audaz,720251X,581703,APROBADO
Matias Gato Veloz,954134X,434195,APROBADO
Francisco Ballena Rojo,673493X,592136,RECHAZADO (Riesgo Salud/Financiero)
Juan Zorro Austral,711020X,104875,APROBADO
Pancha Ballena Salvage,998652X,760555,APROBADO
Pancha Perro Gigante,876014X,771342,APROBADO
Juan Perro Noble,893582X,229136,APROBADO
Francisco Leon Noble,98760X,839283,RECHAZADO (Riesgo Salud/Financiero)
Juan Huemul Veloz,836306X,291733,APROBADO
Francisco Zorro Salvage,313839X,588098,APROBADO
Juan Perro Rojo,959534X,248815,APROBADO
Coty Huemul Veloz,297945X,488791,RECHAZADO (Riesgo Salud/Financiero)
Matias Ballena Veloz,463011X,863384,APROBADO
Sacha Nutria Austral,150537X,884939,RECHAZADO (Riesgo Salud/Financiero)
Maria Huemul Gigante,695871X,505392,APROBADO
Coty Perro Noble,298838X,635127,APROBADO
Sacha Ballena Salvage,152348X,728395,APROBADO
Pancha Huemul Salvage,628509X,550278,APROBADO
Pepe Zorro Noble,258131X,557958,APROBADO
Lucho Ballena Gigante,602607X,628731,APROBADO
Coty Nutria Sigiloso,313301X,650570,RECHAZADO (Riesgo Salud/Financiero)
Pancha Huemul Audaz,702191X,336305,APROBADO
Pancha Nutria Veloz,266493X,614734,APROBADO
Sacha Zorro Salvage,16693X,144851,RECHAZADO (Riesgo Salud/Financiero)
Sacha Gato Sigiloso,41533X,841037,APROBADO
Coty Zorro Rojo,800559X,597536,APROBADO
Maria Leon Veloz,139316X,861169,APROBADO
Pepe Ballena Austral,413699X,296931,RECHAZADO (Riesgo Salud/Financiero)
Coty Nutria Gigante,869232X,273325,APROBADO
Juan Leon Gigante,544357X,502565,APROBADO
Sacha Leon Audaz,327464X,683211,APROBADO
Matias Huemul Veloz,530537X,836604,APROBADO
Matias Gato Gigante,409007X,475413,APROBADO
Maria Perro Gigante,958109X,779244,APROBADO
Juan Huemul Noble,388148X,604251,APROBADO
Sacha Nutria Austral,110499X,530956,APROBADO
Juan Huemul Gigante,698236X,155504,APROBADO
Sacha Perro Rojo,392580X,158903,APROBADO
Sacha Condor Sigiloso,278909X,190892,APROBADO
Sacha Condor Gigante,75938X,179097,APROBADO
Francisco Zorro Gigante,235150X,189302,APROBADO
Pepe Nutria Austral,399241X,435483,RECHAZADO (Riesgo Salud/Financiero)
Pancha Puma Sigiloso,430360X,32072,APROBADO
Maria Leon Audaz,457322X,655333,APROBADO
Sacha Huemul Veloz,808066X,405679,APROBADO
Juan Puma Austral,107677X,570766,APROBADO
Maria Condor Audaz,466874X,189461,APROBADO
Sacha Ballena Salvage,277160X,259361,RECHAZADO (Riesgo Salud/Financiero)
Pancha Zorro Audaz,114951X,645849,APROBADO
Pepe Puma Veloz,286300X,213401,RECHAZADO (Riesgo Salud/Financiero)
Matias Gato Gigante,539391X,894113,APROBADO
Francisco Condor Rojo,3276X,162234,RECHAZADO (Riesgo Salud/Financiero)
Pancha Gato Austral,439665X,281938,APROBADO
Coty Gato Noble,716534X,806310,RECHAZADO (Riesgo Salud/Financiero)
Lucho Puma Rojo,373287X,86612,APROBADO
Pancha Puma Salvage,610893X,653761,APROBADO
Matias Nutria Salvage,204515X,649610,APROBADO
Pancha Puma Austral,590949X,148926,APROBADO
Lucho Puma Rojo,820656X,201176,APROBADO
Maria Huemul Veloz,751362X,599018,APROBADO
Sacha Gato Salvage,168945X,567378,APROBADO
Pepe Leon Gigante,554662X,671220,APROBADO
Coty Nutria Gigante,186533X,124573,APROBADO
Lucho Ballena Audaz,396693X,310019,APROBADO
Coty Leon Sigiloso,815238X,525839,APROBADO
Coty Perro Audaz,389515X,618906,RECHAZADO (Riesgo Salud/Financiero)
Sacha Perro Austral,198767X,283479,APROBADO
Coty Zorro Austral,179237X,292496,APROBADO
Lucho Leon Audaz,46003X,445171,APROBADO
Matias Perro Austral,747405X,210357,RECHAZADO (Riesgo Salud/Financiero)
Lucho Gato Noble,319204X,637374,APROBADO
Sacha Huemul Salvage,204446X,73243,APROBADO
Pancha Perro Austral,777777X,45609,APROBADO
Maria Zorro Sigiloso,334524X,26619,APROBADO
Coty Zorro Audaz,277284X,458326,APROBADO
Pancha Puma Salvage,584882X,398225,APROBADO
Francisco Huemul Audaz,189494X,414965,RECHAZADO (Riesgo Salud/Financiero)
Coty Nutria Gigante,950580X,417147,APROBADO
Sacha Gato Veloz,492706X,595225,APROBADO
Pancha Leon Salvage,669872X,531144,APROBADO
Pepe Huemul Austral,764848X,355673,RECHAZADO (Riesgo Salud/Financiero)
Francisco Ballena Austral,731986X,450977,APROBADO
Francisco Puma Salvage,313025X,256519,RECHAZADO (Riesgo Salud/Financiero)
Lucho Gato Veloz,193611X,754575,APROBADO
Lucho Nutria Rojo,997525X,51026,APROBADO
Coty Nutria Sigiloso,879633X,312119,APROBADO
Juan Huemul Sigiloso,186063X,350420,APROBADO
Juan Leon Veloz,670225X,381725,APROBADO
Pepe Leon Veloz,712031X,887404,APROBADO
Francisco Ballena Veloz,409963X,765213,APROBADO
Pancha Leon Salvage,603799X,241442,APROBADO
Lucho Huemul Gigante,232908X,86778,RECHAZADO (Riesgo Salud/Financiero)
Pancha Zorro Rojo,809050X,389652,APROBADO
Juan Condor Veloz,526999X,365360,APROBADO
Maria Perro Sigiloso,605837X,477260,APROBADO
Francisco Puma Noble,142689X,725416,RECHAZADO (Riesgo Salud/Financiero)
Maria Ballena Rojo,211287X,226657,APROBADO
Lucho Puma Audaz,448615X,710803,APROBADO
Francisco Condor Noble,509577X,134638,APROBADO
Lucho Gato Noble,83444X,42386,RECHAZADO (Riesgo Salud/Financiero)
Sacha Ballena Audaz,532152X,686696,APROBADO
Lucho Ballena Sigiloso,521149X,341355,RECHAZADO (Riesgo Salud/Financiero)
Maria Ballena Veloz,853656X,662486,APROBADO
Sacha Condor Salvage,984925X,673651,APROBADO
Francisco Ballena Veloz,458274X,148109,APROBADO
Coty Zorro Salvage,602077X,651399,APROBADO
Juan Condor Sigiloso,249478X,661660,APROBADO
Maria Puma Rojo,992262X,628670,APROBADO
Francisco Perro Salvage,820745X,830254,APROBADO
Coty Puma Audaz,355910X,845183,APROBADO
Pancha Zorro Austral,353098X,557965,RECHAZADO (Riesgo Salud/Financiero)
Francisco Perro Austral,775146X,707647,APROBADO
Maria Ballena Veloz,211499X,463586,APROBADO
Pepe Puma Gigante,861645X,770170,APROBADO
Juan Zorro Gigante,626879X,847029,APROBADO
Matias Gato Audaz,985615X,184789,RECHAZADO (Riesgo Salud/Financiero)
Maria Huemul Salvage,895881X,423584,APROBADO
Lucho Zorro Austral,740394X,155083,APROBADO
Coty Ballena Sigiloso,14164X,343511,RECHAZADO (Riesgo Salud/Financiero)
Pepe Huemul Sigiloso,482871X,507944,APROBADO
Juan Puma Veloz,149114X,313441,APROBADO
Pepe Condor Sigiloso,879308X,176763,RECHAZADO (Riesgo Salud/Financiero)
Lucho Zorro Sigiloso,514558X,226199,APROBADO
Francisco Puma Veloz,814722X,489431,APROBADO
Coty Huemul Austral,295789X,345661,APROBADO
Matias Zorro Austral,946217X,601291,APROBADO
Matias Huemul Austral,33645X,878797,APROBADO
Coty Zorro Veloz,171519X,292044,APROBADO
Maria Leon Rojo,240407X,420703,RECHAZADO (Riesgo Salud/Financiero)
Francisco Nutria Veloz,769900X,687229,APROBADO
Maria Zorro Veloz,516209X,198984,APROBADO
Sacha Puma Veloz,706366X,277579,APROBADO
Francisco Ballena Sigiloso,973398X,866876,APROBADO
Pepe Zorro Veloz,13754X,554608,APROBADO
Sacha Nutria Salvage,373378X,394435,APROBADO
Francisco Condor Sigiloso,278254X,320821,APROBADO
Coty Zorro Audaz,492473X,844758,APROBADO
Maria Nutria Gigante,997283X,641562,RECHAZADO (Riesgo Salud/Financiero)
Maria Ballena Gigante,490571X,738816,APROBADO
Sacha Leon Austral,212620X,153202,APROBADO
Lucho Ballena Veloz,239271X,68178,APROBADO
Juan Nutria Noble,867487X,448600,APROBADO
Coty Zorro Audaz,730672X,17009,APROBADO
Coty Gato Noble,325517X,560694,APROBADO
Coty Condor Audaz,339927X,727250,APROBADO
Francisco Ballena Sigiloso,453542X,495588,APROBADO
Juan Ballena Sigiloso,697374X,195313,APROBADO
Lucho Ballena Salvage,300041X,624983,RECHAZADO (Riesgo Salud/Financiero)
Maria Zorro Austral,637705X,295789,APROBADO
Matias Zorro Veloz,136672X,437382,APROBADO
Sacha Condor Rojo,427492X,183546,RECHAZADO (Riesgo Salud/Financiero)
Pancha Zorro Gigante,166083X,522521,APROBADO
Maria Condor Gigante,843033X,415072,RECHAZADO (Riesgo Salud/Financiero)
Pancha Nutria Salvage,97491X,396529,APROBADO
Lucho Condor Salvage,238970X,702336,RECHAZADO (Riesgo Salud/Financiero)
Pepe Zorro Noble,267880X,436846,RECHAZADO (Riesgo Salud/Financiero)
Coty Condor Noble,464909X,316064,APROBADO
Sacha Condor Gigante,959602X,61363,APROBADO
Lucho Puma Austral,27400X,363831,APROBADO
Sacha Leon Audaz,718011X,755034,RECHAZADO (Riesgo Salud/Financiero)
Matias Condor Veloz,724106X,703970,RECHAZADO (Riesgo Salud/Financiero)
Pepe Condor Noble,60962X,576823,RECHAZADO (Riesgo Salud/Financiero)
Pepe Leon Gigante,13284X,858011,APROBADO
Francisco Zorro Veloz,110529X,381550,APROBADO
Maria Leon Veloz,640434X,482311,APROBADO
Pancha Leon Salvage,889969X,610065,RECHAZADO (Riesgo Salud/Financiero)
Maria Gato Salvage,925281X,635567,APROBADO
Pancha Gato Austral,51677X,757185,APROBADO
Maria Nutria Noble,710356X,445170,RECHAZADO (Riesgo Salud/Financiero)
Pancha Huemul Rojo,734092X,691789,APROBADO
Pancha Huemul Veloz,518230X,882477,APROBADO
Lucho Perro Audaz,504145X,65427,APROBADO
Francisco Condor Sigiloso,193302X,878238,APROBADO
Pancha Zorro Noble,903982X,435528,APROBADO
Pancha Gato Sigiloso,711715X,687293,RECHAZADO (Riesgo Salud/Financiero)
Matias Leon Noble,536305X,860090,APROBADO
Pancha Condor Salvage,434687X,303052,RECHAZADO (Riesgo Salud/Financiero)
Pancha Huemul Sigiloso,359611X,843447,APROBADO
Sacha Nutria Rojo,33529X,129033,APROBADO
Lucho Zorro Noble,275158X,101452,APROBADO
Juan Puma Audaz,226963X,353272,APROBADO
Maria Ballena Salvage,331700X,801818,APROBADO
Matias Ballena Sigiloso,265401X,706694,APROBADO
Juan Nutria Rojo,478741X,27395,APROBADO
Francisco Huemul Sigiloso,438361X,132582,RECHAZADO (Riesgo Salud/Financiero)
Francisco Huemul Gigante,153219X,146482,APROBADO
Lucho Nutria Noble,844513X,333908,APROBADO
Matias Puma Austral,533133X,689906,RECHAZADO (Riesgo Salud/Financiero)
Pepe Gato Veloz,134068X,625873,APROBADO
Maria Perro Salvage,216763X,701393,RECHAZADO (Riesgo Salud/Financiero)
Lucho Condor Gigante,674229X,15049,APROBADO
Matias Puma Noble,711448X,782737,RECHAZADO (Riesgo Salud/Financiero)
Coty Huemul Sigiloso,169596X,488589,APROBADO
Sacha Gato Noble,225443X,54318,APROBADO
Juan Gato Noble,497308X,873589,APROBADO
Sacha Zorro Salvage,963350X,644222,APROBADO
Lucho Condor Austral,875682X,450712,APROBADO
Coty Condor Gigante,795148X,342853,APROBADO
Matias Nutria Gigante,987314X,550352,APROBADO
Coty Perro Salvage,762017X,849233,APROBADO
Pancha Puma Sigiloso,176251X,286131,APROBADO
Maria Nutria Rojo,290273X,299723,APROBADO
Maria Huemul Sigiloso,183442X,345499,APROBADO
Pancha Ballena Sigiloso,681949X,302909,RECHAZADO (Riesgo Salud/Financiero)
Sacha Zorro Sigiloso,960453X,337138,APROBADO
Francisco Perro Sigiloso,124426X,260211,APROBADO
Francisco Ballena Rojo,161928X,466536,APROBADO
Francisco Gato Rojo,53226X,211833,APROBADO
Coty Ballena Sigiloso,127156X,524295,APROBADO
Juan Perro Audaz,441217X,632781,RECHAZADO (Riesgo Salud/Financiero)
Matias Nutria Rojo,779549X,169869,APROBADO
Francisco Ballena Gigante,700165X,53478,APROBADO
Sacha Perro Rojo,917222X,60913,APROBADO
Pepe Zorro Veloz,574566X,101572,APROBADO
Coty Gato Noble,633654X,320890,APROBADO
Maria Perro Rojo,98401X,400346,RECHAZADO (Riesgo Salud/Financiero)
Pepe Gato Audaz,601850X,382297,APROBADO
Matias Ballena Audaz,893500X,700739,APROBADO
Matias Perro Salvage,722647X,190412,APROBADO
Juan Leon Noble,146063X,407276,APROBADO
Sacha Leon Gigante,717077X,539608,RECHAZADO (Riesgo Salud/Financiero)
Juan Zorro Gigante,28500X,748334,APROBADO
Pancha Nutria Rojo,444711X,267156,APROBADO
Pancha Zorro Noble,750920X,761759,APROBADO
Pepe Gato Rojo,365522X,670932,APROBADO
Sacha Nutria Audaz,478588X,408027,APROBADO
Sacha Zorro Veloz,160568X,503577,APROBADO
Juan Ballena Sigiloso,734239X,350292,APROBADO
Coty Zorro Veloz,653304X,613269,RECHAZADO (Riesgo Salud/Financiero)
Pepe Puma Sigiloso,813930X,517799,APROBADO
Lucho Nutria Noble,1432X,51161,RECHAZADO (Riesgo Salud/Financiero)
Sacha Perro Veloz,449357X,869926,APROBADO
Maria Perro Rojo,884690X,848060,APROBADO
Coty Leon Gigante,155428X,390229,APROBADO
Lucho Zorro Austral,212580X,892163,APROBADO
Maria Huemul Salvage,715456X,568169,APROBADO
Matias Ballena Noble,566683X,276396,APROBADO
Lucho Condor Sigiloso,161893X,782807,APROBADO
Maria Gato Austral,523902X,615718,APROBADO
Sacha Nutria Gigante,755171X,891406,APROBADO
Pepe Leon Veloz,629102X,181073,APROBADO
Francisco Perro Salvage,782922X,854719,APROBADO
Pancha Perro Veloz,799766X,163151,APROBADO
Pancha Ballena Noble,294848X,219704,APROBADO
Francisco Leon Gigante,984235X,297348,APROBADO
Sacha Gato Audaz,823483X,611298,APROBADO
Pancha Huemul Veloz,429826X,471497,RECHAZADO (Riesgo Salud/Financiero)
Pepe Condor Sigiloso,896800X,861986,RECHAZADO (Riesgo Salud/Financiero)
Juan Nutria Noble,346868X,857658,APROBADO
Pepe Condor Salvage,972425X,486587,APROBADO
Pancha Nutria Salvage,24947X,318748,APROBADO
Maria Leon Veloz,914105X,818971,APROBADO
Pepe Leon Salvage,483264X,562815,RECHAZADO (Riesgo Salud/Financiero)
Matias Huemul Austral,635207X,656531,APROBADO
Sacha Puma Rojo,572022X,508322,APROBADO
Sacha Puma Veloz,860204X,772798,APROBADO
Coty Puma Austral,259359X,885778,RECHAZADO (Riesgo Salud/Financiero)
Pancha Leon Rojo,103176X,282083,APROBADO
Lucho Zorro Salvage,122483X,658460,APROBADO
Coty Puma Gigante,498043X,528541,APROBADO
Lucho Perro Sigiloso,1144X,673707,APROBADO
Sacha Ballena Sigiloso,39315X,567557,APROBADO
Juan Gato Salvage,545322X,264970,RECHAZADO (Riesgo Salud/Financiero)
Pancha Condor Sigiloso,3738X,318011,APROBADO
Lucho Zorro Gigante,661561X,149924,RECHAZADO (Riesgo Salud/Financiero)
Pepe Ballena Veloz,609957X,650691,APROBADO
Pepe Huemul Gigante,327331X,388664,APROBADO
Lucho Ballena Austral,110559X,59386,RECHAZADO (Riesgo Salud/Financiero)
Pancha Ballena Gigante,916325X,375676,APROBADO
Lucho Ballena Gigante,294767X,327846,APROBADO
Juan Zorro Noble,898809X,372954,APROBADO
Juan Perro Salvage,214573X,885414,APROBADO
Matias Leon Rojo,743924X,669632,APROBADO
Coty Leon Austral,441925X,747122,APROBADO
Maria Leon Gigante,52316X,723031,APROBADO
Pancha Zorro Gigante,669035X,857117,APROBADO
Juan Zorro Sigiloso,817433X,743579,APROBADO
Juan Puma Noble,832246X,62588,RECHAZADO (Riesgo Salud/Financiero)
Pancha Perro Veloz,202536X,324996,RECHAZADO (Riesgo Salud/Financiero)
Sacha Huemul Gigante,32064X,873981,RECHAZADO (Riesgo Salud/Financiero)
Pepe Nutria Audaz,25338X,726950,APROBADO
Lucho Condor Gigante,254823X,90962,APROBADO
Maria Condor Austral,970573X,239645,APROBADO
Pepe Zorro Sigiloso,279836X,693378,APROBADO
Coty Huemul Noble,425850X,894617,APROBADO
Maria Zorro Sigiloso,11859X,835977,APROBADO
Francisco Zorro Noble,399678X,582270,APROBADO
Coty Ballena Salvage,302667X,168608,APROBADO
Matias Leon Noble,382179X,50196,APROBADO
Juan Huemul Veloz,677093X,190142,APROBADO
Juan Leon Noble,228973X,118037,APROBADO
Francisco Huemul Austral,961153X,335601,APROBADO
Matias Leon Audaz,715586X,253973,APROBADO
Sacha Perro Gigante,617430X,376859,APROBADO
Sacha Condor Noble,191676X,514662,APROBADO
Maria Ballena Salvage,397899X,25725,RECHAZADO (Riesgo Salud/Financiero)
Pancha Huemul Sigiloso,98111X,390040,RECHAZADO (Riesgo Salud/Financiero)
Pepe Ballena Audaz,288079X,439459,RECHAZADO (Riesgo Salud/Financiero)
Matias Nutria Audaz,486282X,377477,APROBADO
Maria Gato Austral,421818X,630105,APROBADO
Pancha Ballena Gigante,379945X,577547,APROBADO
Pancha Nutria Audaz,191567X,331283,RECHAZADO (Riesgo Salud/Financiero)
Sacha Perro Noble,510625X,892007,RECHAZADO (Riesgo Salud/Financiero)
Maria Ballena Noble,493353X,737607,RECHAZADO (Riesgo Salud/Financiero)
Pancha Leon Veloz,498263X,16938,APROBADO
Francisco Gato Sigiloso,289638X,41572,APROBADO
Maria Puma Audaz,531902X,156322,APROBADO
Coty Nutria Noble,194422X,217554,APROBADO
Coty Ballena Austral,312933X,414470,APROBADO
Maria Huemul Noble,384896X,700514,APROBADO
Maria Leon Sigiloso,332442X,387437,APROBADO
Lucho Puma Veloz,530383X,19726,APROBADO
Coty Condor Noble,89757X,300685,APROBADO
Pancha Gato Sigiloso,782345X,346450,APROBADO
Pepe Zorro Audaz,546036X,777163,APROBADO
Coty Ballena Noble,578257X,748528,APROBADO
Maria Huemul Veloz,465588X,406443,APROBADO
Lucho Perro Austral,263000X,81208,RECHAZADO (Riesgo Salud/Financiero)
Lucho Condor Gigante,330700X,594844,APROBADO
Lucho Ballena Audaz,590781X,264009,APROBADO
Matias Perro Sigiloso,831550X,179354,RECHAZADO (Riesgo Salud/Financiero)
Francisco Perro Audaz,281597X,118246,APROBADO
Pepe Leon Veloz,170780X,408908,APROBADO
Pepe Gato Veloz,777307X,550752,APROBADO
Coty Condor Salvage,402285X,861871,APROBADO
Juan Leon Veloz,814318X,730729,APROBADO
Coty Gato Rojo,620001X,830682,APROBADO
Pepe Condor Salvage,230981X,601601,RECHAZADO (Riesgo Salud/Financiero)
Juan Perro Austral,124007X,514141,APROBADO
Francisco Ballena Gigante,706887X,430378,APROBADO
Coty Condor Gigante,65287X,548080,APROBADO
Matias Perro Rojo,318629X,594163,APROBADO
Pancha Nutria Austral,862987X,607053,RECHAZADO (Riesgo Salud/Financiero)
Juan Condor Gigante,62577X,412242,APROBADO
Matias Gato Salvage,278808X,452052,APROBADO
Pepe Puma Noble,884496X,188661,APROBADO
Lucho Puma Audaz,957206X,331682,APROBADO
Francisco Puma Rojo,969328X,402185,APROBADO
Lucho Huemul Sigiloso,443625X,794581,APROBADO
Matias Perro Noble,607470X,465105,APROBADO
Pepe Condor Rojo,433096X,762285,RECHAZADO (Riesgo Salud/Financiero)
Maria Perro Austral,253942X,451282,APROBADO
Pepe Leon Salvage,172829X,485093,APROBADO
Sacha Puma Veloz,738385X,562923,APROBADO
Matias Huemul Gigante,533203X,365330,APROBADO
Juan Leon Sigiloso,55195X,35200,APROBADO
Juan Condor Sigiloso,144689X,415093,APROBADO
Sacha Ballena Austral,514464X,91296,RECHAZADO (Riesgo Salud/Financiero)
Francisco Condor Audaz,692980X,29633,APROBADO
Matias Perro Gigante,818714X,253543,APROBADO
Juan Leon Veloz,375799X,128417,APROBADO
Matias Gato Noble,497751X,500210,APROBADO
Pepe Perro Audaz,764195X,169796,RECHAZADO (Riesgo Salud/Financiero)
Pancha Zorro Rojo,284449X,44565,APROBADO
Francisco Puma Audaz,138376X,881896,APROBADO
Matias Gato Sigiloso,248110X,303211,RECHAZADO (Riesgo Salud/Financiero)
Matias Gato Salvage,102421X,49424,RECHAZADO (Riesgo Salud/Financiero)
Lucho Puma Sigiloso,950599X,855203,APROBADO
Maria Leon Salvage,461022X,803850,APROBADO
Juan Puma Veloz,724321X,106604,APROBADO
Sacha Huemul Audaz,210863X,142302,RECHAZADO (Riesgo Salud/Financiero)
Francisco Leon Noble,463096X,243010,APROBADO
Matias Perro Noble,634773X,408197,APROBADO
Coty Zorro Salvage,778469X,292387,APROBADO
Lucho Nutria Salvage,255441X,135951,APROBADO
Lucho Ballena Austral,979221X,595594,APROBADO
Juan Nutria Sigiloso,27229X,466531,RECHAZADO (Riesgo Salud/Financiero)
Pepe Condor Gigante,562162X,686796,APROBADO
Matias Huemul Noble,419565X,578187,APROBADO
Maria Gato Veloz,683513X,30898,APROBADO
Maria Leon Salvage,989770X,388514,RECHAZADO (Riesgo Salud/Financiero)
Lucho Leon Sigiloso,469689X,896595,APROBADO
Maria Condor Audaz,415626X,501078,RECHAZADO (Riesgo Salud/Financiero)
Maria Puma Gigante,413189X,19960,RECHAZADO (Riesgo Salud/Financiero)
Maria Perro Gigante,375494X,658346,APROBADO
Pepe Huemul Austral,41079X,545932,RECHAZADO (Riesgo Salud/Financiero)
Pancha Huemul Rojo,453189X,187373,APROBADO
Coty Nutria Audaz,258153X,78850,APROBADO
Coty Perro Austral,776978X,872808,RECHAZADO (Riesgo Salud/Financiero)
Sacha Perro Rojo,362204X,427854,APROBADO
Pancha Huemul Gigante,349943X,594797,APROBADO
Pepe Huemul Noble,467996X,427228,APROBADO
Sacha Condor Veloz,570880X,611952,APROBADO
Pepe Perro Austral,443447X,685094,APROBADO
Pancha Ballena Austral,367790X,707011,APROBADO
Pancha Condor Sigiloso,945788X,460861,RECHAZADO (Riesgo Salud/Financiero)
Francisco Puma Austral,883891X,780553,APROBADO
Pancha Ballena Veloz,844570X,316784,APROBADO
Juan Leon Rojo,279946X,76771,RECHAZADO (Riesgo Salud/Financiero)
Maria Nutria Austral,7594X,78538,APROBADO
Pancha Gato Sigiloso,507498X,298647,APROBADO
Pancha Puma Austral,887771X,556066,APROBADO
Francisco Huemul Salvage,171165X,708522,RECHAZADO (Riesgo Salud/Financiero)
Lucho Condor Gigante,347613X,271117,RECHAZADO (Riesgo Salud/Financiero)
Pepe Huemul Noble,914979X,404991,APROBADO
Coty Nutria Austral,892653X,899960,APROBADO
Francisco Nutria Austral,846435X,856776,RECHAZADO (Riesgo Salud/Financiero)
Sacha Nutria Noble,331362X,479293,APROBADO
Pepe Leon Noble,435866X,506089,APROBADO
Coty Huemul Noble,552327X,684773,APROBADO
Pancha Ballena Audaz,832680X,271866,APROBADO
Pepe Zorro Noble,745484X,496790,APROBADO
Matias Huemul Salvage,390844X,644346,RECHAZADO (Riesgo Salud/Financiero)
Coty Condor Audaz,77774X,255503,APROBADO
Francisco Ballena Audaz,292855X,71222,APROBADO
Pepe Ballena Salvage,674199X,296021,APROBADO
Pepe Huemul Gigante,556282X,533803,APROBADO
Maria Ballena Veloz,93913X,869792,APROBADO
Pancha Nutria Veloz,323863X,50397,RECHAZADO (Riesgo Salud/Financiero)
Coty Perro Sigiloso,836266X,209419,APROBADO
Francisco Zorro Noble,122769X,718015,APROBADO
Pepe Nutria Veloz,598687X,279490,APROBADO
Sacha Condor Austral,144629X,382638,APROBADO
Pepe Zorro Salvage,243419X,773212,APROBADO
Francisco Ballena Noble,223488X,271923,RECHAZADO (Riesgo Salud/Financiero)
Lucho Leon Rojo,514107X,524185,APROBADO
Matias Nutria Sigiloso,194150X,791579,APROBADO
Coty Ballena Gigante,115904X,620469,RECHAZADO (Riesgo Salud/Financiero)
Pancha Puma Sigiloso,384568X,895263,APROBADO
Maria Perro Gigante,840003X,798299,APROBADO
Francisco Huemul Veloz,430359X,205743,APROBADO
Sacha Condor Austral,341144X,438890,RECHAZADO (Riesgo Salud/Financiero)
Matias Nutria Audaz,724727X,194718,APROBADO
Lucho Puma Noble,862711X,96336,APROBADO
Lucho Leon Sigiloso,465476X,788087,RECHAZADO (Riesgo Salud/Financiero)
Coty Perro Veloz,755375X,407501,APROBADO
Francisco Condor Audaz,449412X,608616,APROBADO
Lucho Nutria Austral,692727X,898583,APROBADO
Lucho Zorro Rojo,318592X,647631,APROBADO
Pancha Zorro Veloz,979049X,112837,APROBADO
Matias Condor Rojo,339351X,469490,APROBADO
Maria Nutria Sigiloso,96835X,561755,APROBADO
Lucho Gato Sigiloso,721818X,156968,APROBADO
Lucho Leon Audaz,288694X,730059,RECHAZADO (Riesgo Salud/Financiero)
Coty Puma Audaz,922920X,528602,RECHAZADO (Riesgo Salud/Financiero)
Sacha Zorro Rojo,476458X,792362,APROBADO
Francisco Ballena Austral,977438X,586182,APROBADO
Francisco Puma Noble,96966X,782268,APROBADO
Pancha Ballena Austral,597271X,272623,APROBADO
Maria Leon Salvage,411587X,244042,APROBADO
Sacha Condor Rojo,285577X,603720,RECHAZADO (Riesgo Salud/Financiero)
Coty Condor Noble,582276X,310374,APROBADO
Francisco Ballena Veloz,971951X,70351,APROBADO
Pepe Leon Sigiloso,209463X,160427,APROBADO
Lucho Perro Audaz,379331X,601864,RECHAZADO (Riesgo Salud/Financiero)
Pancha Condor Veloz,289737X,666598,APROBADO
Pancha Condor Gigante,921479X,30724,RECHAZADO (Riesgo Salud/Financiero)
Pancha Nutria Audaz,306886X,687895,RECHAZADO (Riesgo Salud/Financiero)
Coty Gato Sigiloso,720688X,418988,APROBADO
Matias Ballena Rojo,416949X,528346,APROBADO
Matias Perro Salvage,144509X,608893,RECHAZADO (Riesgo Salud/Financiero)
Coty Condor Noble,725013X,172354,APROBADO
Pepe Huemul Austral,610708X,373313,APROBADO
Maria Zorro Salvage,950628X,473946,APROBADO
Coty Leon Rojo,559537X,624618,RECHAZADO (Riesgo Salud/Financiero)
Pepe Zorro Noble,279142X,186584,RECHAZADO (Riesgo Salud/Financiero)
Francisco Zorro Gigante,48084X,361684,APROBADO
Juan Puma Austral,651946X,697723,APROBADO
Lucho Puma Sigiloso,333001X,736787,APROBADO
Pancha Ballena Sigiloso,850658X,141092,APROBADO
Lucho Perro Austral,288291X,552222,APROBADO
Maria Perro Salvage,285174X,553945,RECHAZADO (Riesgo Salud/Financiero)
Pancha Condor Salvage,922303X,265457,APROBADO
Maria Puma Veloz,738756X,682360,APROBADO
Francisco Leon Noble,884499X,758124,APROBADO
Francisco Condor Gigante,711591X,350037,APROBADO
Sacha Puma Sigiloso,77661X,197013,APROBADO
Pancha Ballena Rojo,90891X,227005,APROBADO
Sacha Leon Austral,371236X,202437,APROBADO
Matias Zorro Rojo,39491X,121855,APROBADO
Matias Leon Audaz,153839X,157750,APROBADO
Maria Huemul Sigiloso,953843X,630977,APROBADO
Pancha Puma Audaz,402155X,270467,RECHAZADO (Riesgo Salud/Financiero)
Matias Perro Audaz,838695X,857181,APROBADO
Juan Leon Noble,378911X,683177,APROBADO
Pancha Huemul Austral,571945X,775348,APROBADO
Juan Gato Salvage,261495X,273063,APROBADO
Lucho Gato Salvage,678125X,88863,RECHAZADO (Riesgo Salud/Financiero)
Matias Gato Audaz,337214X,94657,APROBADO
Maria Leon Gigante,626830X,423254,APROBADO
Pepe Condor Noble,345287X,235604,APROBADO
Maria Condor Gigante,858910X,615337,APROBADO
Matias Condor Noble,452612X,53427,APROBADO
Pepe Condor Veloz,417803X,595730,APROBADO
Matias Puma Noble,937464X,188668,APROBADO
Sacha Zorro Veloz,747076X,604412,APROBADO
Francisco Condor Salvage,229871X,763457,RECHAZADO (Riesgo Salud/Financiero)
Maria Leon Austral,303656X,857135,APROBADO
Coty Huemul Sigiloso,458706X,420984,APROBADO
Juan Leon Salvage,122908X,44214,RECHAZADO (Riesgo Salud/Financiero)
Sacha Leon Gigante,426369X,370217,APROBADO
Juan Gato Sigiloso,296202X,169612,APROBADO
Coty Huemul Austral,495714X,862383,APROBADO
Pepe Leon Rojo,280769X,377229,APROBADO
Juan Leon Salvage,21549X,430084,APROBADO
Pepe Zorro Veloz,244396X,464674,APROBADO
Francisco Gato Gigante,444786X,122877,APROBADO
Pepe Puma Noble,112264X,645728,RECHAZADO (Riesgo Salud/Financiero)
Pepe Leon Veloz,497538X,358049,APROBADO
Juan Huemul Austral,67527X,615764,APROBADO
Pepe Leon Rojo,525966X,748640,RECHAZADO (Riesgo Salud/Financiero)
Matias Nutria Salvage,462316X,407239,APROBADO
Pepe Condor Salvage,418683X,168524,APROBADO
Francisco Gato Noble,696755X,42773,APROBADO
Pancha Ballena Austral,472232X,39678,APROBADO
Pepe Gato Rojo,371678X,715142,APROBADO
Pepe Gato Gigante,328123X,255827,APROBADO
Pepe Nutria Gigante,79549X,110558,APROBADO
Pepe Gato Rojo,774305X,616506,RECHAZADO (Riesgo Salud/Financiero)
Pepe Zorro Audaz,740322X,751837,APROBADO
Lucho Gato Gigante,383744X,565850,APROBADO
Francisco Leon Veloz,929705X,240129,RECHAZADO (Riesgo Salud/Financiero)
Juan Perro Austral,355269X,198884,APROBADO
Lucho Leon Salvage,984929X,160796,APROBADO
Maria Condor Austral,662942X,799330,APROBADO
Matias Leon Gigante,452271X,883352,APROBADO
Matias Gato Noble,426380X,226993,RECHAZADO (Riesgo Salud/Financiero)
Maria Huemul Gigante,464606X,583443,APROBADO
Lucho Puma Sigiloso,118758X,556924,APROBADO
Pepe Leon Sigiloso,24389X,624251,RECHAZADO (Riesgo Salud/Financiero)
Maria Gato Veloz,316048X,587980,APROBADO
Francisco Perro Audaz,670163X,83022,APROBADO
Coty Ballena Rojo,909007X,407214,APROBADO
Matias Zorro Sigiloso,188492X,362088,RECHAZADO (Riesgo Salud/Financiero)
Coty Zorro Austral,610362X,386797,APROBADO
Sacha Condor Veloz,170874X,811088,RECHAZADO (Riesgo Salud/Financiero)
Lucho Gato Sigiloso,863798X,438379,APROBADO
Coty Perro Rojo,595267X,478880,APROBADO
Maria Nutria Rojo,147435X,65847,APROBADO
Pancha Gato Sigiloso,734077X,604432,APROBADO
Pepe Gato Rojo,339182X,315743,RECHAZADO (Riesgo Salud/Financiero)
Maria Gato Austral,725764X,69027,RECHAZADO (Riesgo Salud/Financiero)
Lucho Huemul Sigiloso,534567X,487613,APROBADO
Juan Ballena Audaz,127698X,633455,APROBADO
Juan Gato Noble,37300X,840875,APROBADO
Juan Puma Salvage,9595X,787624,APROBADO
Pepe Puma Austral,190918X,756205,APROBADO
Juan Huemul Veloz,165979X,145042,APROBADO
Pancha Gato Gigante,127618X,427813,RECHAZADO (Riesgo Salud/Financiero)
Francisco Puma Noble,807780X,558781,APROBADO
Pepe Zorro Audaz,301469X,260865,APROBADO
Matias Nutria Rojo,633321X,615361,APROBADO
Matias Perro Audaz,189125X,42089,APROBADO
Coty Zorro Gigante,918353X,81393,APROBADO
Francisco Gato Veloz,851114X,408260,RECHAZADO (Riesgo Salud/Financiero)
Sacha Ballena Veloz,113885X,874620,APROBADO
Francisco Ballena Veloz,548125X,196438,APROBADO
Lucho Puma Gigante,955065X,140890,APROBADO
Francisco Nutria Salvage,483161X,199247,APROBADO
Matias Nutria Noble,220359X,784488,RECHAZADO (Riesgo Salud/Financiero)
Matias Huemul Gigante,171212X,411800,APROBADO
Juan Condor Austral,75764X,189037,APROBADO
Maria Ballena Veloz,815628X,166377,APROBADO
Juan Gato Gigante,478117X,279123,APROBADO
Juan Condor Austral,567446X,534788,APROBADO
Sacha Puma Rojo,896517X,860853,APROBADO
Sacha Perro Rojo,437670X,417788,APROBADO
Coty Condor Austral,180208X,596836,APROBADO
Coty Huemul Salvage,979566X,649020,APROBADO
Lucho Ballena Salvage,670266X,254949,APROBADO
Maria Puma Austral,962699X,373630,APROBADO
Coty Nutria Austral,44746X,579247,RECHAZADO (Riesgo Salud/Financiero)
Juan Gato Veloz,190113X,248053,APROBADO
Lucho Zorro Sigiloso,135567X,178714,RECHAZADO (Riesgo Salud/Financiero)
Francisco Puma Rojo,187348X,519869,APROBADO
Pepe Condor Sigiloso,816038X,438763,APROBADO
Lucho Condor Gigante,586856X,54716,APROBADO
Maria Perro Noble,146117X,401306,APROBADO
Pancha Perro Salvage,110962X,890911,RECHAZADO (Riesgo Salud/Financiero)
Pancha Leon Gigante,525767X,254673,APROBADO
Pancha Puma Austral,201770X,801651,APROBADO
Matias Leon Salvage,45753X,712497,APROBADO
Pepe Ballena Audaz,264781X,742331,APROBADO
Pepe Ballena Sigiloso,732544X,621561,APROBADO
Juan Condor Austral,348117X,200670,APROBADO
Lucho Leon Noble,383933X,363264,RECHAZADO (Riesgo Salud/Financiero)
Francisco Huemul Rojo,745834X,689205,APROBADO
Pepe Zorro Audaz,571209X,339547,APROBADO
Coty Condor Veloz,170019X,262211,RECHAZADO (Riesgo Salud/Financiero)
Pepe Condor Salvage,326143X,332238,APROBADO
Francisco Gato Noble,802143X,150062,RECHAZADO (Riesgo Salud/Financiero)
Sacha Condor Sigiloso,221888X,523538,APROBADO
Coty Perro Austral,721327X,370822,APROBADO
Coty Ballena Gigante,601559X,350059,APROBADO
Pepe Ballena Noble,340773X,191641,APROBADO
Matias Condor Veloz,110316X,62375,APROBADO
Coty Nutria Gigante,550210X,455059,RECHAZADO (Riesgo Salud/Financiero)
Maria Zorro Noble,955234X,257779,APROBADO
Coty Perro Sigiloso,534647X,237706,RECHAZADO (Riesgo Salud/Financiero)
Coty Puma Rojo,626960X,275848,APROBADO
Maria Nutria Salvage,401449X,663081,APROBADO
Sacha Puma Sigiloso,964874X,168370,APROBADO
Sacha Perro Austral,272116X,899434,APROBADO
Matias Huemul Rojo,173259X,283363,APROBADO
Sacha Puma Salvage,361015X,452202,RECHAZADO (Riesgo Salud/Financiero)
Sacha Huemul Salvage,652026X,228535,APROBADO
Maria Leon Austral,129010X,46127,APROBADO
Pepe Leon Veloz,717968X,48593,APROBADO
Coty Huemul Austral,359686X,320165,RECHAZADO (Riesgo Salud/Financiero)
Pancha Condor Rojo,389375X,80177,APROBADO
Juan Condor Noble,409321X,813587,APROBADO
Juan Puma Salvage,81632X,611371,RECHAZADO (Riesgo Salud/Financiero)
Coty Condor Sigiloso,251684X,209106,RECHAZADO (Riesgo Salud/Financiero)
Coty Condor Austral,242236X,702456,APROBADO
Coty Zorro Rojo,837083X,405301,APROBADO
Juan Condor Sigiloso,152250X,183674,APROBADO
Francisco Zorro Gigante,425586X,625542,APROBADO
Maria Zorro Austral,976150X,702821,APROBADO
Francisco Ballena Sigiloso,656719X,660542,APROBADO
Maria Zorro Gigante,296840X,197428,APROBADO
Francisco Puma Rojo,451034X,383016,APROBADO
Pepe Leon Salvage,780668X,809144,RECHAZADO (Riesgo Salud/Financiero)
Juan Perro Veloz,712325X,147844,APROBADO
Coty Condor Rojo,975345X,338159,APROBADO
Maria Leon Salvage,730965X,306183,APROBADO
Francisco Nutria Audaz,39162X,633015,RECHAZADO (Riesgo Salud/Financiero)
Lucho Perro Veloz,321615X,250164,APROBADO
Francisco Puma Noble,361878X,162338,APROBADO
Lucho Ballena Salvage,154949X,449227,APROBADO
Sacha Nutria Rojo,267791X,570217,APROBADO
Francisco Leon Gigante,793384X,27135,APROBADO
Sacha Gato Salvage,437364X,86619,APROBADO
Lucho Nutria Rojo,604220X,837917,APROBADO
Pancha Gato Veloz,905114X,831770,APROBADO
Francisco Leon Salvage,507481X,40816,APROBADO
Francisco Leon Veloz,690903X,367122,APROBADO
Matias Perro Veloz,749199X,177282,APROBADO
Juan Leon Sigiloso,456757X,142174,APROBADO
Coty Condor Audaz,58529X,226609,APROBADO
Pancha Perro Veloz,268609X,159013,APROBADO
Lucho Leon Veloz,930610X,505210,APROBADO
Coty Gato Sigiloso,344581X,80886,APROBADO
Lucho Puma Rojo,946811X,344090,APROBADO
Coty Condor Sigiloso,473555X,650274,APROBADO
Sacha Zorro Noble,511644X,434465,APROBADO
Coty Puma Austral,247383X,659025,APROBADO
Matias Ballena Veloz,755062X,272558,APROBADO
Matias Huemul Rojo,767498X,217073,APROBADO
Pepe Gato Salvage,50639X,80206,RECHAZADO (Riesgo Salud/Financiero)
Juan Condor Veloz,640311X,742021,APROBADO
Coty Gato Veloz,442032X,701045,RECHAZADO (Riesgo Salud/Financiero)
Juan Gato Rojo,160615X,797652,APROBADO
Lucho Condor Sigiloso,31591X,557387,APROBADO
Lucho Gato Sigiloso,806798X,454830,APROBADO
Francisco Condor Rojo,554720X,429014,RECHAZADO (Riesgo Salud/Financiero)
Coty Leon Rojo,753157X,560316,APROBADO
Francisco Condor Gigante,604095X,746753,APROBADO
Maria Puma Veloz,641650X,215507,APROBADO
Francisco Condor Sigiloso,930485X,359048,APROBADO
Lucho Condor Gigante,195883X,756636,APROBADO
Francisco Leon Audaz,467587X,810619,APROBADO
Pepe Ballena Noble,534384X,741672,APROBADO
Pepe Zorro Sigiloso,672832X,516084,APROBADO
Pancha Gato Salvage,735749X,603235,APROBADO
Juan Ballena Noble,1960X,182610,APROBADO
Pepe Zorro Noble,459314X,67308,APROBADO
Lucho Zorro Austral,851757X,278847,APROBADO
Juan Leon Gigante,356921X,99080,APROBADO
Coty Ballena Audaz,169657X,833438,RECHAZADO (Riesgo Salud/Financiero)
Sacha Gato Austral,88121X,227343,APROBADO
Francisco Ballena Sigiloso,227996X,145888,RECHAZADO (Riesgo Salud/Financiero)
Juan Perro Gigante,101005X,330932,APROBADO
Pepe Gato Gigante,454696X,783333,APROBADO
Matias Nutria Rojo,703483X,412701,APROBADO
Pepe Huemul Austral,394393X,168651,APROBADO
Juan Condor Sigiloso,874211X,584907,APROBADO
Juan Puma Noble,304714X,710396,APROBADO
Francisco Ballena Sigiloso,425117X,310099,APROBADO
Pepe Leon Veloz,986287X,630792,APROBADO
Coty Condor Audaz,951877X,27049,APROBADO
Maria Puma Rojo,467321X,653962,APROBADO
Coty Huemul Austral,409416X,256842,APROBADO
Juan Huemul Austral,989035X,296560,APROBADO
Pepe Perro Rojo,992839X,270905,APROBADO
Sacha Huemul Audaz,544287X,585602,RECHAZADO (Riesgo Salud/Financiero)
Juan Zorro Noble,700636X,549265,APROBADO
Juan Condor Noble,95452X,488178,RECHAZADO (Riesgo Salud/Financiero)
Lucho Nutria Austral,14841X,312157,APROBADO
Sacha Condor Audaz,922171X,767854,APROBADO
Francisco Gato Salvage,163440X,471517,APROBADO
Juan Condor Austral,391555X,261574,APROBADO
Pancha Gato Salvage,758063X,408582,APROBADO
Pepe Puma Salvage,191756X,850262,APROBADO
Francisco Nutria Sigiloso,118141X,683066,APROBADO
Sacha Zorro Salvage,873311X,285102,APROBADO
Pancha Leon Rojo,736157X,457412,APROBADO
Coty Puma Noble,303824X,92220,APROBADO
Francisco Perro Noble,322324X,385398,APROBADO
Francisco Zorro Veloz,141560X,42102,APROBADO
Francisco Zorro Rojo,198660X,235670,RECHAZADO (Riesgo Salud/Financiero)
Francisco Huemul Veloz,425141X,443099,APROBADO
Pepe Ballena Austral,111982X,430149,APROBADO
Coty Leon Salvage,851939X,653304,APROBADO
Francisco Leon Sigiloso,583889X,453289,APROBADO
Maria Leon Veloz,705919X,174132,APROBADO
Pepe Condor Gigante,795329X,46057,APROBADO
Matias Puma Rojo,291191X,736868,RECHAZADO (Riesgo Salud/Financiero)
Francisco Nutria Gigante,627560X,59821,APROBADO
Pepe Puma Salvage,472219X,146592,APROBADO
Pancha Huemul Salvage,769109X,172544,APROBADO
Lucho Gato Veloz,390775X,73396,APROBADO
Juan Nutria Salvage,792227X,865562,APROBADO
Juan Puma Gigante,688480X,512740,APROBADO
Pepe Condor Noble,17481X,667613,APROBADO
Matias Ballena Veloz,68121X,419734,APROBADO
Juan Gato Noble,615356X,591010,APROBADO
Maria Perro Salvage,78644X,603353,APROBADO
Juan Puma Gigante,153106X,484973,APROBADO
Coty Nutria Salvage,802972X,143841,RECHAZADO (Riesgo Salud/Financiero)
Juan Nutria Noble,931496X,829536,APROBADO
Lucho Ballena Noble,907166X,243687,APROBADO
Matias Nutria Sigiloso,678254X,79207,APROBADO
Pancha Leon Austral,415690X,15121,RECHAZADO (Riesgo Salud/Financiero)
Matias Leon Veloz,968120X,865236,APROBADO
Coty Puma Salvage,367360X,417865,APROBADO
Maria Nutria Rojo,630565X,607983,APROBADO
Pepe Ballena Salvage,719025X,739297,APROBADO
Juan Gato Audaz,314652X,576488,APROBADO
Maria Leon Audaz,880050X,391837,APROBADO
Juan Condor Audaz,567874X,98713,APROBADO
Pepe Leon Veloz,619685X,730019,APROBADO
Matias Gato Veloz,149649X,406940,APROBADO
Lucho Perro Audaz,765898X,202290,APROBADO
Francisco Leon Gigante,976178X,678509,APROBADO
Sacha Leon Rojo,187595X,54581,APROBADO
Francisco Condor Rojo,366566X,352207,APROBADO
Sacha Perro Noble,425987X,44847,APROBADO
Sacha Zorro Gigante,47444X,158412,RECHAZADO (Riesgo Salud/Financiero)
Lucho Gato Salvage,451191X,507198,RECHAZADO (Riesgo Salud/Financiero)
Lucho Leon Austral,679517X,39780,APROBADO
Sacha Nutria Austral,717742X,457789,APROBADO
Francisco Perro Austral,348800X,464225,RECHAZADO (Riesgo Salud/Financiero)
Coty Huemul Salvage,296755X,378572,RECHAZADO (Riesgo Salud/Financiero)
Lucho Condor Audaz,428099X,61297,APROBADO
Lucho Gato Gigante,557991X,504677,APROBADO
Lucho Leon Audaz,754005X,45487,APROBADO
Pepe Perro Gigante,748097X,232818,APROBADO
Pepe Zorro Gigante,34774X,629053,APROBADO
Lucho Huemul Sigiloso,998422X,204905,APROBADO
Sacha Perro Gigante,121431X,873622,RECHAZADO (Riesgo Salud/Financiero)
Pepe Ballena Gigante,215526X,790521,APROBADO
Coty Nutria Gigante,205635X,518051,APROBADO
Maria Gato Veloz,212471X,334260,APROBADO
Maria Puma Sigiloso,131235X,18669,APROBADO
Pepe Ballena Audaz,375161X,164970,RECHAZADO (Riesgo Salud/Financiero)
Maria Nutria Veloz,429002X,645087,APROBADO
Matias Puma Audaz,229507X,175736,APROBADO
Francisco Leon Rojo,975228X,860189,APROBADO
Sacha Zorro Noble,996860X,249716,APROBADO
Lucho Ballena Salvage,620682X,227550,APROBADO
Maria Puma Veloz,590083X,238405,APROBADO
Sacha Gato Austral,191354X,246939,APROBADO
Pepe Gato Salvage,895613X,317383,APROBADO
Maria Zorro Audaz,759156X,134604,APROBADO
Sacha Huemul Gigante,541143X,567679,APROBADO
Matias Gato Salvage,126448X,129251,APROBADO
Pepe Condor Noble,271346X,880970,APROBADO
Pepe Condor Rojo,494692X,591030,APROBADO
Juan Zorro Rojo,201174X,422632,APROBADO
Pancha Condor Gigante,53683X,266559,RECHAZADO (Riesgo Salud/Financiero)
Juan Ballena Sigiloso,694441X,26670,APROBADO
Maria Perro Audaz,921002X,217199,APROBADO
Pancha Gato Noble,331161X,689921,APROBADO
Coty Huemul Noble,961355X,87446,RECHAZADO (Riesgo Salud/Financiero)
Coty Gato Sigiloso,276031X,674389,APROBADO
Maria Huemul Austral,120927X,157155,APROBADO
Pepe Nutria Veloz,351601X,323789,APROBADO
Francisco Leon Veloz,305941X,136974,APROBADO
Pepe Ballena Salvage,393429X,797333,APROBADO
Matias Gato Salvage,919342X,494908,RECHAZADO (Riesgo Salud/Financiero)
Juan Ballena Noble,527042X,764774,APROBADO
Coty Gato Austral,351076X,430500,RECHAZADO (Riesgo Salud/Financiero)
Pancha Nutria Salvage,6293X,557458,APROBADO
Pancha Leon Audaz,10760X,394555,APROBADO
Juan Huemul Rojo,222012X,809384,APROBADO
Pepe Condor Salvage,629102X,696860,APROBADO
Francisco Huemul Rojo,522420X,872212,APROBADO
Matias Puma Sigiloso,130536X,802977,APROBADO
Coty Ballena Salvage,747336X,19659,RECHAZADO (Riesgo Salud/Financiero)
Pancha Gato Sigiloso,983913X,241192,RECHAZADO (Riesgo Salud/Financiero)
Matias Perro Sigiloso,307613X,492661,APROBADO
Lucho Ballena Rojo,904840X,863847,APROBADO
Pepe Puma Gigante,827941X,815054,RECHAZADO (Riesgo Salud/Financiero)
Coty Ballena Noble,280614X,886747,APROBADO
Pepe Zorro Noble,475026X,572256,APROBADO
Pancha Puma Rojo,974542X,581663,RECHAZADO (Riesgo Salud/Financiero)
Francisco Zorro Audaz,158958X,391743,RECHAZADO (Riesgo Salud/Financiero)
Pancha Zorro Gigante,418301X,411037,APROBADO
Lucho Nutria Veloz,462438X,882952,APROBADO
Maria Condor Rojo,573969X,261514,APROBADO
Matias Condor Gigante,730400X,314672,RECHAZADO (Riesgo Salud/Financiero)
Juan Condor Noble,217248X,472968,APROBADO
Coty Gato Gigante,406995X,486289,APROBADO
Sacha Nutria Noble,919524X,736995,APROBADO
Matias Gato Gigante,195813X,626303,APROBADO
Francisco Zorro Gigante,188934X,179865,APROBADO
Pepe Gato Salvage,441429X,740146,APROBADO
Pancha Puma Gigante,303694X,476370,RECHAZADO (Riesgo Salud/Financiero)
Pepe Ballena Noble,939367X,563212,APROBADO
Sacha Zorro Veloz,428266X,762198,APROBADO
Maria Perro Veloz,75352X,805249,APROBADO
Juan Huemul Audaz,868991X,825483,APROBADO
Coty Perro Rojo,262942X,190675,APROBADO
Matias Condor Austral,826669X,321676,APROBADO
Coty Gato Noble,431139X,620777,RECHAZADO (Riesgo Salud/Financiero)
Sacha Gato Rojo,441840X,296389,APROBADO
Coty Leon Noble,632025X,611617,APROBADO
Lucho Zorro Rojo,159431X,147505,APROBADO
Pepe Huemul Gigante,181176X,728627,APROBADO
Pepe Gato Sigiloso,813214X,223984,APROBADO
Pancha Condor Noble,986786X,377900,APROBADO
Francisco Zorro Rojo,941150X,604937,RECHAZADO (Riesgo Salud/Financiero)
Maria Ballena Noble,100773X,776692,APROBADO
Matias Ballena Noble,539686X,190487,RECHAZADO (Riesgo Salud/Financiero)
Pancha Puma Gigante,268000X,408210,APROBADO
Matias Ballena Rojo,652177X,771408,APROBADO
Pepe Zorro Sigiloso,839783X,526862,APROBADO
Lucho Huemul Salvage,733567X,137877,APROBADO
Sacha Ballena Noble,755601X,764750,RECHAZADO (Riesgo Salud/Financiero)
Matias Ballena Salvage,406652X,657154,APROBADO
Sacha Leon Sigiloso,562675X,281506,APROBADO
Francisco Perro Veloz,496989X,894065,APROBADO
Pepe Leon Noble,64048X,124092,APROBADO
Maria Condor Sigiloso,424667X,166452,APROBADO
Lucho Zorro Audaz,924729X,865387,APROBADO
Matias Ballena Noble,724932X,301065,APROBADO
Francisco Condor Audaz,955264X,136481,APROBADO
Lucho Leon Sigiloso,746192X,417864,APROBADO
Sacha Nutria Sigiloso,89062X,545469,APROBADO
Pepe Perro Noble,32949X,878766,RECHAZADO (Riesgo Salud/Financiero)
Francisco Puma Sigiloso,931218X,379071,APROBADO
Pancha Gato Veloz,399524X,151862,RECHAZADO (Riesgo Salud/Financiero)
Juan Zorro Noble,883144X,377858,APROBADO
Pepe Huemul Veloz,221143X,54465,APROBADO
Maria Condor Salvage,729359X,581313,RECHAZADO (Riesgo Salud/Financiero)
Coty Nutria Salvage,188328X,142185,APROBADO
Maria Leon Gigante,38510X,430772,APROBADO
Matias Nutria Sigiloso,75733X,865706,APROBADO
Francisco Condor Austral,292661X,93029,RECHAZADO (Riesgo Salud/Financiero)
Pancha Leon Gigante,305483X,891553,APROBADO
Francisco Perro Sigiloso,910833X,881455,APROBADO
Lucho Ballena Audaz,712727X,609667,RECHAZADO (Riesgo Salud/Financiero)
Matias Nutria Noble,838324X,492927,APROBADO
Sacha Zorro Sigiloso,808134X,465324,APROBADO
Lucho Gato Sigiloso,692167X,893854,RECHAZADO (Riesgo Salud/Financiero)
Francisco Condor Veloz,877452X,743717,APROBADO
Maria Condor Audaz,204174X,755255,RECHAZADO (Riesgo Salud/Financiero)
Sacha Leon Noble,828504X,643555,APROBADO
Juan Perro Sigiloso,284786X,399059,APROBADO
Francisco Ballena Audaz,88367X,95894,APROBADO
Lucho Nutria Austral,931016X,706200,RECHAZADO (Riesgo Salud/Financiero)
Pepe Condor Austral,207095X,847405,RECHAZADO (Riesgo Salud/Financiero)
Pancha Huemul Austral,102177X,745998,APROBADO
Coty Zorro Rojo,332923X,391371,APROBADO
Juan Ballena Noble,779688X,34071,RECHAZADO (Riesgo Salud/Financiero)
Sacha Zorro Salvage,456611X,69656,APROBADO
Pepe Gato Sigiloso,100885X,770533,APROBADO
Francisco Ballena Rojo,707376X,566113,APROBADO
Matias Huemul Austral,84350X,444203,APROBADO
Pancha Leon Rojo,455862X,519245,APROBADO
Maria Gato Austral,451422X,274701,RECHAZADO (Riesgo Salud/Financiero)
Lucho Ballena Audaz,552202X,203003,APROBADO
Coty Gato Rojo,389910X,157108,APROBADO
Maria Perro Veloz,97286X,885308,APROBADO
Juan Ballena Noble,293067X,139145,APROBADO
Sacha Puma Austral,540273X,884818,APROBADO
Francisco Leon Salvage,781103X,64585,RECHAZADO (Riesgo Salud/Financiero)
Sacha Perro Salvage,162102X,447797,APROBADO
Maria Perro Austral,791771X,729817,APROBADO
Coty Perro Salvage,481318X,103696,APROBADO
Pepe Gato Noble,904140X,648460,APROBADO
Maria Puma Audaz,299750X,478177,RECHAZADO (Riesgo Salud/Financiero)
Juan Nutria Audaz,330513X,392992,APROBADO
Sacha Puma Sigiloso,860574X,726327,APROBADO
Lucho Zorro Noble,876147X,113606,APROBADO
Sacha Gato Gigante,415276X,35890,APROBADO
Juan Perro Austral,283371X,602424,APROBADO
Maria Condor Audaz,325115X,602234,APROBADO
Juan Perro Salvage,650849X,285623,APROBADO
Sacha Nutria Veloz,158546X,786064,APROBADO
Lucho Gato Salvage,791958X,426247,RECHAZADO (Riesgo Salud/Financiero)
Juan Leon Audaz,524846X,849925,APROBADO
Francisco Leon Austral,975263X,765635,APROBADO
Juan Perro Audaz,228551X,555877,APROBADO
Pepe Ballena Sigiloso,201220X,570300,RECHAZADO (Riesgo Salud/Financiero)
Pepe Zorro Veloz,804476X,288772,APROBADO
Francisco Condor Veloz,269917X,634827,APROBADO
Sacha Condor Sigiloso,177350X,492214,APROBADO
Juan Gato Rojo,879643X,209937,RECHAZADO (Riesgo Salud/Financiero)
Pancha Perro Rojo,582996X,704828,APROBADO
Matias Perro Rojo,711116X,73573,APROBADO
Maria Zorro Veloz,156296X,762209,APROBADO
Sacha Ballena Noble,330609X,529314,APROBADO
Pepe Leon Veloz,918274X,252290,APROBADO
Francisco Nutria Austral,349774X,38794,APROBADO
Lucho Leon Noble,420036X,711476,APROBADO
Matias Ballena Veloz,781655X,235318,APROBADO
Coty Leon Audaz,734459X,551414,APROBADO
Pepe Condor Gigante,812843X,771831,APROBADO
Matias Nutria Audaz,753864X,251180,APROBADO
Coty Ballena Veloz,398470X,62109,APROBADO
Francisco Leon Austral,154987X,454146,RECHAZADO (Riesgo Salud/Financiero)
Juan Huemul Audaz,285759X,73814,RECHAZADO (Riesgo Salud/Financiero)
Maria Nutria Audaz,802676X,365605,RECHAZADO (Riesgo Salud/Financiero)
Juan Puma Noble,698894X,342568,APROBADO
Coty Zorro Audaz,968846X,172587,RECHAZADO (Riesgo Salud/Financiero)
Sacha Huemul Salvage,176972X,352463,APROBADO
Coty Perro Gigante,827980X,265653,APROBADO
Sacha Gato Audaz,869635X,145012,APROBADO
Sacha Huemul Salvage,211304X,158172,APROBADO
Pepe Gato Audaz,443979X,813254,RECHAZADO (Riesgo Salud/Financiero)
Coty Perro Veloz,768926X,378783,APROBADO
Coty Gato Rojo,476623X,108585,APROBADO
Lucho Gato Gigante,678219X,27257,APROBADO
Maria Nutria Austral,772127X,250003,APROBADO
Lucho Nutria Sigiloso,503384X,75344,APROBADO
Pepe Leon Austral,818307X,825593,RECHAZADO (Riesgo Salud/Financiero)
Pepe Gato Veloz,655994X,224553,APROBADO
Sacha Nutria Salvage,524963X,184954,RECHAZADO (Riesgo Salud/Financiero)
Coty Gato Audaz,468887X,204606,APROBADO
Sacha Puma Salvage,16426X,256271,APROBADO
Francisco Perro Salvage,857841X,153962,RECHAZADO (Riesgo Salud/Financiero)
Francisco Nutria Rojo,584674X,20131,APROBADO
Maria Ballena Austral,995236X,826448,APROBADO
Pepe Leon Noble,293665X,100052,RECHAZADO (Riesgo Salud/Financiero)
Coty Huemul Rojo,562953X,362356,APROBADO
Juan Perro Gigante,391129X,807210,APROBADO
Francisco Huemul Veloz,821846X,719993,APROBADO
Juan Ballena Sigiloso,717985X,545100,RECHAZADO (Riesgo Salud/Financiero)
Francisco Perro Veloz,919605X,25519,APROBADO
Coty Leon Gigante,532206X,80090,APROBADO
Matias Zorro Salvage,295292X,310814,APROBADO
Pepe Gato Veloz,910954X,396082,APROBADO
Pancha Condor Audaz,771089X,607927,RECHAZADO (Riesgo Salud/Financiero)
Sacha Leon Audaz,441658X,238819,APROBADO
Maria Nutria Audaz,51613X,463373,APROBADO
Juan Condor Audaz,111316X,851119,APROBADO
Maria Zorro Noble,868598X,634534,RECHAZADO (Riesgo Salud/Financiero)
Coty Huemul Veloz,439115X,137397,APROBADO
Lucho Puma Sigiloso,232495X,424008,APROBADO
Matias Leon Audaz,884230X,142532,APROBADO
Pepe Huemul Rojo,896976X,329322,RECHAZADO (Riesgo Salud/Financiero)
Juan Puma Gigante,472029X,89406,APROBADO
Francisco Nutria Rojo,735366X,335114,APROBADO
Pepe Condor Rojo,492509X,842405,RECHAZADO (Riesgo Salud/Financiero)
Lucho Condor Salvage,939324X,695447,RECHAZADO (Riesgo Salud/Financiero)
Sacha Ballena Audaz,612977X,519248,APROBADO
Lucho Puma Noble,542625X,507283,APROBADO
Lucho Huemul Salvage,689430X,861721,APROBADO
Francisco Nutria Gigante,412976X,385344,RECHAZADO (Riesgo Salud/Financiero)
Coty Leon Audaz,301789X,897045,RECHAZADO (Riesgo Salud/Financiero)
Coty Gato Rojo,908086X,550584,APROBADO
Francisco Ballena Audaz,252830X,373145,RECHAZADO (Riesgo Salud/Financiero)
Francisco Ballena Sigiloso,734486X,635393,APROBADO
Lucho Zorro Rojo,793464X,37607,APROBADO
Coty Condor Audaz,103150X,677684,APROBADO
Coty Leon Sigiloso,893996X,657224,APROBADO
Juan Puma Rojo,580297X,779530,APROBADO
Matias Condor Veloz,653651X,828798,APROBADO
Pepe Leon Sigiloso,346238X,439899,APROBADO
Francisco Nutria Austral,459277X,790729,APROBADO
Pancha Zorro Audaz,412557X,100254,RECHAZADO (Riesgo Salud/Financiero)
Juan Perro Noble,741008X,491935,APROBADO
Matias Huemul Austral,193469X,309041,RECHAZADO (Riesgo Salud/Financiero)
Pancha Huemul Gigante,115696X,445279,APROBADO
Maria Gato Noble,356812X,619777,APROBADO
Sacha Puma Audaz,218496X,188137,RECHAZADO (Riesgo Salud/Financiero)
Francisco Leon Veloz,759901X,79432,APROBADO
Pepe Condor Veloz,150107X,354761,RECHAZADO (Riesgo Salud/Financiero)
Francisco Huemul Veloz,962861X,563296,RECHAZADO (Riesgo Salud/Financiero)
Juan Ballena Veloz,105692X,464856,RECHAZADO (Riesgo Salud/Financiero)
Coty Huemul Veloz,245367X,214285,APROBADO
Sacha Zorro Audaz,374111X,540918,APROBADO
Maria Perro Audaz,138483X,53734,APROBADO
Pancha Puma Veloz,665877X,324317,APROBADO
Pepe Condor Gigante,61043X,83741,APROBADO
Matias Zorro Austral,649171X,815815,APROBADO
Lucho Perro Noble,625050X,819520,APROBADO
Juan Ballena Sigiloso,662922X,733886,RECHAZADO (Riesgo Salud/Financiero)
Sacha Puma Austral,721696X,865006,APROBADO
Sacha Nutria Gigante,834022X,220014,APROBADO
Pancha Leon Salvage,767050X,298743,RECHAZADO (Riesgo Salud/Financiero)
Francisco Gato Austral,679498X,457468,APROBADO
Pancha Gato Audaz,128059X,828637,APROBADO
Maria Condor Austral,434892X,487853,APROBADO
Coty Perro Sigiloso,187416X,748508,APROBADO
Matias Perro Veloz,41936X,805061,RECHAZADO (Riesgo Salud/Financiero)
Coty Condor Salvage,397693X,393256,APROBADO
Lucho Gato Veloz,402198X,618020,APROBADO
Pepe Nutria Salvage,632930X,483698,APROBADO
Coty Leon Gigante,406288X,325921,APROBADO
Lucho Ballena Sigiloso,959643X,53221,APROBADO
Pancha Nutria Sigiloso,25240X,829969,APROBADO
Sacha Puma Gigante,616137X,52644,APROBADO
Francisco Leon Audaz,302497X,418770,APROBADO
Matias Perro Veloz,92909X,186574,APROBADO
Matias Leon Veloz,791483X,366118,APROBADO
Pancha Puma Sigiloso,629311X,101718,APROBADO
Lucho Gato Rojo,218202X,548104,RECHAZADO (Riesgo Salud/Financiero)
Pancha Huemul Gigante,740692X,874536,APROBADO
Matias Huemul Austral,58474X,448149,APROBADO
Maria Huemul Austral,356295X,324627,APROBADO
Francisco Leon Audaz,890204X,576513,APROBADO
Pancha Gato Gigante,482842X,894544,APROBADO
Matias Gato Gigante,240656X,513577,APROBADO
Sacha Nutria Noble,5062X,711790,APROBADO
Coty Perro Noble,802879X,800178,APROBADO
Pancha Ballena Veloz,968083X,596691,APROBADO
Francisco Huemul Austral,770618X,243851,APROBADO
Francisco Huemul Noble,927254X,78882,APROBADO
Lucho Huemul Rojo,640017X,27102,APROBADO
Pancha Zorro Salvage,3859X,823417,APROBADO
Lucho Zorro Sigiloso,909617X,444089,APROBADO
Francisco Huemul Sigiloso,576932X,51656,RECHAZADO (Riesgo Salud/Financiero)
Pancha Puma Austral,226526X,443379,RECHAZADO (Riesgo Salud/Financiero)
Francisco Nutria Noble,201900X,789865,APROBADO
Maria Ballena Sigiloso,13362X,271887,APROBADO
Maria Puma Gigante,542133X,18448,APROBADO
Maria Condor Gigante,202155X,334793,APROBADO
Coty Leon Noble,267731X,863723,RECHAZADO (Riesgo Salud/Financiero)
Matias Zorro Salvage,607919X,776538,APROBADO
Sacha Nutria Veloz,618641X,649199,APROBADO
Francisco Ballena Veloz,759341X,759580,RECHAZADO (Riesgo Salud/Financiero)
Francisco Nutria Rojo,412984X,719367,APROBADO
Lucho Huemul Rojo,27068X,769855,APROBADO
Pancha Ballena Gigante,190231X,739737,APROBADO
Coty Perro Audaz,213635X,873297,APROBADO
Coty Puma Austral,155490X,557903,APROBADO
Coty Gato Salvage,549141X,722794,APROBADO
Lucho Puma Gigante,781521X,86604,APROBADO
Matias Ballena Noble,171930X,568057,APROBADO
Pancha Puma Veloz,584342X,889301,RECHAZADO (Riesgo Salud/Financiero)
Pepe Zorro Sigiloso,285528X,519228,APROBADO
Juan Huemul Sigiloso,470150X,75548,APROBADO
Maria Nutria Austral,182721X,799183,RECHAZADO (Riesgo Salud/Financiero)
Matias Huemul Noble,600471X,338008,APROBADO
Matias Zorro Veloz,763839X,822231,RECHAZADO (Riesgo Salud/Financiero)
Maria Perro Sigiloso,112409X,368741,APROBADO
Juan Puma Noble,407960X,659327,APROBADO
Juan Gato Gigante,779258X,18836,APROBADO
Matias Puma Sigiloso,818228X,157991,APROBADO
Lucho Gato Sigiloso,179430X,890819,APROBADO
Pepe Gato Veloz,724346X,426325,APROBADO
Sacha Puma Veloz,460561X,804173,RECHAZADO (Riesgo Salud/Financiero)
Matias Nutria Rojo,390696X,557548,APROBADO
Sacha Nutria Austral,477159X,40552,APROBADO
Pepe Huemul Noble,392276X,15335,APROBADO
Coty Zorro Noble,445079X,122924,APROBADO
Juan Leon Noble,363411X,639781,RECHAZADO (Riesgo Salud/Financiero)
Matias Zorro Salvage,124251X,68404,APROBADO
Pepe Nutria Veloz,213911X,856228,APROBADO
Matias Puma Veloz,429903X,412975,APROBADO
Lucho Condor Rojo,153764X,60541,RECHAZADO (Riesgo Salud/Financiero)
Pepe Ballena Rojo,461505X,388969,APROBADO
Pepe Huemul Sigiloso,978273X,592761,APROBADO
Pepe Leon Salvage,321995X,550022,APROBADO
Sacha Perro Salvage,114218X,579640,APROBADO
Maria Leon Rojo,368023X,567176,RECHAZADO (Riesgo Salud/Financiero)
Francisco Ballena Austral,222970X,441893,APROBADO
Maria Perro Veloz,66850X,842546,APROBADO
Pepe Leon Noble,939798X,22087,APROBADO
Lucho Puma Gigante,791882X,674312,RECHAZADO (Riesgo Salud/Financiero)
Maria Condor Noble,636885X,468539,APROBADO
Maria Ballena Rojo,956027X,807192,APROBADO
Maria Ballena Salvage,607571X,142260,APROBADO
Juan Zorro Salvage,100869X,140345,RECHAZADO (Riesgo Salud/Financiero)
Juan Leon Sigiloso,785507X,456632,APROBADO
Juan Gato Veloz,775421X,37449,APROBADO
Sacha Ballena Rojo,602312X,290131,APROBADO
Pepe Perro Gigante,517763X,706225,APROBADO
Juan Ballena Austral,100071X,340557,APROBADO
Matias Condor Salvage,644123X,62890,RECHAZADO (Riesgo Salud/Financiero)
Lucho Huemul Gigante,737076X,640589,RECHAZADO (Riesgo Salud/Financiero)
Juan Condor Veloz,744375X,809502,APROBADO
Matias Ballena Salvage,418003X,867534,APROBADO
Sacha Leon Salvage,602166X,282918,RECHAZADO (Riesgo Salud/Financiero)
Francisco Condor Gigante,716355X,264323,RECHAZADO (Riesgo Salud/Financiero)
Juan Puma Sigiloso,881482X,740443,RECHAZADO (Riesgo Salud/Financiero)
Sacha Nutria Noble,320004X,708968,APROBADO
Juan Ballena Austral,909440X,605132,APROBADO
Maria Condor Veloz,585445X,740191,APROBADO
Lucho Nutria Gigante,199114X,625272,RECHAZADO (Riesgo Salud/Financiero)
Juan Nutria Gigante,755999X,624236,APROBADO
Coty Gato Austral,292016X,162650,RECHAZADO (Riesgo Salud/Financiero)
Matias Zorro Noble,338486X,184649,RECHAZADO (Riesgo Salud/Financiero)
Maria Nutria Noble,71589X,147128,APROBADO
Lucho Huemul Audaz,881746X,754448,APROBADO
Matias Nutria Rojo,57349X,613697,APROBADO
Maria Nutria Veloz,602718X,375126,APROBADO
Pancha Nutria Veloz,627994X,397949,APROBADO
Matias Zorro Rojo,867962X,150195,APROBADO
Pancha Ballena Salvage,979587X,646749,APROBADO
Pancha Nutria Rojo,849774X,222426,RECHAZADO (Riesgo Salud/Financiero)
Coty Nutria Rojo,364607X,358233,APROBADO
Pancha Puma Audaz,286832X,257208,APROBADO
Lucho Huemul Sigiloso,935494X,421491,RECHAZADO (Riesgo Salud/Financiero)
Pancha Huemul Austral,70705X,83464,APROBADO
Juan Ballena Gigante,137964X,328392,APROBADO
Sacha Huemul Noble,169127X,141475,APROBADO
Lucho Puma Audaz,907279X,351697,APROBADO
Sacha Zorro Sigiloso,849623X,378705,APROBADO
Matias Huemul Audaz,804236X,517629,RECHAZADO (Riesgo Salud/Financiero)
Juan Gato Sigiloso,809625X,606479,APROBADO
Pancha Huemul Rojo,374225X,720071,RECHAZADO (Riesgo Salud/Financiero)
Maria Ballena Gigante,111614X,125153,APROBADO
Francisco Perro Austral,615505X,874282,APROBADO
Maria Huemul Audaz,848508X,331457,APROBADO
Coty Nutria Salvage,318935X,424247,APROBADO
Juan Leon Sigiloso,992494X,735591,RECHAZADO (Riesgo Salud/Financiero)
Sacha Perro Rojo,971629X,708823,APROBADO
Pepe Perro Sigiloso,216148X,122845,APROBADO
Maria Gato Noble,852288X,642899,APROBADO
Francisco Puma Sigiloso,831586X,541200,RECHAZADO (Riesgo Salud/Financiero)
Sacha Puma Sigiloso,696037X,72935,APROBADO
Lucho Leon Austral,190740X,439684,APROBADO
Pepe Nutria Gigante,421811X,649835,APROBADO
Lucho Condor Salvage,496346X,892863,APROBADO
Pancha Condor Veloz,914837X,38199,APROBADO
Lucho Leon Austral,135911X,443091,APROBADO
Maria Gato Sigiloso,931688X,186355,APROBADO
Matias Zorro Salvage,690448X,434582,APROBADO
Lucho Condor Noble,996698X,741797,APROBADO
Pancha Perro Gigante,108177X,152913,APROBADO
Juan Condor Sigiloso,629486X,103750,APROBADO
Coty Zorro Rojo,6547X,868270,APROBADO
Juan Nutria Noble,221190X,846700,APROBADO
Juan Nutria Noble,708974X,257550,APROBADO
Pepe Gato Veloz,686091X,95634,APROBADO
Maria Perro Noble,83809X,157235,APROBADO
Juan Ballena Audaz,316868X,498013,APROBADO
Coty Leon Veloz,701625X,126312,APROBADO
Pancha Gato Gigante,373135X,270705,RECHAZADO (Riesgo Salud/Financiero)
Pepe Huemul Audaz,864290X,897945,APROBADO
Coty Leon Austral,848249X,477241,APROBADO
Pepe Nutria Gigante,914091X,674123,RECHAZADO (Riesgo Salud/Financiero)
Sacha Nutria Austral,905849X,55775,RECHAZADO (Riesgo Salud/Financiero)
Lucho Perro Salvage,977797X,257423,APROBADO
Lucho Huemul Salvage,498558X,247678,APROBADO
Lucho Ballena Salvage,678509X,602952,APROBADO
Sacha Nutria Gigante,275594X,366291,RECHAZADO (Riesgo Salud/Financiero)
Coty Ballena Audaz,977964X,298652,APROBADO
Juan Puma Salvage,194498X,272166,APROBADO
Francisco Perro Rojo,941858X,793259,APROBADO
Lucho Nutria Sigiloso,700302X,763936,RECHAZADO (Riesgo Salud/Financiero)
Coty Huemul Austral,216124X,856015,APROBADO
Francisco Perro Veloz,669949X,304557,RECHAZADO (Riesgo Salud/Financiero)
Pancha Leon Sigiloso,324772X,283201,APROBADO
Matias Ballena Gigante,737613X,344595,APROBADO
Pancha Nutria Rojo,972870X,199650,APROBADO
Pepe Leon Noble,751310X,184623,RECHAZADO (Riesgo Salud/Financiero)
Pancha Condor Gigante,610724X,172530,RECHAZADO (Riesgo Salud/Financiero)
Maria Perro Rojo,238676X,17894,APROBADO
Coty Nutria Audaz,465367X,58908,APROBADO
Francisco Puma Gigante,180641X,99513,APROBADO
Juan Huemul Audaz,526586X,138291,APROBADO
Sacha Puma Salvage,144863X,263767,APROBADO
Coty Zorro Veloz,242581X,111236,RECHAZADO (Riesgo Salud/Financiero)
Matias Gato Sigiloso,931602X,467562,APROBADO
Maria Puma Noble,391135X,538461,APROBADO
Pepe Leon Veloz,94954X,348304,APROBADO
Pepe Gato Rojo,763718X,846596,APROBADO
Coty Condor Noble,212534X,414612,APROBADO
Juan Gato Salvage,548931X,517137,APROBADO
Francisco Huemul Gigante,289947X,804373,APROBADO
Pepe Condor Rojo,850490X,190731,RECHAZADO (Riesgo Salud/Financiero)
Lucho Zorro Salvage,82166X,37200,APROBADO
Maria Gato Sigiloso,48652X,448918,APROBADO
Pancha Leon Veloz,119684X,547573,APROBADO
Pancha Condor Audaz,882522X,839301,RECHAZADO (Riesgo Salud/Financiero)
Sacha Gato Noble,593475X,184269,APROBADO
Matias Zorro Noble,960524X,474653,APROBADO
Lucho Nutria Noble,175438X,610255,APROBADO
Lucho Condor Austral,282345X,424485,RECHAZADO (Riesgo Salud/Financiero)
Coty Puma Noble,474908X,388931,APROBADO
Pancha Huemul Austral,859876X,792458,APROBADO
Coty Ballena Veloz,207398X,56782,APROBADO
Juan Condor Gigante,859065X,16367,RECHAZADO (Riesgo Salud/Financiero)
Lucho Huemul Noble,308586X,466647,APROBADO
Juan Huemul Veloz,300224X,51035,APROBADO
Maria Condor Austral,337658X,177326,APROBADO
Matias Condor Austral,435484X,620347,APROBADO
Pepe Leon Salvage,977738X,801545,APROBADO
Francisco Perro Noble,502535X,508162,APROBADO
Maria Condor Salvage,339834X,443379,APROBADO
Maria Gato Austral,340512X,536298,APROBADO
Maria Perro Austral,771019X,778923,APROBADO
Matias Zorro Sigiloso,6465X,885719,APROBADO
Matias Gato Noble,281227X,639244,RECHAZADO (Riesgo Salud/Financiero)
Pancha Condor Salvage,940126X,49746,APROBADO
Pepe Zorro Sigiloso,786961X,857001,APROBADO
Lucho Condor Gigante,717802X,123340,APROBADO
Pepe Nutria Noble,326518X,811332,APROBADO
Juan Ballena Noble,305497X,757589,APROBADO
Juan Condor Gigante,292627X,382224,APROBADO
Lucho Nutria Austral,7574X,624311,APROBADO
Pepe Condor Audaz,17993X,756409,APROBADO
Matias Nutria Rojo,100727X,599362,APROBADO
Lucho Condor Sigiloso,349334X,158137,RECHAZADO (Riesgo Salud/Financiero)
Francisco Huemul Noble,46370X,469375,APROBADO
Lucho Zorro Sigiloso,110287X,572670,APROBADO
Pepe Zorro Veloz,321674X,316665,APROBADO
Maria Condor Veloz,617546X,466801,APROBADO
Francisco Puma Veloz,668438X,737142,RECHAZADO (Riesgo Salud/Financiero)
Matias Leon Austral,2379X,194925,RECHAZADO (Riesgo Salud/Financiero)
Sacha Huemul Gigante,114918X,468226,APROBADO
Pepe Gato Rojo,23543X,526204,RECHAZADO (Riesgo Salud/Financiero)
Lucho Nutria Noble,317605X,117237,APROBADO
Francisco Nutria Rojo,3176X,671861,APROBADO
Juan Zorro Austral,653343X,671619,RECHAZADO (Riesgo Salud/Financiero)
Maria Condor Audaz,520333X,269456,APROBADO
Pancha Ballena Audaz,666526X,259153,APROBADO
Sacha Huemul Audaz,8432X,139826,APROBADO
Francisco Perro Salvage,792259X,849188,RECHAZADO (Riesgo Salud/Financiero)
Lucho Perro Rojo,398707X,734247,APROBADO
Francisco Ballena Audaz,939139X,181448,APROBADO
Sacha Gato Audaz,590795X,183851,APROBADO
Maria Nutria Sigiloso,491110X,589800,APROBADO
Pepe Puma Salvage,380561X,596987,APROBADO
Pancha Perro Gigante,439628X,27590,RECHAZADO (Riesgo Salud/Financiero)
Maria Puma Rojo,674838X,742835,RECHAZADO (Riesgo Salud/Financiero)
Francisco Leon Veloz,1304X,160623,RECHAZADO (Riesgo Salud/Financiero)
Juan Perro Sigiloso,456823X,456319,APROBADO
Francisco Condor Audaz,115527X,815518,APROBADO
Juan Nutria Gigante,783064X,643143,RECHAZADO (Riesgo Salud/Financiero)
Pepe Ballena Noble,47994X,403074,APROBADO
Coty Perro Austral,767398X,720287,RECHAZADO (Riesgo Salud/Financiero)
Maria Ballena Sigiloso,177280X,241806,RECHAZADO (Riesgo Salud/Financiero)
Matias Gato Salvage,110552X,319113,APROBADO
Lucho Zorro Salvage,867469X,413876,APROBADO
Coty Puma Austral,996029X,74373,RECHAZADO (Riesgo Salud/Financiero)
Pancha Ballena Audaz,723080X,786415,RECHAZADO (Riesgo Salud/Financiero)
Francisco Perro Veloz,800892X,202713,APROBADO
Maria Ballena Austral,488075X,870378,APROBADO
Coty Ballena Audaz,749938X,888037,APROBADO
Sacha Perro Austral,566185X,474172,APROBADO
Francisco Huemul Gigante,699971X,350310,APROBADO
Francisco Condor Austral,489935X,86054,APROBADO
Pepe Huemul Noble,829760X,157824,APROBADO
Coty Huemul Sigiloso,533230X,270189,APROBADO
Sacha Leon Rojo,321170X,664448,APROBADO
Coty Gato Salvage,216104X,882108,APROBADO
Pepe Huemul Austral,83157X,681046,APROBADO
Coty Puma Sigiloso,573789X,126096,RECHAZADO (Riesgo Salud/Financiero)
Coty Condor Noble,81169X,876734,APROBADO
Pepe Condor Veloz,987928X,833405,APROBADO
Francisco Huemul Veloz,438468X,477335,APROBADO
Sacha Huemul Rojo,928562X,450787,APROBADO
Francisco Zorro Rojo,714658X,673712,APROBADO
Sacha Perro Salvage,435570X,283843,APROBADO
Matias Zorro Veloz,635504X,380069,RECHAZADO (Riesgo Salud/Financiero)
Pepe Huemul Rojo,919419X,876751,APROBADO
Pepe Puma Gigante,703962X,309149,RECHAZADO (Riesgo Salud/Financiero)
Pancha Condor Salvage,930762X,152163,RECHAZADO (Riesgo Salud/Financiero)
Matias Nutria Sigiloso,922485X,778574,APROBADO
Coty Puma Rojo,970420X,400086,RECHAZADO (Riesgo Salud/Financiero)
Coty Ballena Veloz,916113X,109234,APROBADO
Pancha Zorro Sigiloso,931444X,535406,RECHAZADO (Riesgo Salud/Financiero)
Sacha Gato Gigante,956079X,123900,APROBADO
Lucho Huemul Gigante,382045X,62632,APROBADO
Pepe Zorro Rojo,318632X,141887,APROBADO
Sacha Gato Veloz,881908X,288024,APROBADO
Maria Puma Sigiloso,658142X,813147,APROBADO
Lucho Ballena Salvage,270836X,735421,APROBADO
Pepe Ballena Austral,820046X,720167,APROBADO
Sacha Zorro Noble,764996X,468904,APROBADO
Matias Leon Audaz,110507X,373593,APROBADO
Matias Leon Austral,749063X,32568,APROBADO
Pepe Gato Austral,787017X,225303,APROBADO
Sacha Puma Rojo,814414X,616170,APROBADO
Juan Condor Austral,422639X,393605,RECHAZADO (Riesgo Salud/Financiero)
Juan Nutria Audaz,880672X,744736,RECHAZADO (Riesgo Salud/Financiero)
Matias Gato Rojo,327109X,256878,APROBADO
Lucho Condor Rojo,400100X,366629,APROBADO
Maria Ballena Veloz,90197X,678245,APROBADO
Matias Huemul Austral,572867X,340958,APROBADO
Coty Zorro Sigiloso,355147X,668564,APROBADO
Maria Gato Gigante,312546X,534266,APROBADO
Coty Nutria Gigante,57110X,344786,APROBADO
Juan Huemul Austral,28096X,843870,APROBADO
Sacha Condor Sigiloso,309159X,23363,APROBADO
Maria Gato Gigante,627291X,168971,APROBADO
Coty Leon Sigiloso,311847X,578127,APROBADO
Pepe Perro Noble,190763X,726874,APROBADO
Lucho Perro Audaz,486989X,709901,APROBADO
Pancha Gato Gigante,217988X,270269,APROBADO
Maria Zorro Salvage,567022X,17265,APROBADO
Lucho Nutria Noble,24225X,449113,APROBADO
Matias Perro Veloz,843098X,587911,APROBADO
Pancha Puma Veloz,500966X,265855,RECHAZADO (Riesgo Salud/Financiero)
Juan Gato Austral,605724X,716425,RECHAZADO (Riesgo Salud/Financiero)
Pepe Zorro Noble,38133X,877487,APROBADO
Matias Leon Audaz,333295X,452526,APROBADO
Francisco Zorro Salvage,456146X,697365,APROBADO
Matias Zorro Veloz,314351X,746618,APROBADO
Sacha Gato Audaz,773321X,687554,APROBADO
Juan Gato Noble,20427X,475632,APROBADO
Pepe Huemul Noble,847065X,730857,APROBADO
Sacha Perro Austral,428595X,798451,RECHAZADO (Riesgo Salud/Financiero)
Matias Nutria Salvage,516789X,411897,APROBADO
Sacha Huemul Sigiloso,937715X,476392,RECHAZADO (Riesgo Salud/Financiero)
Lucho Nutria Sigiloso,279753X,489978,APROBADO
Pepe Ballena Noble,557260X,50244,APROBADO
Maria Nutria Salvage,330621X,202337,APROBADO
Pepe Nutria Austral,519992X,525397,APROBADO
Pepe Condor Gigante,425641X,613758,APROBADO
Pepe Ballena Austral,330315X,622469,APROBADO
Sacha Perro Austral,309111X,608391,RECHAZADO (Riesgo Salud/Financiero)
Pancha Puma Gigante,789674X,564164,APROBADO
Matias Nutria Rojo,355081X,269387,APROBADO
Pepe Condor Austral,481871X,651465,APROBADO
Lucho Nutria Veloz,705484X,557207,APROBADO
Maria Condor Noble,466645X,617027,APROBADO
Lucho Puma Noble,192453X,647362,APROBADO
Pancha Gato Audaz,673946X,716420,RECHAZADO (Riesgo Salud/Financiero)
Maria Puma Gigante,683808X,858525,APROBADO
Coty Puma Audaz,264425X,872500,APROBADO
Francisco Gato Rojo,327666X,746543,RECHAZADO (Riesgo Salud/Financiero)
Pepe Puma Gigante,952485X,161714,RECHAZADO (Riesgo Salud/Financiero)
Matias Perro Austral,481311X,243508,RECHAZADO (Riesgo Salud/Financiero)
Francisco Zorro Sigiloso,734290X,741532,APROBADO
Maria Puma Noble,452800X,700917,APROBADO
Pancha Perro Audaz,824307X,436357,APROBADO
Juan Puma Gigante,970845X,84920,APROBADO
Lucho Huemul Audaz,300534X,710623,APROBADO
Juan Perro Gigante,251834X,62998,APROBADO
Coty Gato Veloz,807284X,740655,APROBADO
Francisco Zorro Veloz,660689X,579789,APROBADO
Maria Condor Gigante,590217X,234896,APROBADO
Pepe Condor Audaz,608100X,801208,APROBADO
Maria Gato Audaz,258253X,42427,APROBADO
Pancha Ballena Austral,844216X,809336,APROBADO
Lucho Leon Rojo,454357X,500693,APROBADO
Matias Zorro Salvage,532568X,72167,APROBADO
Juan Perro Audaz,782143X,742648,RECHAZADO (Riesgo Salud/Financiero)
Pancha Nutria Veloz,210689X,490407,APROBADO
Pancha Leon Noble,303940X,502829,APROBADO
Juan Zorro Noble,754980X,815535,APROBADO
Coty Perro Gigante,501009X,673233,APROBADO
Sacha Ballena Sigiloso,872816X,48920,APROBADO
Sacha Nutria Austral,283667X,74566,APROBADO
Lucho Huemul Veloz,9336X,730685,APROBADO
Sacha Nutria Rojo,512595X,660784,APROBADO
Pepe Gato Gigante,298903X,652966,APROBADO
Maria Gato Austral,577910X,257192,RECHAZADO (Riesgo Salud/Financiero)
Maria Perro Audaz,992856X,319686,APROBADO
Francisco Perro Audaz,519951X,116763,APROBADO
Sacha Ballena Veloz,812146X,485381,RECHAZADO (Riesgo Salud/Financiero)
Coty Ballena Sigiloso,349078X,304261,APROBADO
Pepe Zorro Noble,874594X,789645,RECHAZADO (Riesgo Salud/Financiero)
Maria Nutria Rojo,287993X,774916,APROBADO
Coty Gato Gigante,859224X,239807,APROBADO
Lucho Condor Sigiloso,871707X,672832,APROBADO
Matias Puma Salvage,533695X,817487,APROBADO
Matias Huemul Gigante,24106X,201978,APROBADO
Pancha Nutria Gigante,237851X,872147,APROBADO
Coty Leon Gigante,729980X,184772,APROBADO
Pepe Huemul Noble,799354X,512695,APROBADO
Maria Perro Gigante,831977X,379196,APROBADO
Pepe Leon Sigiloso,74630X,222630,APROBADO
Pepe Puma Noble,976998X,182005,APROBADO
Francisco Nutria Sigiloso,972553X,273359,APROBADO
Pepe Huemul Sigiloso,509611X,212819,APROBADO
Sacha Condor Audaz,684285X,192674,APROBADO
Lucho Ballena Noble,133496X,109840,RECHAZADO (Riesgo Salud/Financiero)
Sacha Condor Gigante,263101X,657491,RECHAZADO (Riesgo Salud/Financiero)
Matias Gato Austral,100537X,585095,APROBADO
Juan Condor Veloz,577177X,675561,APROBADO
Coty Puma Audaz,445226X,404837,APROBADO
Matias Huemul Sigiloso,24606X,195166,RECHAZADO (Riesgo Salud/Financiero)
Francisco Huemul Rojo,566082X,571508,APROBADO
Pancha Ballena Salvage,485295X,421419,APROBADO
Pancha Perro Veloz,176644X,870439,APROBADO
Pepe Perro Gigante,84202X,798939,APROBADO
Sacha Gato Noble,327922X,663934,APROBADO
Lucho Gato Gigante,550237X,770219,RECHAZADO (Riesgo Salud/Financiero)
Pancha Gato Noble,614037X,184769,APROBADO
Juan Leon Audaz,726736X,780487,APROBADO
Maria Leon Veloz,462659X,275819,APROBADO
Coty Ballena Sigiloso,212973X,657848,RECHAZADO (Riesgo Salud/Financiero)
Matias Condor Salvage,408137X,672395,APROBADO
Sacha Gato Salvage,678670X,377227,APROBADO
Pancha Condor Audaz,209416X,466815,APROBADO
Pepe Zorro Audaz,914010X,694893,APROBADO
Pancha Leon Noble,928136X,219808,APROBADO
Maria Nutria Gigante,835312X,93459,APROBADO
Lucho Ballena Salvage,147157X,671830,APROBADO
Lucho Ballena Noble,485266X,131519,APROBADO
Coty Nutria Veloz,801147X,583614,APROBADO
Pancha Zorro Austral,334728X,43768,APROBADO
Francisco Condor Veloz,248119X,47047,APROBADO
Francisco Perro Salvage,676193X,74088,RECHAZADO (Riesgo Salud/Financiero)
Pancha Gato Audaz,21176X,582453,APROBADO
Lucho Ballena Audaz,396737X,379970,APROBADO
Coty Gato Sigiloso,970107X,43424,APROBADO
Sacha Nutria Veloz,640311X,705954,APROBADO
Pepe Ballena Audaz,995568X,381548,APROBADO
Lucho Huemul Salvage,893810X,806990,APROBADO
Francisco Puma Rojo,346467X,690547,APROBADO
Coty Zorro Rojo,752050X,690221,APROBADO
Lucho Ballena Audaz,117205X,894955,APROBADO
Pancha Perro Veloz,128054X,88935,RECHAZADO (Riesgo Salud/Financiero)
Coty Condor Austral,263061X,767259,RECHAZADO (Riesgo Salud/Financiero)
Lucho Perro Audaz,827435X,753306,RECHAZADO (Riesgo Salud/Financiero)
Maria Leon Rojo,497139X,712219,APROBADO
Maria Huemul Salvage,705221X,683469,APROBADO
Maria Perro Salvage,718853X,551125,APROBADO
Pepe Perro Salvage,645929X,137972,APROBADO
Coty Leon Sigiloso,189582X,500587,APROBADO
Pancha Huemul Sigiloso,132733X,520418,RECHAZADO (Riesgo Salud/Financiero)
Maria Zorro Veloz,443354X,553926,APROBADO
Coty Gato Audaz,856508X,72980,APROBADO
Francisco Nutria Austral,351485X,140210,APROBADO
Sacha Gato Salvage,24668X,410750,APROBADO
Maria Zorro Gigante,493173X,91610,RECHAZADO (Riesgo Salud/Financiero)
Matias Puma Gigante,694956X,107554,APROBADO
Lucho Leon Veloz,424526X,445508,APROBADO
Maria Gato Sigiloso,569911X,444131,RECHAZADO (Riesgo Salud/Financiero)
Lucho Huemul Noble,34813X,820379,RECHAZADO (Riesgo Salud/Financiero)
Matias Nutria Rojo,801962X,153511,APROBADO
Sacha Perro Salvage,114754X,796939,APROBADO
Juan Condor Gigante,819830X,555953,APROBADO
Lucho Nutria Gigante,827834X,878651,APROBADO
Matias Huemul Sigiloso,719375X,543562,RECHAZADO (Riesgo Salud/Financiero)
Maria Ballena Austral,416210X,397703,APROBADO
Pancha Zorro Rojo,23891X,694984,APROBADO
Maria Nutria Rojo,878470X,443333,APROBADO
Maria Huemul Sigiloso,888117X,374684,APROBADO
Coty Perro Veloz,138293X,527750,APROBADO
Sacha Condor Gigante,587758X,285748,APROBADO
Pancha Nutria Audaz,687894X,102532,RECHAZADO (Riesgo Salud/Financiero)
Pancha Ballena Austral,810322X,481841,APROBADO
Pepe Nutria Gigante,834166X,282819,APROBADO
Sacha Huemul Gigante,332752X,761173,APROBADO
Maria Condor Audaz,616215X,389300,APROBADO
Pancha Ballena Gigante,985742X,458875,APROBADO
Matias Ballena Gigante,524007X,201297,APROBADO
Pepe Huemul Veloz,985073X,478810,APROBADO
Matias Perro Audaz,826983X,526848,APROBADO
Sacha Gato Salvage,4584X,473818,APROBADO
Juan Huemul Sigiloso,747090X,275157,APROBADO
Pepe Huemul Austral,141631X,471505,APROBADO
Sacha Huemul Noble,462168X,343376,APROBADO
Francisco Perro Salvage,487581X,255629,RECHAZADO (Riesgo Salud/Financiero)
Francisco Huemul Sigiloso,844576X,666075,APROBADO
Matias Huemul Sigiloso,653529X,317592,APROBADO
Francisco Zorro Rojo,445382X,282225,APROBADO
Coty Condor Gigante,419299X,583951,APROBADO
Pepe Leon Veloz,100801X,177455,APROBADO
Sacha Ballena Rojo,262592X,316726,APROBADO
Maria Condor Austral,87737X,674929,RECHAZADO (Riesgo Salud/Financiero)
Lucho Condor Veloz,520997X,890276,APROBADO
Sacha Zorro Sigiloso,557069X,861445,APROBADO
Lucho Condor Audaz,925735X,594042,RECHAZADO (Riesgo Salud/Financiero)
Maria Huemul Sigiloso,656497X,683175,APROBADO
Francisco Perro Audaz,735614X,465752,APROBADO
Juan Condor Rojo,904668X,461931,RECHAZADO (Riesgo Salud/Financiero)
Pancha Leon Rojo,867277X,293322,APROBADO
Sacha Leon Salvage,217575X,352199,APROBADO
Coty Gato Rojo,637478X,422282,APROBADO
Juan Ballena Gigante,746123X,245794,APROBADO
Pancha Puma Audaz,822321X,809435,APROBADO
Pancha Zorro Noble,723272X,762575,APROBADO
Juan Huemul Noble,10008X,876102,APROBADO
Francisco Leon Veloz,452931X,585344,APROBADO
Matias Ballena Audaz,42113X,509160,APROBADO
Sacha Puma Gigante,8269X,379267,RECHAZADO (Riesgo Salud/Financiero)
Maria Condor Gigante,352714X,602426,RECHAZADO (Riesgo Salud/Financiero)
Pepe Perro Veloz,508424X,614889,RECHAZADO (Riesgo Salud/Financiero)
Pepe Condor Veloz,884369X,46550,RECHAZADO (Riesgo Salud/Financiero)
Pancha Perro Audaz,764599X,822074,APROBADO
Francisco Ballena Audaz,16442X,886147,APROBADO
Francisco Perro Austral,225356X,486874,APROBADO
Pepe Leon Veloz,327619X,170430,APROBADO
Pepe Condor Rojo,540845X,386289,APROBADO
Maria Gato Audaz,507823X,319936,APROBADO
Sacha Puma Gigante,417389X,348177,APROBADO
Lucho Puma Noble,628305X,872234,APROBADO
Francisco Condor Veloz,773246X,676823,RECHAZADO (Riesgo Salud/Financiero)
Sacha Ballena Noble,532532X,770764,APROBADO
Juan Nutria Veloz,895738X,718514,RECHAZADO (Riesgo Salud/Financiero)
Lucho Gato Austral,177621X,367953,APROBADO
Francisco Huemul Sigiloso,958381X,279692,RECHAZADO (Riesgo Salud/Financiero)
Pepe Gato Veloz,681017X,220334,APROBADO
Pepe Zorro Noble,588025X,507512,APROBADO
Matias Condor Audaz,968994X,461248,APROBADO
Pepe Leon Noble,747769X,234981,RECHAZADO (Riesgo Salud/Financiero)
Pepe Zorro Sigiloso,757458X,496906,APROBADO
Juan Puma Sigiloso,511338X,666155,APROBADO
Juan Puma Noble,413508X,45877,APROBADO
Lucho Nutria Rojo,668204X,447132,RECHAZADO (Riesgo Salud/Financiero)
Francisco Condor Austral,338494X,40492,APROBADO
Sacha Huemul Noble,434932X,530714,APROBADO
Lucho Ballena Gigante,645048X,645353,APROBADO
Francisco Perro Sigiloso,190581X,42314,APROBADO
Sacha Zorro Austral,992904X,284021,APROBADO
Maria Ballena Audaz,481513X,776326,APROBADO
Francisco Nutria Austral,857784X,401835,APROBADO
Maria Perro Rojo,788127X,157188,APROBADO
Matias Zorro Audaz,219158X,57417,RECHAZADO (Riesgo Salud/Financiero)
Juan Ballena Audaz,828419X,34853,APROBADO
Matias Condor Audaz,162230X,280253,APROBADO
Juan Zorro Sigiloso,57543X,561981,APROBADO
Coty Perro Veloz,651449X,32633,APROBADO
Francisco Huemul Austral,419062X,741482,APROBADO
Juan Gato Sigiloso,799116X,474571,APROBADO
Pancha Ballena Austral,846730X,387051,APROBADO
Pancha Huemul Salvage,356635X,646773,APROBADO
Francisco Leon Rojo,254071X,556020,APROBADO
Juan Zorro Rojo,968195X,837180,APROBADO
Matias Nutria Audaz,250259X,671214,APROBADO
Pancha Puma Gigante,763033X,726141,APROBADO
Coty Ballena Sigiloso,260143X,369879,APROBADO
Coty Perro Audaz,838915X,789445,APROBADO
Matias Ballena Austral,266260X,337232,APROBADO
Lucho Zorro Rojo,264044X,792341,APROBADO
Pepe Nutria Audaz,333804X,185526,APROBADO
Francisco Perro Audaz,397547X,496921,APROBADO
Pancha Perro Veloz,13695X,349077,APROBADO
Juan Huemul Rojo,58220X,897713,APROBADO
Pancha Huemul Austral,405659X,647619,APROBADO
Sacha Leon Veloz,904748X,545706,APROBADO
Matias Zorro Gigante,296099X,566063,APROBADO
Francisco Nutria Rojo,465299X,143317,APROBADO
Francisco Nutria Rojo,95085X,462706,APROBADO
Sacha Zorro Veloz,613597X,378885,APROBADO
Juan Perro Salvage,967181X,853677,APROBADO
Matias Condor Veloz,93797X,178998,APROBADO
Lucho Zorro Salvage,265241X,379925,APROBADO
Lucho Gato Veloz,28971X,555091,APROBADO
Maria Leon Gigante,407151X,352292,APROBADO
Francisco Leon Austral,46414X,682947,APROBADO
Juan Zorro Sigiloso,138432X,466466,APROBADO
Lucho Leon Austral,562456X,563608,APROBADO
Matias Perro Audaz,725664X,709099,APROBADO
Matias Huemul Audaz,696395X,681070,RECHAZADO (Riesgo Salud/Financiero)
Juan Perro Noble,139015X,143834,APROBADO
Pepe Gato Noble,16585X,346190,RECHAZADO (Riesgo Salud/Financiero)
Sacha Condor Gigante,976798X,155219,APROBADO
Lucho Ballena Austral,382503X,460228,APROBADO
Sacha Ballena Audaz,621320X,404215,APROBADO
Pancha Leon Salvage,522618X,516091,APROBADO
Matias Leon Noble,837525X,672095,APROBADO
Matias Nutria Rojo,233094X,656901,APROBADO
Lucho Gato Sigiloso,834406X,71024,APROBADO
Coty Condor Salvage,252072X,38756,APROBADO
Juan Zorro Noble,652217X,259854,APROBADO
Francisco Nutria Salvage,441847X,461925,APROBADO
Sacha Puma Salvage,129753X,65642,RECHAZADO (Riesgo Salud/Financiero)
Maria Huemul Noble,798211X,684107,RECHAZADO (Riesgo Salud/Financiero)
Juan Nutria Sigiloso,150310X,94203,APROBADO
Pancha Gato Gigante,509198X,186053,APROBADO
Francisco Leon Gigante,990980X,664945,APROBADO
Francisco Huemul Noble,945927X,712732,APROBADO
Sacha Perro Sigiloso,507518X,545607,APROBADO
Juan Puma Salvage,143584X,417947,APROBADO
Sacha Nutria Salvage,146437X,300988,APROBADO
Sacha Condor Veloz,226295X,322967,APROBADO
Maria Condor Salvage,217583X,728627,APROBADO
Sacha Gato Noble,470100X,56738,APROBADO
Pepe Nutria Rojo,734868X,365240,APROBADO
Pancha Puma Noble,348130X,737554,APROBADO
Pancha Zorro Noble,715182X,313838,APROBADO
Sacha Puma Rojo,486701X,482336,APROBADO
Sacha Condor Rojo,229417X,247024,RECHAZADO (Riesgo Salud/Financiero)
Maria Condor Sigiloso,697290X,523304,APROBADO
Juan Gato Audaz,31542X,231990,APROBADO
Matias Condor Veloz,435426X,506425,APROBADO
Sacha Puma Veloz,617926X,633802,APROBADO
Francisco Condor Audaz,360876X,345825,RECHAZADO (Riesgo Salud/Financiero)
Pepe Ballena Audaz,952492X,815158,APROBADO
Lucho Zorro Veloz,541913X,190655,RECHAZADO (Riesgo Salud/Financiero)
Matias Gato Gigante,364623X,264307,APROBADO
Coty Huemul Audaz,866533X,894688,APROBADO
Pepe Perro Noble,778230X,832831,APROBADO
Francisco Leon Salvage,506677X,301457,RECHAZADO (Riesgo Salud/Financiero)
Juan Puma Sigiloso,142565X,698809,APROBADO
Sacha Puma Austral,512673X,350903,RECHAZADO (Riesgo Salud/Financiero)
Coty Perro Gigante,64566X,94723,RECHAZADO (Riesgo Salud/Financiero)
Matias Zorro Rojo,755629X,748366,APROBADO
Francisco Zorro Noble,49867X,834204,APROBADO
Lucho Ballena Sigiloso,259300X,681970,APROBADO
Coty Huemul Sigiloso,937485X,781915,APROBADO
Lucho Condor Austral,974124X,728866,RECHAZADO (Riesgo Salud/Financiero)
Lucho Ballena Gigante,825628X,142109,APROBADO
Pancha Ballena Veloz,724224X,749427,RECHAZADO (Riesgo Salud/Financiero)
Lucho Leon Sigiloso,553320X,832881,RECHAZADO (Riesgo Salud/Financiero)
Francisco Leon Salvage,92000X,383115,APROBADO
Pancha Leon Austral,1552X,123356,APROBADO
Lucho Condor Salvage,970948X,786208,APROBADO
Juan Condor Rojo,153715X,363837,APROBADO
Sacha Leon Gigante,487681X,77618,APROBADO
Maria Zorro Noble,800621X,591789,RECHAZADO (Riesgo Salud/Financiero)
Juan Zorro Salvage,589146X,424251,APROBADO
Juan Puma Rojo,678698X,317225,APROBADO
Coty Gato Rojo,240382X,34239,APROBADO
Pepe Leon Rojo,196606X,353253,APROBADO
Maria Puma Rojo,578852X,227344,APROBADO
Matias Nutria Salvage,241553X,121640,APROBADO
Pancha Gato Rojo,411321X,764200,APROBADO
Juan Ballena Salvage,830181X,806592,APROBADO
Matias Condor Veloz,26731X,229794,APROBADO
Matias Puma Sigiloso,521493X,790991,APROBADO
Francisco Puma Austral,813254X,450347,APROBADO
Pancha Leon Noble,535761X,492380,RECHAZADO (Riesgo Salud/Financiero)
Lucho Leon Sigiloso,413129X,793320,RECHAZADO (Riesgo Salud/Financiero)
Sacha Puma Audaz,371237X,15778,APROBADO
Juan Nutria Audaz,863090X,868607,APROBADO
Pancha Gato Noble,33260X,884308,RECHAZADO (Riesgo Salud/Financiero)
Lucho Condor Veloz,460349X,525687,APROBADO
Lucho Condor Salvage,165695X,264853,APROBADO
Pancha Leon Audaz,57261X,794150,APROBADO
Coty Gato Audaz,197427X,326380,APROBADO
Pancha Ballena Gigante,523230X,112051,RECHAZADO (Riesgo Salud/Financiero)
Pancha Perro Sigiloso,568712X,248532,APROBADO
Maria Zorro Audaz,218524X,760268,APROBADO
Coty Ballena Rojo,881206X,666300,RECHAZADO (Riesgo Salud/Financiero)
Pepe Puma Noble,570080X,295041,APROBADO
Pepe Zorro Noble,86737X,37381,APROBADO
Sacha Gato Gigante,521936X,65960,APROBADO
Maria Nutria Austral,163436X,294889,APROBADO
Sacha Perro Noble,750819X,823644,APROBADO
Juan Perro Rojo,984763X,113324,APROBADO
Francisco Gato Audaz,93799X,841630,APROBADO
Francisco Puma Audaz,715655X,581477,APROBADO
Sacha Zorro Gigante,255113X,580495,APROBADO
Francisco Huemul Austral,523339X,459843,RECHAZADO (Riesgo Salud/Financiero)
Coty Perro Sigiloso,356642X,524260,APROBADO
Maria Perro Audaz,603172X,712304,APROBADO
Maria Gato Veloz,512450X,464983,APROBADO
Francisco Nutria Salvage,522287X,129598,APROBADO
Matias Ballena Veloz,754821X,569880,RECHAZADO (Riesgo Salud/Financiero)
Sacha Puma Salvage,814706X,241619,APROBADO
Pepe Condor Gigante,170115X,78699,APROBADO
Juan Gato Gigante,733258X,548015,APROBADO
Juan Zorro Noble,603723X,78304,APROBADO
Matias Puma Austral,683226X,70676,RECHAZADO (Riesgo Salud/Financiero)
Maria Zorro Gigante,556842X,823297,APROBADO
Pancha Nutria Sigiloso,743735X,899875,APROBADO
Sacha Huemul Noble,911911X,734941,APROBADO
Francisco Condor Rojo,728514X,439297,APROBADO
Francisco Leon Salvage,390698X,281178,RECHAZADO (Riesgo Salud/Financiero)
Pancha Zorro Rojo,451568X,609159,RECHAZADO (Riesgo Salud/Financiero)
Pancha Zorro Austral,752719X,110883,APROBADO
Pancha Nutria Austral,528301X,544299,RECHAZADO (Riesgo Salud/Financiero)
Lucho Condor Austral,353895X,201407,RECHAZADO (Riesgo Salud/Financiero)
Lucho Puma Audaz,2053X,690374,APROBADO
Matias Ballena Audaz,958746X,767465,APROBADO
Francisco Ballena Noble,973662X,860422,APROBADO
Francisco Leon Veloz,514950X,45941,APROBADO
Pepe Puma Audaz,909419X,246166,RECHAZADO (Riesgo Salud/Financiero)
Coty Nutria Audaz,411448X,804832,APROBADO
Coty Gato Austral,204951X,461181,APROBADO
Matias Condor Veloz,771154X,468695,RECHAZADO (Riesgo Salud/Financiero)
Sacha Puma Noble,851575X,770180,APROBADO
Matias Nutria Austral,989172X,57854,APROBADO
Maria Gato Gigante,559764X,27213,APROBADO
Pancha Ballena Audaz,977476X,187132,APROBADO
Pepe Huemul Austral,470094X,854880,APROBADO
Juan Puma Austral,662581X,698260,APROBADO
Sacha Leon Austral,836639X,256986,APROBADO
Juan Huemul Veloz,578554X,82166,RECHAZADO (Riesgo Salud/Financiero)
Francisco Condor Gigante,415808X,529800,RECHAZADO (Riesgo Salud/Financiero)
Coty Condor Salvage,316772X,408388,RECHAZADO (Riesgo Salud/Financiero)
Lucho Puma Veloz,539726X,857089,APROBADO
Francisco Huemul Noble,338963X,253639,APROBADO
Maria Leon Gigante,367143X,530164,RECHAZADO (Riesgo Salud/Financiero)
Pepe Perro Veloz,448955X,184579,RECHAZADO (Riesgo Salud/Financiero)
Pancha Condor Noble,404959X,801771,APROBADO
Matias Perro Audaz,658932X,599449,APROBADO
Pancha Condor Rojo,368833X,359455,APROBADO
Matias Perro Austral,519985X,190840,APROBADO
Pepe Condor Salvage,397524X,309785,APROBADO
Pancha Gato Salvage,442662X,695883,RECHAZADO (Riesgo Salud/Financiero)
Pancha Gato Audaz,329821X,112295,APROBADO
Juan Puma Salvage,806839X,596034,APROBADO
Sacha Ballena Gigante,817752X,460122,APROBADO
Maria Leon Veloz,573663X,83698,APROBADO
Juan Puma Noble,666707X,25268,APROBADO
Juan Condor Veloz,930237X,741734,APROBADO
Francisco Leon Austral,388546X,320898,APROBADO
Sacha Leon Sigiloso,624566X,794092,APROBADO
Pepe Condor Sigiloso,121517X,576873,APROBADO
Matias Huemul Gigante,987987X,103663,APROBADO
Coty Puma Noble,565365X,413541,APROBADO
Lucho Perro Sigiloso,758971X,62914,APROBADO
Coty Perro Audaz,167108X,326409,APROBADO
Coty Puma Gigante,543715X,277325,APROBADO
Francisco Perro Sigiloso,653549X,810464,APROBADO
Matias Perro Rojo,477562X,96445,APROBADO
Matias Perro Audaz,507097X,346752,RECHAZADO (Riesgo Salud/Financiero)
Sacha Nutria Salvage,258484X,152742,APROBADO
Francisco Nutria Veloz,698073X,604700,APROBADO
Maria Puma Audaz,925335X,347970,APROBADO
Lucho Nutria Gigante,195004X,704707,RECHAZADO (Riesgo Salud/Financiero)
Pancha Leon Veloz,232129X,602556,APROBADO
Francisco Ballena Noble,524742X,98574,APROBADO
Francisco Gato Sigiloso,77866X,884996,APROBADO
Pepe Nutria Veloz,931032X,635537,RECHAZADO (Riesgo Salud/Financiero)
Coty Leon Sigiloso,741766X,372970,APROBADO
Coty Huemul Noble,967153X,457680,APROBADO
Sacha Zorro Sigiloso,157756X,91605,APROBADO
Lucho Nutria Sigiloso,884959X,577381,APROBADO
Juan Leon Veloz,720233X,792493,RECHAZADO (Riesgo Salud/Financiero)
Pancha Perro Gigante,523423X,628314,APROBADO
Pancha Puma Audaz,96821X,372687,APROBADO
Pancha Ballena Sigiloso,462081X,576211,APROBADO
Juan Nutria Gigante,75479X,875097,RECHAZADO (Riesgo Salud/Financiero)
Coty Huemul Noble,432485X,884511,APROBADO
Pepe Perro Gigante,944316X,671015,RECHAZADO (Riesgo Salud/Financiero)
Juan Huemul Rojo,21479X,731814,APROBADO
Coty Zorro Veloz,398682X,602466,APROBADO
Matias Leon Sigiloso,370222X,545077,APROBADO
Pancha Nutria Sigiloso,818966X,799996,APROBADO
Francisco Condor Sigiloso,725619X,612875,APROBADO
Pancha Puma Audaz,127428X,679205,RECHAZADO (Riesgo Salud/Financiero)
Maria Perro Rojo,658966X,520806,APROBADO
Francisco Leon Rojo,267117X,222073,RECHAZADO (Riesgo Salud/Financiero)
Maria Perro Austral,889970X,64724,APROBADO
Lucho Perro Rojo,660989X,800919,APROBADO
Pepe Zorro Salvage,336129X,597410,APROBADO
Matias Condor Audaz,507640X,585869,APROBADO
Maria Zorro Gigante,759291X,826117,APROBADO
Francisco Zorro Sigiloso,522583X,220017,APROBADO
Maria Ballena Audaz,260351X,566898,RECHAZADO (Riesgo Salud/Financiero)
Maria Zorro Noble,594400X,585513,APROBADO
Sacha Perro Rojo,704771X,39056,APROBADO
Matias Zorro Salvage,370990X,654107,APROBADO
Francisco Leon Gigante,196946X,165626,APROBADO
Sacha Ballena Sigiloso,883910X,793618,RECHAZADO (Riesgo Salud/Financiero)
Maria Zorro Noble,167278X,19487,APROBADO
Francisco Gato Audaz,259445X,791722,APROBADO
Maria Gato Salvage,140909X,249709,RECHAZADO (Riesgo Salud/Financiero)
Maria Huemul Salvage,432949X,658715,APROBADO
Lucho Ballena Austral,634446X,828772,RECHAZADO (Riesgo Salud/Financiero)
Maria Leon Noble,889160X,513753,APROBADO
Lucho Perro Sigiloso,839059X,527983,APROBADO
Pepe Nutria Gigante,843563X,681642,APROBADO
Sacha Perro Veloz,485812X,396326,APROBADO
Francisco Nutria Rojo,156545X,298727,APROBADO
Pepe Ballena Austral,429653X,857673,APROBADO
Sacha Perro Noble,629965X,202454,APROBADO
Sacha Zorro Sigiloso,308050X,750895,APROBADO
Coty Ballena Rojo,672542X,701106,APROBADO
Francisco Ballena Sigiloso,413649X,834637,APROBADO
Sacha Huemul Noble,289950X,890672,APROBADO
Lucho Huemul Noble,30955X,360376,APROBADO
Matias Huemul Sigiloso,378062X,605749,APROBADO
Sacha Huemul Audaz,256642X,686116,APROBADO
Sacha Perro Austral,188529X,568686,APROBADO
Coty Puma Rojo,714077X,574414,RECHAZADO (Riesgo Salud/Financiero)
Juan Puma Sigiloso,944894X,867996,APROBADO
Coty Nutria Sigiloso,757315X,746840,RECHAZADO (Riesgo Salud/Financiero)
Pepe Perro Noble,242030X,868406,APROBADO
Pepe Gato Audaz,139965X,95006,APROBADO
Lucho Nutria Rojo,767847X,352345,APROBADO
Pepe Puma Salvage,550231X,660936,RECHAZADO (Riesgo Salud/Financiero)
Lucho Zorro Rojo,454766X,478526,APROBADO
Juan Gato Austral,766259X,732290,APROBADO
Coty Zorro Austral,485683X,159425,APROBADO
Coty Puma Rojo,336511X,449370,APROBADO
Matias Nutria Salvage,423369X,660166,RECHAZADO (Riesgo Salud/Financiero)
Pepe Puma Audaz,956365X,481948,RECHAZADO (Riesgo Salud/Financiero)
Matias Zorro Salvage,987471X,478632,APROBADO
Pepe Perro Rojo,112007X,453887,RECHAZADO (Riesgo Salud/Financiero)
Sacha Puma Audaz,961086X,795838,APROBADO
Juan Puma Sigiloso,503637X,434702,APROBADO
Francisco Leon Rojo,348830X,654740,APROBADO
Maria Leon Veloz,494318X,434070,APROBADO
Coty Leon Noble,325147X,590421,APROBADO
Juan Leon Sigiloso,559486X,81724,RECHAZADO (Riesgo Salud/Financiero)
Lucho Nutria Noble,178384X,481764,APROBADO
Pancha Gato Noble,20932X,86176,APROBADO
Maria Zorro Gigante,559649X,457801,APROBADO
Sacha Puma Gigante,942363X,655331,RECHAZADO (Riesgo Salud/Financiero)
Lucho Condor Austral,726025X,200200,APROBADO
Pancha Gato Noble,8165X,515472,APROBADO
Coty Leon Salvage,721390X,366154,APROBADO
Juan Condor Austral,554694X,338630,RECHAZADO (Riesgo Salud/Financiero)
Pancha Huemul Veloz,667655X,427822,RECHAZADO (Riesgo Salud/Financiero)
Matias Perro Sigiloso,363143X,132851,APROBADO
Francisco Gato Sigiloso,298386X,280938,APROBADO
Lucho Puma Rojo,819266X,650850,APROBADO
Pepe Zorro Audaz,807058X,885947,APROBADO
Francisco Ballena Salvage,492166X,473635,APROBADO
Matias Nutria Salvage,750032X,667737,APROBADO
Lucho Perro Audaz,893930X,624419,APROBADO
Maria Perro Veloz,335319X,785089,APROBADO
Coty Leon Veloz,276396X,759999,APROBADO
Pepe Condor Salvage,183706X,209061,APROBADO
Francisco Condor Rojo,598759X,540399,APROBADO
Pepe Perro Sigiloso,122400X,402689,APROBADO
Maria Zorro Gigante,760065X,148279,APROBADO
Lucho Ballena Salvage,137149X,789864,APROBADO
Matias Condor Sigiloso,740141X,515973,APROBADO
Coty Huemul Salvage,322023X,812788,RECHAZADO (Riesgo Salud/Financiero)
Pepe Gato Noble,712569X,144000,RECHAZADO (Riesgo Salud/Financiero)
Maria Leon Salvage,689048X,55743,APROBADO
Pancha Nutria Austral,987638X,610240,RECHAZADO (Riesgo Salud/Financiero)
Sacha Nutria Gigante,395990X,350308,RECHAZADO (Riesgo Salud/Financiero)
Sacha Gato Audaz,261487X,631041,APROBADO
Matias Perro Salvage,843076X,661595,APROBADO
Matias Ballena Sigiloso,678530X,227902,APROBADO
Juan Leon Sigiloso,297456X,899642,APROBADO
Francisco Nutria Sigiloso,840444X,549017,APROBADO
Lucho Ballena Rojo,843930X,714273,APROBADO
Francisco Gato Sigiloso,987756X,49810,APROBADO
Sacha Leon Gigante,511114X,455933,APROBADO
Lucho Huemul Gigante,858974X,591843,APROBADO
Lucho Perro Sigiloso,847727X,668531,APROBADO
Coty Condor Salvage,518371X,25373,APROBADO
Sacha Gato Sigiloso,667202X,521248,APROBADO
Juan Gato Rojo,199459X,785284,APROBADO
Juan Ballena Noble,697234X,784985,APROBADO
Pancha Leon Rojo,856256X,750439,APROBADO
Matias Perro Veloz,455657X,594819,APROBADO
Coty Zorro Audaz,143830X,203792,APROBADO
Pancha Leon Audaz,489777X,701586,APROBADO
Francisco Leon Salvage,591611X,166265,APROBADO
Pancha Condor Rojo,721587X,188522,APROBADO
Francisco Huemul Audaz,6409X,208681,RECHAZADO (Riesgo Salud/Financiero)
Matias Condor Noble,87503X,671101,RECHAZADO (Riesgo Salud/Financiero)
Maria Leon Sigiloso,969066X,760220,APROBADO
Matias Huemul Sigiloso,51650X,656131,RECHAZADO (Riesgo Salud/Financiero)
Pancha Perro Salvage,538571X,181466,APROBADO
Sacha Huemul Noble,272776X,897493,APROBADO
Pepe Zorro Sigiloso,645210X,230061,APROBADO
Matias Gato Gigante,351952X,221098,APROBADO
Pancha Puma Audaz,330688X,624491,RECHAZADO (Riesgo Salud/Financiero)
Matias Ballena Salvage,266820X,896687,APROBADO
Pancha Perro Noble,78416X,387128,APROBADO
Lucho Condor Rojo,191496X,153326,APROBADO
Coty Nutria Sigiloso,864548X,899736,APROBADO
Coty Puma Veloz,346631X,576294,APROBADO
Francisco Leon Noble,873934X,139131,APROBADO
Maria Zorro Audaz,231583X,216246,APROBADO
Lucho Gato Salvage,909760X,596911,APROBADO
Pepe Ballena Rojo,86453X,570756,APROBADO
Pancha Ballena Sigiloso,850199X,22800,APROBADO
Lucho Puma Sigiloso,573922X,382333,APROBADO
Pepe Nutria Rojo,485725X,109260,APROBADO
Juan Gato Sigiloso,198515X,283081,APROBADO
Coty Puma Salvage,728623X,89071,RECHAZADO (Riesgo Salud/Financiero)
Coty Condor Salvage,504827X,784884,APROBADO
Pepe Huemul Sigiloso,835233X,821176,APROBADO
Juan Ballena Veloz,280837X,190648,APROBADO
Pepe Puma Sigiloso,153242X,730374,APROBADO
Pepe Zorro Veloz,363735X,172539,APROBADO
Maria Nutria Noble,26311X,598323,APROBADO
Juan Zorro Salvage,517431X,883508,APROBADO
Juan Gato Austral,895688X,195867,RECHAZADO (Riesgo Salud/Financiero)
Pepe Perro Veloz,903396X,424507,APROBADO
Sacha Gato Veloz,453560X,167758,RECHAZADO (Riesgo Salud/Financiero)
Pepe Huemul Noble,986688X,408967,APROBADO
Maria Ballena Sigiloso,679349X,479677,APROBADO
Maria Zorro Audaz,152278X,387327,APROBADO
Pancha Leon Austral,270565X,851558,APROBADO
Sacha Leon Rojo,462154X,740498,APROBADO
Juan Gato Gigante,180728X,140514,APROBADO
Juan Huemul Gigante,420798X,411653,RECHAZADO (Riesgo Salud/Financiero)
Pancha Huemul Sigiloso,615382X,267356,APROBADO
Coty Puma Salvage,22518X,705785,RECHAZADO (Riesgo Salud/Financiero)
Matias Ballena Sigiloso,219550X,239947,APROBADO
Maria Puma Veloz,53423X,722907,APROBADO
Pancha Condor Noble,884767X,155939,APROBADO
Coty Nutria Austral,2559X,533723,APROBADO
Matias Leon Salvage,655649X,376930,RECHAZADO (Riesgo Salud/Financiero)
Sacha Puma Gigante,417966X,577875,APROBADO
Pepe Ballena Austral,225462X,68924,APROBADO
Francisco Leon Austral,288865X,781604,RECHAZADO (Riesgo Salud/Financiero)
Pancha Condor Rojo,403220X,769557,APROBADO
Pepe Puma Veloz,476328X,78059,RECHAZADO (Riesgo Salud/Financiero)
Sacha Condor Sigiloso,745104X,666815,APROBADO
Juan Nutria Austral,533138X,694408,APROBADO
Francisco Ballena Audaz,479028X,585466,APROBADO
Maria Zorro Austral,280672X,284464,APROBADO
Coty Puma Salvage,382993X,317861,APROBADO
Coty Nutria Sigiloso,106113X,555490,APROBADO
Matias Ballena Audaz,516219X,92614,RECHAZADO (Riesgo Salud/Financiero)
Juan Ballena Sigiloso,983652X,614014,RECHAZADO (Riesgo Salud/Financiero)
Sacha Nutria Austral,232713X,266289,APROBADO
Juan Ballena Noble,481213X,302589,RECHAZADO (Riesgo Salud/Financiero)
Lucho Puma Audaz,46007X,664122,APROBADO
Pepe Puma Rojo,626348X,402442,APROBADO
Maria Nutria Austral,775631X,700639,APROBADO
Lucho Ballena Noble,2714X,199774,APROBADO
Matias Gato Rojo,675533X,579935,RECHAZADO (Riesgo Salud/Financiero)
Pancha Puma Veloz,250276X,796663,APROBADO
Coty Zorro Veloz,173643X,86175,APROBADO
Maria Gato Noble,426494X,403809,APROBADO
Matias Nutria Noble,138110X,240863,APROBADO
Maria Leon Gigante,414092X,264042,RECHAZADO (Riesgo Salud/Financiero)
Lucho Nutria Sigiloso,439994X,464957,RECHAZADO (Riesgo Salud/Financiero)
Pancha Leon Veloz,156153X,722676,APROBADO
Sacha Zorro Sigiloso,254481X,379609,APROBADO
Juan Ballena Gigante,359261X,178754,RECHAZADO (Riesgo Salud/Financiero)
Juan Nutria Audaz,378481X,693218,APROBADO
Pancha Puma Veloz,297698X,548662,RECHAZADO (Riesgo Salud/Financiero)
Sacha Perro Sigiloso,374347X,192969,APROBADO
Lucho Huemul Audaz,905162X,693874,APROBADO
Coty Condor Noble,164659X,588744,APROBADO
Coty Puma Audaz,967206X,719786,RECHAZADO (Riesgo Salud/Financiero)
Pepe Zorro Audaz,784127X,369514,APROBADO
Pancha Nutria Rojo,903063X,785402,RECHAZADO (Riesgo Salud/Financiero)
Sacha Puma Noble,354357X,269249,APROBADO
Sacha Zorro Audaz,180180X,641190,APROBADO
Pepe Gato Noble,425347X,296106,APROBADO
Maria Nutria Austral,691001X,657998,APROBADO
Pancha Puma Sigiloso,55043X,397050,APROBADO
Francisco Puma Salvage,875340X,363831,RECHAZADO (Riesgo Salud/Financiero)
Francisco Perro Rojo,588084X,110524,APROBADO
Francisco Condor Gigante,598348X,317998,RECHAZADO (Riesgo Salud/Financiero)
Maria Huemul Austral,910887X,570853,APROBADO
Maria Ballena Salvage,783450X,342238,APROBADO
Lucho Huemul Gigante,65138X,543897,APROBADO
Sacha Condor Sigiloso,506342X,699498,APROBADO
Coty Zorro Rojo,148314X,489140,APROBADO
Francisco Puma Veloz,898308X,571225,APROBADO
Sacha Ballena Rojo,196014X,194085,APROBADO
Francisco Ballena Rojo,927051X,799342,APROBADO
Juan Perro Sigiloso,57346X,727735,APROBADO
Francisco Ballena Salvage,82154X,734863,APROBADO
Lucho Puma Salvage,45963X,149804,APROBADO
Matias Puma Salvage,955560X,746446,APROBADO
Pepe Zorro Audaz,369880X,449378,APROBADO
Sacha Huemul Veloz,207221X,190678,RECHAZADO (Riesgo Salud/Financiero)
Matias Zorro Gigante,724447X,691137,APROBADO
Maria Condor Rojo,646454X,786265,APROBADO
Maria Nutria Gigante,191131X,854087,APROBADO
Francisco Zorro Audaz,507606X,870721,RECHAZADO (Riesgo Salud/Financiero)
Pancha Nutria Salvage,529320X,324418,RECHAZADO (Riesgo Salud/Financiero)
Lucho Condor Sigiloso,899457X,369213,APROBADO
Pepe Huemul Rojo,8935X,237105,APROBADO
Coty Condor Audaz,349696X,282730,APROBADO
Matias Nutria Gigante,888990X,264097,RECHAZADO (Riesgo Salud/Financiero)
Matias Gato Salvage,107681X,383704,APROBADO
Juan Nutria Gigante,636729X,634100,APROBADO
Coty Nutria Audaz,173037X,57361,APROBADO
Matias Ballena Audaz,942011X,234098,APROBADO
Coty Gato Salvage,792341X,194201,RECHAZADO (Riesgo Salud/Financiero)
Coty Leon Austral,998747X,745049,APROBADO
Pepe Gato Audaz,267493X,715101,APROBADO
Juan Nutria Austral,71823X,741641,APROBADO
Matias Condor Gigante,133455X,17182,APROBADO
Sacha Condor Audaz,179944X,561681,APROBADO
Sacha Puma Austral,827784X,633837,RECHAZADO (Riesgo Salud/Financiero)
Matias Zorro Salvage,778748X,456458,RECHAZADO (Riesgo Salud/Financiero)
Lucho Puma Sigiloso,699182X,79846,APROBADO
Lucho Condor Austral,750252X,92329,RECHAZADO (Riesgo Salud/Financiero)
Francisco Leon Gigante,109856X,148787,APROBADO
Pepe Huemul Salvage,818103X,244787,APROBADO
Sacha Gato Veloz,106028X,622829,APROBADO
Sacha Perro Sigiloso,641386X,663941,APROBADO
Pepe Leon Salvage,8037X,110385,APROBADO
Lucho Perro Audaz,26609X,198255,APROBADO
Francisco Perro Austral,308522X,205268,APROBADO
Juan Condor Veloz,617015X,17896,APROBADO
Maria Puma Audaz,784497X,738294,APROBADO
Juan Ballena Salvage,22172X,759459,RECHAZADO (Riesgo Salud/Financiero)
Sacha Gato Sigiloso,489494X,434841,APROBADO
Francisco Ballena Noble,373726X,251767,APROBADO
Matias Ballena Gigante,989887X,539193,APROBADO
Coty Gato Noble,546965X,485467,APROBADO
Maria Leon Sigiloso,96359X,76596,APROBADO
Lucho Leon Sigiloso,93405X,234910,RECHAZADO (Riesgo Salud/Financiero)
Francisco Leon Noble,35720X,419135,APROBADO
Coty Condor Gigante,47778X,536974,APROBADO
Matias Huemul Austral,186538X,206598,APROBADO
Francisco Ballena Gigante,824715X,496544,APROBADO
Sacha Condor Noble,103892X,788663,RECHAZADO (Riesgo Salud/Financiero)
Lucho Nutria Salvage,928899X,335885,APROBADO
Maria Zorro Gigante,44261X,516497,APROBADO
Pancha Puma Audaz,204175X,216628,RECHAZADO (Riesgo Salud/Financiero)
Pancha Zorro Sigiloso,673203X,97525,RECHAZADO (Riesgo Salud/Financiero)
Francisco Zorro Veloz,942107X,677137,APROBADO
Matias Puma Audaz,308145X,517079,APROBADO
Coty Perro Austral,322196X,702845,APROBADO
Sacha Condor Veloz,594192X,793972,APROBADO
Maria Ballena Austral,373841X,833033,APROBADO
Francisco Gato Salvage,304708X,326648,APROBADO
Matias Leon Sigiloso,363929X,38512,APROBADO
Francisco Nutria Rojo,689173X,239587,RECHAZADO (Riesgo Salud/Financiero)
Pepe Perro Rojo,421763X,793772,APROBADO
Lucho Gato Audaz,351300X,117115,RECHAZADO (Riesgo Salud/Financiero)
Juan Ballena Gigante,110137X,719972,APROBADO
Pepe Puma Veloz,867683X,82034,RECHAZADO (Riesgo Salud/Financiero)
Juan Gato Sigiloso,996191X,23999,APROBADO
Matias Gato Audaz,172803X,770082,APROBADO
Sacha Zorro Sigiloso,370270X,642412,RECHAZADO (Riesgo Salud/Financiero)
Pepe Condor Gigante,616297X,676119,APROBADO
Maria Leon Rojo,607243X,875039,APROBADO
Pepe Condor Gigante,497754X,297464,APROBADO
Maria Perro Rojo,32294X,861048,APROBADO
Matias Leon Sigiloso,636206X,521651,APROBADO
Lucho Ballena Veloz,780400X,775260,APROBADO
Pancha Puma Sigiloso,808904X,792774,RECHAZADO (Riesgo Salud/Financiero)
Matias Ballena Gigante,102900X,491401,APROBADO
Pepe Condor Sigiloso,738182X,475817,APROBADO
Maria Leon Audaz,493993X,648514,APROBADO
Juan Leon Sigiloso,102097X,828420,APROBADO
Juan Condor Audaz,303367X,214543,APROBADO
Francisco Gato Salvage,232433X,91576,RECHAZADO (Riesgo Salud/Financiero)
Maria Gato Austral,219263X,240151,RECHAZADO (Riesgo Salud/Financiero)
Coty Perro Gigante,216778X,450801,APROBADO
Pepe Nutria Veloz,752413X,847266,APROBADO
Juan Condor Austral,609621X,693047,APROBADO
Pepe Ballena Austral,328834X,379879,APROBADO
Coty Zorro Austral,628950X,357297,RECHAZADO (Riesgo Salud/Financiero)
Matias Nutria Salvage,88117X,778793,APROBADO
Coty Huemul Noble,387546X,67871,APROBADO
Maria Perro Austral,961741X,626936,APROBADO
Pepe Huemul Sigiloso,158070X,580338,RECHAZADO (Riesgo Salud/Financiero)
Coty Leon Noble,377353X,848989,APROBADO
Francisco Huemul Austral,303131X,757247,RECHAZADO (Riesgo Salud/Financiero)
Juan Leon Gigante,5269X,173898,APROBADO
Sacha Zorro Austral,205215X,639225,APROBADO
Lucho Gato Audaz,974799X,546332,APROBADO
Pepe Puma Rojo,540112X,62959,APROBADO
Juan Huemul Veloz,673159X,266495,APROBADO
Pepe Perro Veloz,626616X,754908,RECHAZADO (Riesgo Salud/Financiero)
Pancha Huemul Sigiloso,518288X,407047,APROBADO
Sacha Gato Audaz,302469X,831681,APROBADO
Maria Condor Noble,571050X,854384,APROBADO
Francisco Ballena Noble,257650X,732483,APROBADO
Juan Zorro Noble,247538X,740811,RECHAZADO (Riesgo Salud/Financiero)
Matias Puma Austral,5722X,60854,APROBADO
Maria Nutria Gigante,124974X,241046,APROBADO
Lucho Ballena Salvage,429525X,657217,APROBADO
Francisco Leon Noble,592241X,825003,APROBADO
Juan Gato Rojo,549135X,172709,APROBADO
Pancha Condor Noble,24689X,33599,APROBADO
Maria Huemul Audaz,593670X,477782,RECHAZADO (Riesgo Salud/Financiero)
Pancha Zorro Veloz,751603X,600094,APROBADO
Pancha Nutria Gigante,357994X,581024,APROBADO
Lucho Leon Sigiloso,27229X,371430,APROBADO
Matias Huemul Sigiloso,160712X,645287,APROBADO
Pepe Leon Salvage,329732X,655562,APROBADO
Coty Ballena Salvage,944274X,445020,APROBADO
Juan Leon Audaz,625493X,535658,APROBADO
Maria Huemul Gigante,90536X,87688,APROBADO
Matias Nutria Rojo,755635X,544308,RECHAZADO (Riesgo Salud/Financiero)
Maria Gato Audaz,820077X,275814,APROBADO
Sacha Huemul Austral,63849X,782434,APROBADO
Francisco Zorro Veloz,152670X,385117,APROBADO
Coty Perro Gigante,698109X,133138,APROBADO
Coty Leon Austral,54433X,288662,APROBADO
Juan Ballena Sigiloso,98539X,27461,RECHAZADO (Riesgo Salud/Financiero)
Juan Gato Audaz,631567X,109231,APROBADO
Matias Leon Sigiloso,906329X,558262,APROBADO
Pancha Huemul Veloz,700312X,809954,APROBADO
Pancha Leon Noble,67856X,753956,APROBADO
Sacha Condor Salvage,285672X,699900,APROBADO
Lucho Nutria Sigiloso,3103X,776204,APROBADO
Sacha Zorro Salvage,888690X,61058,APROBADO
Coty Leon Gigante,872531X,175201,APROBADO
Matias Puma Rojo,183418X,199570,RECHAZADO (Riesgo Salud/Financiero)
Maria Huemul Audaz,111419X,707579,RECHAZADO (Riesgo Salud/Financiero)
Sacha Zorro Rojo,354696X,218767,APROBADO
Maria Perro Sigiloso,70864X,270657,RECHAZADO (Riesgo Salud/Financiero)
Coty Perro Audaz,456308X,193888,APROBADO
Pepe Condor Audaz,372307X,216466,APROBADO
Lucho Zorro Audaz,263096X,776218,APROBADO
Coty Condor Noble,352518X,749541,APROBADO
Pepe Huemul Sigiloso,34537X,109487,RECHAZADO (Riesgo Salud/Financiero)
Matias Leon Rojo,285455X,43327,APROBADO
Lucho Leon Austral,747515X,661704,APROBADO
Sacha Leon Austral,881757X,82233,APROBADO
Matias Puma Noble,807801X,880740,APROBADO
Coty Condor Sigiloso,366697X,564365,APROBADO
Francisco Perro Rojo,830841X,892795,APROBADO
Francisco Condor Sigiloso,293770X,23428,RECHAZADO (Riesgo Salud/Financiero)
Sacha Condor Gigante,852586X,408499,APROBADO
Pepe Leon Rojo,224033X,857916,APROBADO
Coty Nutria Salvage,142306X,776617,APROBADO
Coty Zorro Austral,988180X,344602,APROBADO
Pepe Gato Audaz,210742X,422798,APROBADO
Francisco Ballena Sigiloso,614334X,884000,APROBADO
Francisco Huemul Salvage,745308X,180707,APROBADO
Francisco Perro Audaz,141864X,780621,APROBADO
Sacha Condor Veloz,368876X,437524,RECHAZADO (Riesgo Salud/Financiero)
Maria Condor Gigante,701417X,410445,APROBADO
Pepe Gato Austral,933317X,166475,APROBADO
Juan Gato Noble,134290X,608226,APROBADO
Pepe Huemul Sigiloso,911867X,345551,APROBADO
Pancha Puma Salvage,965981X,288227,APROBADO
Juan Puma Sigiloso,508950X,386302,APROBADO
Juan Ballena Audaz,79684X,866754,APROBADO
Juan Huemul Noble,958368X,698892,APROBADO
Maria Perro Gigante,532318X,164521,APROBADO
Pancha Condor Gigante,117828X,296399,APROBADO
Juan Leon Gigante,429930X,137221,RECHAZADO (Riesgo Salud/Financiero)
Pepe Leon Salvage,675176X,488774,RECHAZADO (Riesgo Salud/Financiero)
Juan Perro Veloz,803243X,363608,RECHAZADO (Riesgo Salud/Financiero)
Sacha Nutria Noble,276179X,159550,APROBADO
Pancha Condor Noble,893725X,52452,APROBADO
Francisco Gato Austral,258789X,222673,APROBADO
Coty Nutria Rojo,179244X,561184,RECHAZADO (Riesgo Salud/Financiero)
Francisco Huemul Austral,287573X,838534,APROBADO
Juan Gato Gigante,714874X,795576,APROBADO
Sacha Zorro Salvage,889644X,716127,APROBADO
Lucho Leon Noble,638634X,511237,APROBADO
Matias Huemul Noble,436454X,424270,APROBADO
Juan Perro Veloz,950449X,512029,APROBADO
Sacha Nutria Veloz,487813X,520967,APROBADO
Pepe Gato Audaz,142639X,246379,APROBADO
Pepe Nutria Rojo,662504X,298673,APROBADO
Pepe Huemul Audaz,720526X,95835,RECHAZADO (Riesgo Salud/Financiero)
Pancha Ballena Veloz,866740X,360678,APROBADO
Coty Nutria Salvage,468723X,212783,APROBADO
Matias Leon Rojo,133391X,822093,APROBADO
Matias Huemul Gigante,590465X,403919,APROBADO
Lucho Nutria Audaz,426953X,618047,RECHAZADO (Riesgo Salud/Financiero)
Francisco Huemul Sigiloso,660868X,705512,APROBADO
Pancha Perro Audaz,887600X,757445,APROBADO
Pancha Perro Salvage,753860X,877286,APROBADO
Pepe Gato Sigiloso,488427X,534375,APROBADO
Matias Puma Austral,402108X,629965,APROBADO
Pepe Nutria Rojo,119884X,681767,APROBADO
Pepe Perro Veloz,961139X,322136,APROBADO
Francisco Zorro Audaz,225053X,497685,APROBADO
Coty Gato Salvage,281345X,372833,APROBADO
Pancha Perro Audaz,213594X,615327,APROBADO
Matias Zorro Audaz,891350X,448849,APROBADO
Lucho Nutria Veloz,662353X,736258,APROBADO
Juan Gato Noble,187827X,247899,APROBADO
Juan Gato Salvage,612232X,385352,RECHAZADO (Riesgo Salud/Financiero)
Francisco Zorro Salvage,711142X,36417,APROBADO
Francisco Zorro Sigiloso,332813X,190056,APROBADO
Juan Ballena Audaz,482327X,581830,RECHAZADO (Riesgo Salud/Financiero)
Coty Perro Austral,761278X,242682,APROBADO
Matias Leon Rojo,189688X,34501,APROBADO
Sacha Puma Salvage,317661X,229172,RECHAZADO (Riesgo Salud/Financiero)
Maria Puma Austral,987338X,578374,RECHAZADO (Riesgo Salud/Financiero)
Juan Condor Sigiloso,156280X,683289,RECHAZADO (Riesgo Salud/Financiero)
Pancha Gato Sigiloso,490051X,307995,RECHAZADO (Riesgo Salud/Financiero)
Sacha Nutria Veloz,684783X,825458,APROBADO
Sacha Ballena Sigiloso,401357X,756109,APROBADO
Pancha Condor Austral,461130X,188032,RECHAZADO (Riesgo Salud/Financiero)
Pepe Perro Noble,330757X,577567,APROBADO
Juan Huemul Veloz,667140X,546317,APROBADO
Lucho Perro Noble,654957X,699312,APROBADO
Lucho Perro Veloz,335093X,664472,RECHAZADO (Riesgo Salud/Financiero)
Juan Ballena Salvage,972113X,518743,APROBADO
Coty Perro Gigante,68683X,62088,APROBADO
Coty Puma Rojo,844224X,535490,APROBADO
Pepe Ballena Noble,700603X,858316,APROBADO
Pancha Zorro Sigiloso,938969X,884423,APROBADO
Pepe Condor Sigiloso,62093X,790861,RECHAZADO (Riesgo Salud/Financiero)
Juan Puma Audaz,886899X,681364,RECHAZADO (Riesgo Salud/Financiero)
Pancha Puma Noble,178638X,659097,APROBADO
Matias Puma Noble,948121X,892495,APROBADO
Coty Leon Sigiloso,730489X,446365,APROBADO
Sacha Perro Gigante,486521X,890447,APROBADO
Coty Gato Noble,969361X,888432,APROBADO
Matias Nutria Audaz,278386X,627958,APROBADO
Francisco Zorro Veloz,893852X,849774,APROBADO
Sacha Condor Audaz,349728X,628083,APROBADO
Maria Leon Austral,243471X,849164,APROBADO
Francisco Ballena Austral,925867X,780122,APROBADO
Lucho Perro Veloz,894520X,374583,APROBADO
Juan Nutria Audaz,646341X,840345,APROBADO
Matias Huemul Austral,519428X,362600,APROBADO
Juan Gato Audaz,426374X,81570,APROBADO
Sacha Ballena Veloz,491326X,484037,APROBADO
Pancha Huemul Noble,623726X,352414,APROBADO
Pancha Puma Sigiloso,92120X,278964,APROBADO
Sacha Huemul Rojo,897791X,544601,APROBADO
Francisco Gato Noble,648016X,40659,APROBADO
Francisco Perro Gigante,538529X,622011,APROBADO
Pepe Huemul Austral,683956X,768187,APROBADO
Pancha Condor Salvage,768097X,505355,APROBADO
Maria Perro Salvage,335108X,251870,RECHAZADO (Riesgo Salud/Financiero)
Pancha Puma Rojo,283660X,181253,RECHAZADO (Riesgo Salud/Financiero)
Pepe Huemul Veloz,130274X,538617,APROBADO
Coty Puma Sigiloso,901456X,366309,APROBADO
Juan Zorro Sigiloso,739531X,667117,APROBADO
Coty Nutria Gigante,94239X,700042,RECHAZADO (Riesgo Salud/Financiero)
Matias Nutria Sigiloso,790286X,461852,APROBADO
Lucho Condor Salvage,69657X,452200,APROBADO
Pepe Leon Veloz,638177X,351247,APROBADO
Francisco Ballena Rojo,668690X,549821,APROBADO
Coty Huemul Veloz,209726X,276049,APROBADO
Matias Nutria Austral,838148X,381142,RECHAZADO (Riesgo Salud/Financiero)
Juan Puma Gigante,246035X,876198,APROBADO
Pancha Ballena Veloz,809564X,334991,RECHAZADO (Riesgo Salud/Financiero)
Pancha Perro Audaz,395119X,719062,RECHAZADO (Riesgo Salud/Financiero)
Francisco Gato Gigante,505339X,124598,APROBADO
Pepe Nutria Salvage,570795X,581039,APROBADO
Lucho Gato Salvage,794163X,432102,APROBADO
Lucho Puma Gigante,728523X,83859,APROBADO
Pancha Ballena Salvage,534509X,189357,APROBADO
Matias Zorro Rojo,845993X,483739,APROBADO
Matias Ballena Gigante,910585X,261836,APROBADO
Lucho Huemul Salvage,754593X,672445,APROBADO
Matias Gato Veloz,963252X,776503,APROBADO
Lucho Zorro Salvage,328924X,703226,RECHAZADO (Riesgo Salud/Financiero)
Matias Condor Sigiloso,627026X,421395,RECHAZADO (Riesgo Salud/Financiero)
Francisco Ballena Noble,752465X,506988,RECHAZADO (Riesgo Salud/Financiero)
Francisco Zorro Rojo,117114X,558965,RECHAZADO (Riesgo Salud/Financiero)
Sacha Nutria Gigante,845035X,804938,APROBADO
Sacha Condor Noble,840816X,419854,RECHAZADO (Riesgo Salud/Financiero)
Maria Nutria Veloz,333675X,100853,APROBADO
Matias Ballena Veloz,759972X,75905,APROBADO
Juan Puma Rojo,829042X,815698,RECHAZADO (Riesgo Salud/Financiero)
Coty Nutria Rojo,921604X,34300,APROBADO
Sacha Condor Salvage,950545X,343279,APROBADO
Sacha Condor Salvage,303945X,418100,APROBADO
Maria Gato Sigiloso,54735X,327648,APROBADO
Lucho Leon Sigiloso,377390X,574116,APROBADO
Sacha Zorro Noble,188647X,280597,APROBADO
Sacha Perro Austral,916904X,50062,APROBADO
Coty Condor Noble,747636X,211630,APROBADO
Coty Nutria Rojo,202041X,307825,RECHAZADO (Riesgo Salud/Financiero)
Pancha Perro Austral,663979X,868019,APROBADO
Coty Zorro Salvage,497512X,247465,APROBADO
Coty Perro Gigante,453406X,634354,APROBADO
Francisco Puma Noble,394265X,341764,APROBADO
Matias Leon Noble,771796X,267066,APROBADO
Francisco Nutria Veloz,813369X,510696,APROBADO
Matias Gato Noble,695338X,656511,RECHAZADO (Riesgo Salud/Financiero)
Pancha Perro Sigiloso,826545X,420994,RECHAZADO (Riesgo Salud/Financiero)
Pancha Leon Austral,149469X,719214,APROBADO
Matias Perro Sigiloso,562803X,679652,APROBADO
Lucho Ballena Austral,998908X,619528,APROBADO
Lucho Zorro Gigante,101840X,31534,APROBADO
Juan Zorro Gigante,436260X,740265,APROBADO
Matias Puma Sigiloso,682025X,858922,APROBADO
Francisco Huemul Salvage,694445X,315692,APROBADO
Sacha Ballena Veloz,264961X,682060,APROBADO
Pepe Perro Sigiloso,505426X,497001,APROBADO
Lucho Zorro Austral,381609X,780775,APROBADO
Coty Gato Noble,386111X,358327,APROBADO
Francisco Leon Gigante,447955X,522981,RECHAZADO (Riesgo Salud/Financiero)
Pepe Huemul Veloz,525665X,417921,APROBADO
Maria Condor Sigiloso,689193X,474343,APROBADO
Maria Gato Veloz,715060X,771023,APROBADO
Coty Zorro Gigante,51080X,424741,APROBADO
Maria Condor Austral,889156X,660385,APROBADO
Lucho Zorro Veloz,295617X,292860,APROBADO
Francisco Nutria Noble,968662X,216068,APROBADO
Coty Leon Noble,194042X,552854,APROBADO
Pepe Huemul Audaz,801105X,110473,APROBADO
Juan Leon Rojo,557734X,163494,RECHAZADO (Riesgo Salud/Financiero)
Lucho Condor Audaz,979669X,704046,APROBADO
Sacha Leon Salvage,161354X,710586,APROBADO
Lucho Puma Salvage,330854X,275569,APROBADO
Juan Zorro Salvage,131284X,690074,RECHAZADO (Riesgo Salud/Financiero)
Lucho Puma Sigiloso,736652X,550989,APROBADO
Matias Leon Noble,618230X,339356,APROBADO
Sacha Ballena Austral,327493X,741888,APROBADO
Lucho Leon Austral,401015X,620880,APROBADO
Pepe Leon Veloz,439370X,629360,APROBADO
Pancha Huemul Noble,363328X,741931,APROBADO
Lucho Ballena Noble,350421X,402689,APROBADO
Francisco Puma Salvage,843817X,736909,RECHAZADO (Riesgo Salud/Financiero)
Maria Leon Veloz,813413X,859764,APROBADO
Maria Puma Gigante,635591X,256594,APROBADO
Juan Leon Audaz,737342X,615135,APROBADO
Lucho Condor Sigiloso,577622X,593655,RECHAZADO (Riesgo Salud/Financiero)
Coty Puma Austral,816121X,183118,APROBADO
Maria Ballena Rojo,823690X,418995,RECHAZADO (Riesgo Salud/Financiero)
Maria Ballena Gigante,510407X,495446,APROBADO
Matias Huemul Rojo,599345X,503865,APROBADO
Maria Ballena Audaz,923028X,851173,RECHAZADO (Riesgo Salud/Financiero)
Matias Ballena Rojo,587636X,710375,APROBADO
Coty Ballena Gigante,564087X,301489,APROBADO
Maria Condor Noble,111262X,681181,APROBADO
Sacha Ballena Noble,597122X,376825,APROBADO
Matias Puma Austral,84719X,72300,APROBADO
Lucho Perro Noble,839189X,357182,APROBADO
Sacha Zorro Veloz,231627X,146396,RECHAZADO (Riesgo Salud/Financiero)
Juan Perro Salvage,784677X,271010,APROBADO
Lucho Gato Austral,25036X,377719,APROBADO
Pancha Huemul Gigante,247801X,187228,APROBADO
Pancha Condor Audaz,442841X,186416,APROBADO
Sacha Puma Gigante,231076X,880773,APROBADO
Matias Huemul Sigiloso,405276X,522597,APROBADO
Sacha Ballena Veloz,428185X,589685,APROBADO
Matias Perro Gigante,102095X,640181,APROBADO
Matias Ballena Austral,83116X,344145,APROBADO
Coty Condor Audaz,94878X,394513,APROBADO
Francisco Condor Noble,13282X,707462,APROBADO
Pancha Ballena Gigante,355173X,482863,APROBADO
Maria Perro Sigiloso,457248X,579097,APROBADO
Francisco Zorro Sigiloso,363821X,838930,APROBADO
Lucho Gato Rojo,437814X,40425,RECHAZADO (Riesgo Salud/Financiero)
Sacha Zorro Sigiloso,419965X,778447,APROBADO
Juan Puma Rojo,89340X,444844,APROBADO
Coty Condor Gigante,126627X,250187,APROBADO
Coty Leon Rojo,8622X,396217,RECHAZADO (Riesgo Salud/Financiero)
Matias Gato Veloz,728270X,122858,APROBADO
Maria Nutria Rojo,774180X,127713,APROBADO
Pepe Leon Audaz,152375X,21882,APROBADO
Lucho Puma Gigante,308194X,502977,APROBADO
Coty Ballena Veloz,394792X,92723,APROBADO
Coty Nutria Noble,885053X,855765,APROBADO
Pepe Nutria Veloz,296871X,140299,APROBADO
Sacha Condor Noble,572858X,773019,APROBADO
Maria Zorro Rojo,504970X,170815,APROBADO
Francisco Gato Veloz,898076X,379305,APROBADO
Pepe Zorro Salvage,799659X,547516,APROBADO
Lucho Leon Rojo,39479X,344844,APROBADO
Pancha Leon Audaz,194140X,33384,APROBADO
Juan Ballena Veloz,164130X,579378,APROBADO
Pancha Gato Gigante,796183X,61729,APROBADO
Pancha Puma Veloz,505651X,386313,APROBADO
Pepe Huemul Gigante,150628X,896464,RECHAZADO (Riesgo Salud/Financiero)
Francisco Ballena Audaz,953741X,503578,APROBADO
Lucho Huemul Audaz,207278X,818968,RECHAZADO (Riesgo Salud/Financiero)
Lucho Leon Gigante,437487X,678387,APROBADO
Pancha Puma Sigiloso,71159X,820986,APROBADO
Matias Zorro Noble,472394X,888755,APROBADO
Pancha Leon Rojo,816617X,581707,APROBADO
Sacha Perro Audaz,985244X,791726,APROBADO
Pancha Zorro Salvage,647910X,360792,RECHAZADO (Riesgo Salud/Financiero)
Pepe Ballena Gigante,730459X,76273,APROBADO
Matias Leon Rojo,274550X,577059,APROBADO
Francisco Zorro Rojo,507420X,722546,APROBADO
Pepe Gato Austral,706158X,325119,APROBADO
Coty Leon Austral,624082X,829421,APROBADO
Sacha Condor Audaz,829996X,647497,APROBADO
Pepe Leon Rojo,654299X,517492,APROBADO
Juan Ballena Noble,84632X,569981,APROBADO
Francisco Condor Sigiloso,810268X,735472,APROBADO
Coty Zorro Audaz,852395X,45778,APROBADO
Maria Zorro Gigante,753591X,854837,APROBADO
Pepe Condor Salvage,614728X,167501,APROBADO
Maria Huemul Sigiloso,454303X,197395,APROBADO
Pepe Perro Audaz,966419X,271005,APROBADO
Juan Leon Noble,343357X,216836,RECHAZADO (Riesgo Salud/Financiero)
Sacha Condor Audaz,424885X,680366,APROBADO
Pancha Ballena Austral,711529X,780419,APROBADO
Francisco Nutria Sigiloso,311020X,141045,APROBADO
Matias Huemul Salvage,903425X,369777,APROBADO
Coty Condor Sigiloso,715830X,105695,RECHAZADO (Riesgo Salud/Financiero)
Pepe Condor Noble,267629X,286430,APROBADO
Coty Zorro Sigiloso,488777X,899058,RECHAZADO (Riesgo Salud/Financiero)
Pepe Zorro Noble,962491X,760812,APROBADO
Francisco Puma Rojo,902878X,232514,RECHAZADO (Riesgo Salud/Financiero)
Coty Ballena Rojo,225287X,32930,RECHAZADO (Riesgo Salud/Financiero)
Sacha Perro Austral,352559X,765425,RECHAZADO (Riesgo Salud/Financiero)
Pepe Puma Austral,987230X,16213,RECHAZADO (Riesgo Salud/Financiero)
Juan Condor Audaz,475185X,230734,APROBADO
Pepe Zorro Noble,664576X,337205,APROBADO
Pepe Huemul Salvage,221101X,509855,RECHAZADO (Riesgo Salud/Financiero)
Lucho Zorro Gigante,868938X,275640,APROBADO
Juan Gato Noble,243048X,416803,APROBADO
Pancha Nutria Noble,405418X,315329,APROBADO
Matias Puma Sigiloso,523911X,191363,APROBADO
Juan Perro Sigiloso,948942X,801267,APROBADO
Lucho Gato Veloz,416009X,509571,RECHAZADO (Riesgo Salud/Financiero)
Matias Zorro Sigiloso,703173X,113728,APROBADO
Maria Perro Veloz,139443X,155372,APROBADO
Juan Zorro Gigante,33075X,758789,APROBADO
Sacha Condor Salvage,945259X,527933,APROBADO
Pancha Leon Sigiloso,361372X,321172,APROBADO
Sacha Leon Austral,528672X,73360,APROBADO
Francisco Huemul Noble,325845X,684187,APROBADO
Coty Huemul Sigiloso,794153X,302795,APROBADO
Francisco Gato Sigiloso,140312X,720054,RECHAZADO (Riesgo Salud/Financiero)
Matias Nutria Noble,399664X,573549,APROBADO
Pepe Nutria Veloz,658170X,159576,APROBADO
Juan Gato Austral,168620X,265942,APROBADO
Pancha Perro Austral,711003X,456959,APROBADO
Sacha Huemul Veloz,977549X,467378,APROBADO
Pepe Zorro Sigiloso,228115X,74577,APROBADO
Pepe Zorro Salvage,941586X,16373,APROBADO
Pepe Perro Noble,2074X,878971,APROBADO
Coty Huemul Veloz,492914X,430163,APROBADO
Lucho Puma Rojo,122688X,694878,APROBADO
Pancha Gato Austral,202380X,707773,APROBADO
Lucho Huemul Gigante,679438X,159104,APROBADO
Lucho Ballena Salvage,492689X,670143,APROBADO
Francisco Gato Austral,854935X,234983,RECHAZADO (Riesgo Salud/Financiero)
Juan Leon Gigante,114869X,464381,APROBADO
Pepe Zorro Austral,552818X,855198,APROBADO
Maria Huemul Noble,521099X,664349,RECHAZADO (Riesgo Salud/Financiero)
Maria Perro Salvage,791122X,183243,RECHAZADO (Riesgo Salud/Financiero)
Pepe Puma Salvage,757694X,537571,APROBADO
Lucho Gato Sigiloso,609821X,77042,APROBADO
Juan Puma Salvage,148656X,518372,RECHAZADO (Riesgo Salud/Financiero)
Maria Huemul Austral,575163X,854174,APROBADO
Pancha Nutria Gigante,86377X,282527,RECHAZADO (Riesgo Salud/Financiero)
Coty Perro Veloz,607221X,697023,APROBADO
Pepe Nutria Sigiloso,32253X,93175,APROBADO
Matias Huemul Rojo,438083X,608508,APROBADO
Pepe Gato Rojo,252768X,270376,APROBADO
Juan Condor Austral,294982X,477251,APROBADO
Francisco Nutria Gigante,421542X,329750,APROBADO
Francisco Huemul Gigante,886038X,395943,APROBADO
Lucho Leon Gigante,63879X,394607,APROBADO
Maria Perro Rojo,605564X,233104,APROBADO
Pancha Nutria Veloz,400461X,398288,APROBADO
Coty Ballena Gigante,469430X,446480,RECHAZADO (Riesgo Salud/Financiero)
Francisco Nutria Salvage,663142X,773743,RECHAZADO (Riesgo Salud/Financiero)
Matias Huemul Noble,539905X,296868,RECHAZADO (Riesgo Salud/Financiero)
Coty Perro Audaz,158058X,838502,APROBADO
Matias Ballena Noble,815965X,360400,APROBADO
Matias Nutria Sigiloso,156701X,659084,APROBADO
Pepe Gato Audaz,92131X,747469,APROBADO
Sacha Leon Audaz,366604X,551318,APROBADO
Juan Leon Veloz,659071X,286327,RECHAZADO (Riesgo Salud/Financiero)
Coty Gato Noble,84193X,492224,APROBADO
Sacha Gato Gigante,952965X,176653,APROBADO
Juan Gato Rojo,949460X,529111,APROBADO
Juan Condor Noble,531663X,408217,APROBADO
Pepe Leon Salvage,87189X,81031,APROBADO
Sacha Leon Gigante,250396X,422508,APROBADO
Maria Zorro Veloz,995323X,699516,RECHAZADO (Riesgo Salud/Financiero)
Coty Ballena Sigiloso,319270X,759795,APROBADO
Sacha Zorro Austral,687388X,659629,APROBADO
Francisco Zorro Audaz,687497X,314559,APROBADO
Lucho Leon Salvage,430771X,457376,APROBADO
Sacha Gato Audaz,463963X,714715,APROBADO
Matias Ballena Audaz,35806X,238179,RECHAZADO (Riesgo Salud/Financiero)
Francisco Nutria Veloz,24670X,566400,APROBADO
Juan Nutria Rojo,806579X,830290,APROBADO
Pepe Condor Rojo,359883X,36603,APROBADO
Coty Perro Salvage,891058X,733441,APROBADO
Coty Ballena Rojo,46585X,551155,APROBADO
Pancha Leon Rojo,714189X,558527,APROBADO
Matias Nutria Veloz,961976X,329795,APROBADO
Coty Gato Noble,106449X,344520,APROBADO
Pepe Zorro Audaz,199880X,640362,APROBADO
Pepe Nutria Noble,262912X,63138,APROBADO
Lucho Puma Rojo,355793X,851838,APROBADO
Sacha Ballena Rojo,571194X,626224,APROBADO
Pancha Zorro Sigiloso,83520X,850521,APROBADO
Juan Nutria Sigiloso,915918X,293037,APROBADO
Maria Condor Austral,774308X,509754,APROBADO
Pancha Ballena Salvage,643306X,411208,APROBADO
Coty Nutria Veloz,7832X,53576,RECHAZADO (Riesgo Salud/Financiero)
Maria Gato Austral,78327X,462050,APROBADO
Maria Nutria Noble,982983X,86498,APROBADO
Matias Nutria Sigiloso,596759X,550396,APROBADO
Pepe Gato Rojo,420876X,347320,APROBADO
Lucho Huemul Veloz,649196X,487794,APROBADO
Matias Leon Gigante,575204X,873548,APROBADO
Pancha Perro Rojo,800925X,371156,APROBADO
Pepe Puma Austral,289166X,45338,APROBADO
Pancha Nutria Noble,57925X,898888,RECHAZADO (Riesgo Salud/Financiero)
Pancha Zorro Rojo,913459X,825119,RECHAZADO (Riesgo Salud/Financiero)
Coty Condor Salvage,728046X,692430,RECHAZADO (Riesgo Salud/Financiero)
Pepe Leon Gigante,358968X,256470,APROBADO
Pepe Perro Austral,743367X,180324,APROBADO
Sacha Zorro Sigiloso,874944X,810070,APROBADO
Sacha Puma Rojo,203355X,54652,APROBADO
Matias Puma Rojo,18801X,285029,APROBADO
Francisco Gato Sigiloso,589448X,671980,APROBADO
Maria Leon Rojo,632611X,768657,APROBADO
Francisco Puma Veloz,464426X,16233,RECHAZADO (Riesgo Salud/Financiero)
Pancha Huemul Rojo,127859X,62911,APROBADO
Coty Condor Rojo,900275X,38713,APROBADO
Sacha Puma Audaz,118761X,391470,RECHAZADO (Riesgo Salud/Financiero)
Pepe Ballena Audaz,517879X,465463,APROBADO
Coty Leon Audaz,662484X,40209,APROBADO
Maria Huemul Noble,687133X,477859,APROBADO
Pancha Huemul Gigante,444076X,224099,APROBADO
Pepe Ballena Gigante,158442X,297977,APROBADO
Pancha Huemul Audaz,791778X,380105,APROBADO
Matias Puma Veloz,412546X,762839,APROBADO
Matias Gato Gigante,352822X,329538,RECHAZADO (Riesgo Salud/Financiero)
Pepe Perro Rojo,308519X,738297,APROBADO
Sacha Puma Noble,720499X,896490,APROBADO
Pancha Zorro Austral,136820X,102699,APROBADO
Francisco Perro Veloz,322218X,288456,RECHAZADO (Riesgo Salud/Financiero)
Matias Puma Rojo,417507X,350141,APROBADO
Sacha Condor Noble,98850X,526914,APROBADO
Matias Nutria Salvage,94032X,630966,APROBADO
Juan Ballena Sigiloso,290912X,871574,RECHAZADO (Riesgo Salud/Financiero)
Pancha Huemul Audaz,793836X,337938,APROBADO
Pepe Perro Austral,641320X,361315,APROBADO
Lucho Puma Audaz,259846X,449500,APROBADO
Sacha Condor Sigiloso,278620X,669120,APROBADO
Pepe Zorro Veloz,526481X,594869,APROBADO
Francisco Zorro Sigiloso,55226X,746104,APROBADO
Pancha Puma Veloz,807443X,351325,APROBADO
Coty Ballena Rojo,284709X,828267,APROBADO
Pancha Leon Salvage,584236X,329982,APROBADO
Coty Ballena Rojo,362048X,438635,APROBADO
Lucho Condor Noble,143628X,304002,APROBADO
Matias Leon Noble,564587X,442728,APROBADO
Matias Puma Veloz,521371X,139710,APROBADO
Pancha Huemul Audaz,578142X,505251,APROBADO
Matias Zorro Gigante,140554X,47339,APROBADO
Maria Ballena Noble,564347X,319260,APROBADO
Francisco Zorro Noble,318311X,161286,APROBADO
Francisco Puma Veloz,379749X,690022,APROBADO
Lucho Condor Audaz,842013X,646451,APROBADO
Pancha Puma Audaz,784230X,873268,APROBADO
Juan Perro Salvage,203049X,230688,APROBADO
Sacha Zorro Sigiloso,149260X,338581,APROBADO
Pepe Gato Rojo,745125X,124708,APROBADO
Pancha Gato Audaz,487642X,20334,APROBADO
Matias Condor Salvage,403226X,392287,APROBADO
Sacha Ballena Salvage,972543X,461225,RECHAZADO (Riesgo Salud/Financiero)
Matias Gato Noble,180340X,20870,RECHAZADO (Riesgo Salud/Financiero)
Matias Huemul Sigiloso,328207X,673043,APROBADO
Coty Gato Audaz,231765X,782002,APROBADO
Coty Huemul Sigiloso,246970X,785908,APROBADO
Matias Condor Sigiloso,419337X,482078,APROBADO
Maria Zorro Rojo,919461X,296968,APROBADO
Coty Leon Austral,325257X,702450,APROBADO
Pancha Nutria Rojo,680125X,406021,RECHAZADO (Riesgo Salud/Financiero)
Lucho Nutria Noble,887383X,326211,APROBADO
Pepe Leon Rojo,481734X,368137,RECHAZADO (Riesgo Salud/Financiero)
Pancha Leon Veloz,351949X,460193,RECHAZADO (Riesgo Salud/Financiero)
Pancha Leon Gigante,204521X,290960,APROBADO
Pepe Condor Salvage,950670X,211837,APROBADO
Francisco Huemul Audaz,267464X,283121,RECHAZADO (Riesgo Salud/Financiero)
Pepe Huemul Audaz,187568X,616046,RECHAZADO (Riesgo Salud/Financiero)
Sacha Huemul Austral,549680X,227092,APROBADO
Juan Ballena Austral,663790X,189166,APROBADO
Pepe Ballena Sigiloso,621050X,627596,RECHAZADO (Riesgo Salud/Financiero)
Francisco Condor Rojo,793264X,394705,APROBADO
Pancha Leon Austral,427313X,664310,APROBADO
Coty Gato Noble,58320X,308311,APROBADO
Pancha Leon Rojo,933813X,829494,APROBADO
Pancha Condor Gigante,946231X,896941,APROBADO
Lucho Condor Audaz,747333X,130940,RECHAZADO (Riesgo Salud/Financiero)
Lucho Zorro Sigiloso,661515X,485387,RECHAZADO (Riesgo Salud/Financiero)
Matias Zorro Rojo,883562X,387304,APROBADO
Pepe Perro Veloz,780375X,676929,APROBADO
Juan Nutria Salvage,457221X,304058,APROBADO
Matias Condor Rojo,475994X,363839,APROBADO
Coty Ballena Austral,294752X,260477,APROBADO
Maria Gato Rojo,312350X,307045,APROBADO
Maria Zorro Salvage,907744X,737928,APROBADO
Pepe Puma Austral,53688X,645798,APROBADO
Sacha Leon Noble,576050X,615641,APROBADO
Maria Gato Veloz,622184X,619843,APROBADO
Matias Leon Veloz,324929X,23031,APROBADO
Francisco Huemul Rojo,681977X,377391,APROBADO
Juan Perro Salvage,50233X,613156,APROBADO
Lucho Leon Audaz,902115X,274097,APROBADO
Coty Gato Rojo,760987X,497455,APROBADO
Francisco Zorro Austral,683755X,23502,APROBADO
Pepe Perro Salvage,367963X,153626,APROBADO
Pepe Condor Noble,691425X,320766,APROBADO
Juan Gato Audaz,283910X,769669,APROBADO
Francisco Perro Austral,753579X,292268,RECHAZADO (Riesgo Salud/Financiero)
Francisco Perro Sigiloso,154005X,725827,APROBADO
Coty Huemul Salvage,973851X,368617,RECHAZADO (Riesgo Salud/Financiero)
Coty Condor Audaz,837712X,30831,APROBADO
Matias Huemul Austral,246844X,548419,APROBADO
Juan Leon Gigante,891120X,573562,APROBADO
Maria Gato Sigiloso,623331X,710263,APROBADO
Coty Gato Noble,832668X,229352,APROBADO
Lucho Ballena Gigante,839539X,595512,APROBADO
Pancha Condor Veloz,534434X,654038,APROBADO
Juan Zorro Rojo,555683X,592074,APROBADO
Coty Condor Noble,528841X,457410,APROBADO
Matias Gato Salvage,102857X,848703,APROBADO
Sacha Zorro Austral,79532X,303857,APROBADO
Maria Zorro Rojo,887212X,731187,APROBADO
Matias Nutria Austral,393902X,658045,RECHAZADO (Riesgo Salud/Financiero)
Maria Leon Rojo,982918X,122568,RECHAZADO (Riesgo Salud/Financiero)
Pepe Leon Gigante,857774X,630219,APROBADO
Lucho Nutria Rojo,985638X,140296,RECHAZADO (Riesgo Salud/Financiero)
Maria Zorro Noble,85726X,521572,APROBADO
Juan Puma Sigiloso,403772X,57264,APROBADO
Matias Gato Noble,221233X,573507,APROBADO
Sacha Perro Veloz,758226X,39327,RECHAZADO (Riesgo Salud/Financiero)
Juan Gato Rojo,827342X,683621,RECHAZADO (Riesgo Salud/Financiero)
Pancha Huemul Audaz,178504X,41556,RECHAZADO (Riesgo Salud/Financiero)
Matias Ballena Sigiloso,697497X,411092,APROBADO
Juan Puma Noble,426558X,257345,RECHAZADO (Riesgo Salud/Financiero)
Pancha Huemul Noble,442922X,875067,RECHAZADO (Riesgo Salud/Financiero)
Lucho Puma Sigiloso,617127X,575005,APROBADO
Francisco Gato Austral,935630X,552406,APROBADO
Coty Puma Sigiloso,617461X,418195,APROBADO
Coty Zorro Sigiloso,633982X,512202,APROBADO
Juan Condor Austral,418301X,816889,APROBADO
Matias Leon Rojo,81433X,18419,APROBADO
Lucho Nutria Noble,617184X,398699,RECHAZADO (Riesgo Salud/Financiero)
Sacha Perro Sigiloso,671915X,247393,APROBADO
Pancha Huemul Salvage,11073X,199354,APROBADO
Francisco Nutria Veloz,617034X,78092,APROBADO
Pepe Nutria Sigiloso,239873X,132820,APROBADO
Sacha Leon Noble,984350X,656020,APROBADO
Pancha Leon Audaz,936133X,762085,APROBADO
Francisco Perro Audaz,696562X,690757,APROBADO
Francisco Condor Veloz,765890X,574417,APROBADO
Juan Perro Rojo,593034X,182530,RECHAZADO (Riesgo Salud/Financiero)
Sacha Ballena Audaz,433398X,408258,APROBADO
Francisco Puma Noble,421622X,376181,RECHAZADO (Riesgo Salud/Financiero)
Pancha Puma Salvage,880777X,469276,RECHAZADO (Riesgo Salud/Financiero)
Pepe Puma Salvage,679636X,351052,RECHAZADO (Riesgo Salud/Financiero)
Lucho Nutria Noble,253875X,281385,APROBADO
Juan Nutria Rojo,729557X,306368,RECHAZADO (Riesgo Salud/Financiero)
Juan Ballena Sigiloso,957698X,828490,APROBADO
Sacha Zorro Austral,271721X,533332,APROBADO
Francisco Ballena Noble,553392X,116556,APROBADO
Lucho Zorro Rojo,185232X,783344,APROBADO
Juan Condor Austral,81451X,399376,APROBADO
Coty Perro Salvage,185417X,619489,RECHAZADO (Riesgo Salud/Financiero)
Coty Ballena Veloz,51840X,798192,APROBADO
Coty Zorro Veloz,944204X,796274,RECHAZADO (Riesgo Salud/Financiero)
Lucho Condor Veloz,409030X,790967,RECHAZADO (Riesgo Salud/Financiero)
Lucho Huemul Rojo,322670X,633550,APROBADO
Matias Perro Salvage,76983X,677111,RECHAZADO (Riesgo Salud/Financiero)
Juan Condor Rojo,260899X,651688,RECHAZADO (Riesgo Salud/Financiero)
Sacha Ballena Sigiloso,637548X,527401,APROBADO
Pepe Leon Audaz,66019X,724672,APROBADO
Pepe Condor Noble,152194X,258475,APROBADO
Sacha Ballena Austral,622504X,396932,APROBADO
Lucho Zorro Salvage,11269X,418540,APROBADO
Maria Nutria Rojo,594543X,348320,APROBADO
Matias Condor Audaz,938128X,126831,APROBADO
Francisco Nutria Salvage,804014X,241012,APROBADO
Pancha Nutria Salvage,184583X,356098,APROBADO
Pancha Ballena Austral,199133X,292476,APROBADO
Francisco Ballena Veloz,202548X,752605,RECHAZADO (Riesgo Salud/Financiero)
Coty Leon Salvage,256968X,153113,APROBADO
Juan Zorro Veloz,619547X,264031,RECHAZADO (Riesgo Salud/Financiero)
Coty Nutria Veloz,77104X,765468,APROBADO
Pancha Condor Salvage,294740X,436371,APROBADO
Lucho Gato Austral,81753X,464665,APROBADO
Maria Gato Veloz,48158X,373176,APROBADO
Pancha Puma Gigante,572387X,562780,APROBADO
Matias Nutria Audaz,311132X,591904,APROBADO
Coty Nutria Salvage,750547X,284142,APROBADO
Pancha Perro Gigante,237779X,201750,APROBADO
Pancha Leon Sigiloso,536900X,721127,APROBADO
Coty Ballena Rojo,567479X,751496,RECHAZADO (Riesgo Salud/Financiero)
Sacha Perro Salvage,187001X,316644,APROBADO
Pancha Nutria Gigante,587878X,122224,APROBADO
Pepe Nutria Salvage,9555X,824863,APROBADO
Francisco Puma Salvage,112119X,691149,APROBADO
Sacha Puma Salvage,107312X,190484,APROBADO
Francisco Ballena Sigiloso,505337X,289538,APROBADO
Juan Gato Gigante,263429X,323849,APROBADO
Francisco Huemul Gigante,418197X,216864,APROBADO
Pepe Condor Sigiloso,805729X,232817,APROBADO
Maria Leon Salvage,155020X,243936,RECHAZADO (Riesgo Salud/Financiero)
Coty Gato Salvage,802606X,541924,RECHAZADO (Riesgo Salud/Financiero)
Coty Zorro Audaz,547912X,79748,RECHAZADO (Riesgo Salud/Financiero)
Matias Puma Gigante,67123X,781733,APROBADO
Coty Leon Salvage,268770X,864101,APROBADO
Pepe Nutria Austral,575400X,586523,APROBADO
Pancha Perro Audaz,192598X,859363,APROBADO
Pancha Ballena Rojo,931969X,788562,APROBADO
Lucho Condor Rojo,95480X,40711,APROBADO
Matias Gato Veloz,80690X,659928,APROBADO
Sacha Huemul Sigiloso,907539X,113684,APROBADO
Pepe Nutria Sigiloso,530335X,62787,APROBADO
Pancha Huemul Rojo,339027X,594809,APROBADO
Matias Puma Gigante,471010X,603024,RECHAZADO (Riesgo Salud/Financiero)
Francisco Condor Audaz,554697X,225401,APROBADO
Pepe Condor Rojo,141438X,691838,APROBADO
Maria Perro Salvage,855126X,523691,APROBADO
Maria Puma Salvage,689969X,543791,APROBADO
Juan Huemul Noble,253764X,547500,RECHAZADO (Riesgo Salud/Financiero)
Juan Ballena Noble,284682X,575007,APROBADO
Pancha Leon Austral,718513X,184949,APROBADO
Maria Zorro Austral,441219X,840220,APROBADO
Matias Nutria Sigiloso,497633X,712755,APROBADO
Juan Huemul Noble,873911X,844066,APROBADO
Juan Ballena Sigiloso,573903X,848693,APROBADO
Francisco Puma Audaz,747934X,544163,APROBADO
Pancha Nutria Sigiloso,757843X,772797,RECHAZADO (Riesgo Salud/Financiero)
Juan Huemul Noble,843592X,652235,APROBADO
Pancha Leon Rojo,834947X,818959,RECHAZADO (Riesgo Salud/Financiero)
Lucho Puma Sigiloso,44861X,855975,APROBADO
Francisco Perro Veloz,692678X,54113,APROBADO
Coty Leon Rojo,158848X,55399,APROBADO
Matias Gato Austral,11035X,286228,APROBADO
Pepe Puma Austral,534121X,638059,APROBADO
Matias Perro Austral,311579X,430086,APROBADO
Coty Puma Sigiloso,819123X,712743,RECHAZADO (Riesgo Salud/Financiero)
Juan Leon Noble,464396X,686177,APROBADO
Pepe Puma Gigante,698616X,782014,APROBADO
Lucho Gato Sigiloso,571961X,247148,APROBADO
Sacha Gato Salvage,423258X,606557,RECHAZADO (Riesgo Salud/Financiero)
Pepe Huemul Gigante,262736X,572486,RECHAZADO (Riesgo Salud/Financiero)
Lucho Huemul Gigante,24316X,299187,APROBADO
Lucho Zorro Noble,581127X,323168,RECHAZADO (Riesgo Salud/Financiero)
Pepe Condor Noble,340050X,365420,APROBADO
Coty Huemul Salvage,682846X,177553,APROBADO
Maria Puma Noble,88389X,115272,APROBADO
Pepe Condor Veloz,25859X,190391,RECHAZADO (Riesgo Salud/Financiero)
Juan Leon Sigiloso,987260X,830836,APROBADO
Pepe Gato Sigiloso,634214X,480555,APROBADO
Sacha Perro Gigante,750869X,183049,APROBADO
Francisco Zorro Rojo,294747X,659172,APROBADO
Pancha Puma Gigante,21363X,448181,APROBADO
Sacha Huemul Salvage,739648X,53124,RECHAZADO (Riesgo Salud/Financiero)
Maria Puma Rojo,549972X,110894,APROBADO
Coty Gato Salvage,965995X,828009,APROBADO
Coty Puma Audaz,454673X,66158,APROBADO
Matias Ballena Austral,419863X,409834,APROBADO
Juan Zorro Noble,43757X,703500,APROBADO
Sacha Perro Rojo,335065X,654241,APROBADO
Pancha Zorro Noble,491622X,116850,APROBADO
Pancha Puma Austral,151181X,161461,APROBADO
Pepe Zorro Gigante,395509X,697463,APROBADO
Maria Perro Austral,465118X,536899,APROBADO
Lucho Zorro Noble,427918X,251969,RECHAZADO (Riesgo Salud/Financiero)
Coty Nutria Sigiloso,851874X,88963,RECHAZADO (Riesgo Salud/Financiero)
Maria Nutria Rojo,237096X,314370,APROBADO
Maria Ballena Gigante,461929X,550662,APROBADO
Pancha Huemul Rojo,662119X,338277,APROBADO
Maria Gato Gigante,532044X,824139,APROBADO
Maria Zorro Sigiloso,603690X,254859,APROBADO
Coty Gato Austral,617885X,581482,APROBADO
Lucho Nutria Noble,955545X,55721,APROBADO
Francisco Nutria Salvage,401631X,206267,APROBADO
Sacha Zorro Salvage,262092X,516081,APROBADO
Lucho Condor Veloz,213978X,589371,APROBADO
Coty Zorro Salvage,433703X,829729,RECHAZADO (Riesgo Salud/Financiero)
Francisco Ballena Sigiloso,335011X,661611,APROBADO
Francisco Huemul Noble,819411X,335792,APROBADO
Sacha Ballena Noble,47293X,563729,APROBADO
Pepe Condor Gigante,700808X,888825,APROBADO
Francisco Huemul Salvage,96738X,72559,APROBADO
Matias Ballena Gigante,300547X,80502,APROBADO
Pepe Zorro Veloz,465386X,346866,APROBADO
Matias Nutria Salvage,340697X,735951,APROBADO
Maria Zorro Audaz,891043X,754027,APROBADO
Francisco Zorro Audaz,930720X,34536,APROBADO
Matias Nutria Veloz,601873X,878163,APROBADO
Juan Nutria Sigiloso,377089X,718433,APROBADO
Lucho Gato Veloz,335346X,330714,RECHAZADO (Riesgo Salud/Financiero)
Sacha Puma Salvage,996625X,298528,APROBADO
Francisco Ballena Rojo,583037X,147498,APROBADO
Sacha Huemul Rojo,822007X,729303,RECHAZADO (Riesgo Salud/Financiero)
Coty Puma Austral,33524X,418588,APROBADO
Coty Ballena Salvage,828665X,797208,RECHAZADO (Riesgo Salud/Financiero)
Pancha Perro Gigante,343757X,115896,APROBADO
Pepe Huemul Gigante,355165X,279537,RECHAZADO (Riesgo Salud/Financiero)
Francisco Ballena Rojo,485339X,305111,APROBADO
Coty Perro Veloz,401303X,672053,RECHAZADO (Riesgo Salud/Financiero)
Pepe Condor Austral,377557X,816249,APROBADO
Sacha Nutria Salvage,802672X,42651,RECHAZADO (Riesgo Salud/Financiero)
Francisco Puma Austral,517610X,39255,APROBADO
Pepe Condor Veloz,746565X,605106,RECHAZADO (Riesgo Salud/Financiero)
Sacha Zorro Salvage,59578X,811329,APROBADO
Coty Leon Sigiloso,162331X,380061,APROBADO
Pepe Gato Austral,333296X,329734,RECHAZADO (Riesgo Salud/Financiero)
Sacha Ballena Gigante,831669X,734284,APROBADO
Coty Ballena Salvage,214658X,398536,APROBADO
Lucho Zorro Audaz,885200X,613012,APROBADO
Sacha Gato Gigante,982902X,366934,RECHAZADO (Riesgo Salud/Financiero)
Francisco Ballena Salvage,693303X,841964,APROBADO
Pepe Condor Rojo,147022X,259480,APROBADO
Maria Condor Veloz,641947X,90228,APROBADO
Coty Zorro Gigante,119499X,54615,APROBADO
Francisco Condor Audaz,924434X,843078,APROBADO
Maria Gato Salvage,720689X,566139,APROBADO
Francisco Huemul Sigiloso,52665X,649254,APROBADO
Lucho Ballena Gigante,190968X,676794,APROBADO
Lucho Leon Austral,812116X,98738,APROBADO
Maria Ballena Veloz,586959X,94075,APROBADO
Pepe Condor Austral,490066X,823152,APROBADO
Lucho Huemul Rojo,431048X,36313,RECHAZADO (Riesgo Salud/Financiero)
Sacha Leon Salvage,805431X,435143,APROBADO
Matias Leon Audaz,551031X,840260,APROBADO
Francisco Ballena Gigante,205501X,498274,APROBADO
Sacha Huemul Audaz,447259X,616992,APROBADO
Pancha Perro Veloz,97460X,384022,APROBADO
Maria Zorro Gigante,170890X,804187,APROBADO
Coty Leon Rojo,959533X,394062,RECHAZADO (Riesgo Salud/Financiero)
Francisco Ballena Rojo,3893X,295453,APROBADO
Sacha Ballena Audaz,42938X,247803,APROBADO
Pepe Condor Gigante,159301X,407652,RECHAZADO (Riesgo Salud/Financiero)
Juan Huemul Salvage,437093X,235391,APROBADO
Sacha Zorro Veloz,567787X,278386,APROBADO
Pepe Condor Audaz,472373X,398183,APROBADO
Lucho Condor Salvage,134822X,286163,APROBADO
Sacha Zorro Gigante,985247X,650577,APROBADO
Pancha Perro Rojo,148220X,69825,APROBADO
Maria Perro Rojo,110051X,25289,RECHAZADO (Riesgo Salud/Financiero)
Coty Gato Gigante,176598X,269663,APROBADO
Pepe Zorro Veloz,447311X,83180,APROBADO
Coty Gato Audaz,722837X,256602,APROBADO
Pepe Gato Salvage,537268X,505656,APROBADO
Pepe Huemul Salvage,988687X,80402,APROBADO
Pancha Gato Veloz,690038X,332323,APROBADO
Juan Leon Audaz,470246X,276460,APROBADO
Francisco Nutria Sigiloso,254238X,331279,APROBADO
Francisco Nutria Gigante,195086X,235058,APROBADO
Matias Nutria Noble,518052X,359529,APROBADO
Sacha Gato Salvage,234819X,224542,APROBADO
Sacha Leon Veloz,550358X,501736,RECHAZADO (Riesgo Salud/Financiero)
Juan Huemul Rojo,228417X,807384,APROBADO
Pancha Nutria Gigante,830729X,854885,APROBADO
Lucho Gato Salvage,424578X,86744,APROBADO
Sacha Gato Noble,477444X,231799,APROBADO
Pepe Puma Sigiloso,646150X,315989,APROBADO
Juan Zorro Salvage,737799X,152528,APROBADO
Pancha Ballena Austral,596063X,67893,APROBADO
Maria Gato Noble,150079X,664217,APROBADO
Sacha Nutria Noble,108269X,534897,APROBADO
Juan Huemul Audaz,11414X,699875,APROBADO
Pancha Huemul Sigiloso,13993X,269056,APROBADO
Lucho Condor Gigante,41517X,310424,RECHAZADO (Riesgo Salud/Financiero)
Pancha Leon Audaz,844809X,175919,RECHAZADO (Riesgo Salud/Financiero)
Sacha Huemul Sigiloso,430175X,471017,APROBADO
Sacha Leon Audaz,381145X,764718,APROBADO
Sacha Puma Noble,724648X,472844,APROBADO
Coty Puma Salvage,975416X,880319,APROBADO
Pancha Puma Rojo,9773X,482881,APROBADO
Sacha Huemul Veloz,277919X,264303,APROBADO
Francisco Perro Sigiloso,143904X,301867,APROBADO
Francisco Gato Gigante,991168X,98736,APROBADO
Juan Leon Audaz,430129X,72474,APROBADO
Maria Leon Salvage,684201X,153964,APROBADO
Pancha Ballena Austral,325181X,396550,APROBADO
Matias Puma Sigiloso,134362X,643532,APROBADO
Sacha Leon Salvage,12018X,363322,APROBADO
Lucho Ballena Rojo,876529X,393196,APROBADO
Sacha Perro Veloz,651642X,457584,APROBADO
Pepe Gato Sigiloso,583058X,96014,APROBADO
Pepe Zorro Salvage,899416X,15620,APROBADO
Pepe Nutria Noble,284738X,831255,APROBADO
Pancha Perro Austral,821848X,643869,APROBADO
Juan Huemul Austral,473750X,47008,APROBADO
Pancha Ballena Veloz,737535X,794578,APROBADO
Coty Puma Rojo,165422X,755701,APROBADO
Matias Puma Noble,917444X,698938,RECHAZADO (Riesgo Salud/Financiero)
Pepe Gato Veloz,954307X,641792,APROBADO
Pancha Condor Veloz,555771X,300461,APROBADO
Sacha Gato Salvage,33690X,578584,APROBADO
Lucho Perro Rojo,223690X,72124,RECHAZADO (Riesgo Salud/Financiero)
Pancha Condor Sigiloso,777234X,753386,APROBADO
Sacha Gato Noble,335786X,155717,APROBADO
Pepe Perro Gigante,622095X,755661,APROBADO
Pancha Condor Gigante,281042X,215128,APROBADO
Francisco Zorro Sigiloso,881792X,799281,APROBADO
Juan Huemul Sigiloso,457290X,203339,APROBADO
Pancha Leon Salvage,716250X,796830,APROBADO
Pepe Perro Veloz,2157X,715985,APROBADO
Pancha Gato Rojo,56958X,304931,APROBADO
Pancha Zorro Audaz,758614X,378893,APROBADO
Juan Zorro Rojo,485512X,295242,APROBADO
Francisco Nutria Salvage,947155X,95884,RECHAZADO (Riesgo Salud/Financiero)
Pepe Huemul Rojo,216054X,56064,APROBADO
Sacha Gato Sigiloso,712478X,483520,APROBADO
Sacha Zorro Rojo,454181X,861532,APROBADO
Lucho Gato Gigante,477795X,842872,APROBADO
Juan Zorro Salvage,284623X,288562,APROBADO
Pancha Leon Salvage,303386X,867405,APROBADO
Matias Zorro Gigante,454954X,263953,APROBADO
Juan Perro Sigiloso,338787X,792281,RECHAZADO (Riesgo Salud/Financiero)
Pepe Gato Sigiloso,679133X,860997,APROBADO
Pepe Ballena Audaz,711930X,257132,APROBADO
Juan Huemul Rojo,758262X,254488,APROBADO
Matias Ballena Salvage,254505X,192071,APROBADO
Pancha Puma Sigiloso,531684X,224558,APROBADO
Pepe Ballena Noble,823085X,732655,APROBADO
Coty Nutria Veloz,935694X,777873,APROBADO
Lucho Condor Rojo,443664X,586888,APROBADO
Maria Nutria Sigiloso,718894X,791615,APROBADO
Maria Puma Sigiloso,365550X,562451,RECHAZADO (Riesgo Salud/Financiero)
Matias Leon Sigiloso,663038X,852687,APROBADO
Pancha Huemul Noble,700200X,225233,RECHAZADO (Riesgo Salud/Financiero)
Francisco Condor Salvage,589031X,578571,APROBADO
Coty Nutria Gigante,625230X,663376,APROBADO
Pepe Puma Gigante,816164X,177880,RECHAZADO (Riesgo Salud/Financiero)
Matias Puma Austral,365155X,586597,RECHAZADO (Riesgo Salud/Financiero)
Sacha Perro Gigante,404726X,813924,APROBADO
Lucho Condor Austral,545837X,85552,APROBADO
Lucho Huemul Noble,367669X,17616,RECHAZADO (Riesgo Salud/Financiero)
Pancha Condor Austral,248133X,281466,APROBADO
Maria Condor Rojo,61753X,723057,RECHAZADO (Riesgo Salud/Financiero)
Pepe Puma Gigante,331971X,768482,APROBADO
Juan Zorro Rojo,927081X,250168,RECHAZADO (Riesgo Salud/Financiero)
Sacha Puma Noble,779975X,288849,APROBADO
Lucho Zorro Salvage,915128X,726781,APROBADO
Coty Perro Austral,893468X,804018,APROBADO
Sacha Puma Rojo,623017X,354940,APROBADO
Coty Condor Veloz,256067X,365058,APROBADO
Francisco Condor Veloz,810573X,73195,APROBADO
Lucho Zorro Gigante,917812X,683310,RECHAZADO (Riesgo Salud/Financiero)
Matias Zorro Noble,236086X,124814,APROBADO
Matias Perro Austral,943511X,604385,RECHAZADO (Riesgo Salud/Financiero)
Pepe Huemul Austral,227466X,200838,RECHAZADO (Riesgo Salud/Financiero)
Matias Perro Rojo,247902X,593090,APROBADO
Lucho Ballena Gigante,318285X,893230,RECHAZADO (Riesgo Salud/Financiero)
Coty Nutria Veloz,789938X,474241,APROBADO
Matias Puma Noble,386613X,226945,APROBADO
Matias Zorro Audaz,994109X,715975,APROBADO
Pepe Nutria Noble,116122X,242753,APROBADO
Sacha Perro Rojo,407443X,881569,RECHAZADO (Riesgo Salud/Financiero)
Sacha Huemul Rojo,866029X,779522,RECHAZADO (Riesgo Salud/Financiero)
Francisco Ballena Veloz,883833X,576901,APROBADO
Juan Leon Noble,752755X,811902,RECHAZADO (Riesgo Salud/Financiero)
Pepe Condor Sigiloso,445682X,728517,RECHAZADO (Riesgo Salud/Financiero)
Matias Leon Noble,479724X,102493,APROBADO
Francisco Puma Audaz,639806X,814030,RECHAZADO (Riesgo Salud/Financiero)
Francisco Puma Veloz,134657X,430067,APROBADO
Francisco Leon Sigiloso,422424X,591210,APROBADO
Lucho Nutria Sigiloso,385791X,588618,APROBADO
Matias Huemul Austral,611499X,424642,APROBADO
Juan Perro Noble,63162X,783801,APROBADO
Pepe Nutria Salvage,877497X,310715,APROBADO
Matias Ballena Sigiloso,586510X,747908,APROBADO
Pancha Huemul Audaz,861898X,516191,APROBADO
Matias Gato Noble,595667X,91728,APROBADO
Sacha Ballena Austral,266754X,787019,RECHAZADO (Riesgo Salud/Financiero)
Pancha Perro Sigiloso,147406X,650455,APROBADO
Sacha Leon Audaz,47754X,357999,APROBADO
Matias Nutria Noble,224404X,637139,APROBADO
Lucho Huemul Gigante,99880X,311171,APROBADO
Juan Gato Veloz,841721X,611604,APROBADO
Lucho Puma Gigante,598121X,363488,APROBADO
Juan Gato Noble,404735X,618862,APROBADO
Sacha Gato Sigiloso,139031X,342361,APROBADO
Juan Perro Gigante,80949X,369066,APROBADO
Pancha Zorro Salvage,542612X,570608,APROBADO
Pepe Leon Austral,166010X,639249,APROBADO
Pepe Zorro Noble,86753X,336405,APROBADO
Maria Nutria Salvage,412697X,630441,RECHAZADO (Riesgo Salud/Financiero)
Sacha Perro Noble,964318X,825676,APROBADO
Pancha Leon Sigiloso,175334X,853288,RECHAZADO (Riesgo Salud/Financiero)
Francisco Gato Salvage,777407X,861804,APROBADO
Pancha Condor Noble,370960X,770126,APROBADO
Pancha Nutria Rojo,792683X,248089,APROBADO
Maria Huemul Veloz,614937X,25470,APROBADO
Juan Puma Audaz,764961X,350114,APROBADO
Pancha Gato Veloz,783342X,599263,RECHAZADO (Riesgo Salud/Financiero)
Juan Zorro Gigante,509335X,114260,APROBADO
Pepe Huemul Noble,547752X,78353,APROBADO
Juan Perro Austral,893320X,783414,RECHAZADO (Riesgo Salud/Financiero)
Francisco Puma Noble,630992X,749008,APROBADO
Matias Condor Audaz,249928X,664510,APROBADO
Juan Gato Sigiloso,125066X,533186,APROBADO
Pancha Condor Audaz,959607X,336095,APROBADO
Lucho Condor Sigiloso,687507X,814517,APROBADO
Pancha Gato Rojo,149421X,739823,APROBADO
Coty Condor Rojo,139850X,617742,APROBADO
Sacha Nutria Gigante,691886X,827246,APROBADO
Juan Leon Audaz,107028X,371551,APROBADO
Matias Ballena Austral,963362X,232389,APROBADO
Coty Zorro Gigante,774381X,146424,APROBADO
Pepe Puma Audaz,895135X,302280,APROBADO
Juan Ballena Sigiloso,26783X,303278,RECHAZADO (Riesgo Salud/Financiero)
Lucho Leon Audaz,86657X,653640,RECHAZADO (Riesgo Salud/Financiero)
Pepe Nutria Salvage,473742X,676248,APROBADO
Maria Ballena Veloz,816836X,209329,APROBADO
Lucho Leon Rojo,845757X,724312,APROBADO
Lucho Gato Gigante,106578X,827035,APROBADO
Francisco Leon Veloz,507473X,369077,APROBADO
Coty Huemul Austral,281244X,587090,APROBADO
Lucho Gato Noble,490663X,480629,APROBADO
Francisco Condor Veloz,783824X,500387,APROBADO
Coty Ballena Sigiloso,198395X,756893,APROBADO
Lucho Condor Salvage,56549X,303161,APROBADO
Lucho Ballena Audaz,175402X,823539,APROBADO
Pepe Gato Austral,491464X,716824,APROBADO
Lucho Gato Veloz,297120X,896802,APROBADO
Matias Puma Salvage,569106X,595520,APROBADO
Matias Puma Audaz,342016X,277435,APROBADO
Sacha Puma Salvage,193796X,63205,RECHAZADO (Riesgo Salud/Financiero)
Francisco Zorro Gigante,399768X,54559,RECHAZADO (Riesgo Salud/Financiero)
Maria Huemul Sigiloso,202219X,841830,APROBADO
Pepe Nutria Salvage,128887X,811982,APROBADO
Matias Ballena Austral,846176X,101376,APROBADO
Pepe Huemul Noble,269220X,612531,APROBADO
Francisco Nutria Noble,793909X,434808,APROBADO
Coty Puma Rojo,870770X,92504,APROBADO
Maria Ballena Audaz,881706X,85227,APROBADO
Sacha Perro Veloz,295927X,306371,APROBADO
Pepe Nutria Veloz,462717X,879703,APROBADO
Maria Zorro Veloz,989573X,699870,APROBADO
Maria Zorro Rojo,361522X,318680,APROBADO
Juan Condor Rojo,341856X,305676,APROBADO
Lucho Huemul Sigiloso,628184X,828972,APROBADO
Francisco Condor Veloz,820769X,306113,APROBADO
Juan Puma Gigante,64673X,669441,APROBADO
Pancha Gato Gigante,605743X,211982,APROBADO
Coty Perro Rojo,901165X,135916,APROBADO
Pancha Gato Gigante,447469X,48532,APROBADO
Maria Zorro Noble,265513X,608649,APROBADO
Francisco Puma Salvage,73051X,193906,APROBADO
Pepe Puma Sigiloso,297797X,49403,RECHAZADO (Riesgo Salud/Financiero)
Maria Huemul Gigante,558389X,422212,APROBADO
Juan Perro Noble,845471X,24842,APROBADO
Maria Zorro Salvage,53543X,156895,APROBADO
Coty Perro Sigiloso,35831X,485723,APROBADO
Juan Nutria Noble,487857X,176314,APROBADO
Juan Ballena Audaz,196185X,411920,RECHAZADO (Riesgo Salud/Financiero)
Pepe Nutria Rojo,867376X,335970,APROBADO
Coty Nutria Veloz,444246X,649442,APROBADO
Matias Leon Austral,91930X,808461,APROBADO
Francisco Puma Gigante,821449X,709289,APROBADO
Coty Zorro Gigante,935975X,58723,RECHAZADO (Riesgo Salud/Financiero)
Pepe Puma Veloz,457821X,144191,RECHAZADO (Riesgo Salud/Financiero)
Matias Puma Veloz,225942X,397242,APROBADO
Pancha Huemul Salvage,723295X,305081,RECHAZADO (Riesgo Salud/Financiero)
Matias Zorro Gigante,85020X,487573,APROBADO
Sacha Zorro Noble,992781X,270767,APROBADO
Francisco Perro Audaz,43562X,746172,APROBADO
Pepe Nutria Audaz,544298X,64639,APROBADO
Pepe Condor Rojo,399074X,636793,RECHAZADO (Riesgo Salud/Financiero)
Francisco Zorro Noble,794599X,508576,APROBADO
Maria Condor Sigiloso,231630X,18176,RECHAZADO (Riesgo Salud/Financiero)
Juan Huemul Veloz,206966X,266539,RECHAZADO (Riesgo Salud/Financiero)
Matias Perro Audaz,725753X,566061,APROBADO
Juan Perro Noble,666216X,800454,APROBADO
Matias Zorro Sigiloso,852383X,20703,APROBADO
Matias Perro Veloz,521429X,713287,APROBADO
Juan Condor Noble,858847X,369300,APROBADO
Maria Perro Austral,962540X,726886,APROBADO
Coty Condor Austral,794363X,468572,APROBADO
Pancha Condor Austral,562126X,579787,APROBADO
Maria Perro Gigante,642728X,270521,APROBADO
Francisco Leon Audaz,387082X,733378,APROBADO
Pancha Puma Austral,606319X,599294,APROBADO
Pepe Ballena Audaz,450367X,333660,APROBADO
Sacha Leon Austral,461655X,476010,APROBADO
Pancha Ballena Audaz,474924X,713079,APROBADO
Maria Perro Salvage,590111X,336209,APROBADO
Juan Leon Rojo,324025X,204316,APROBADO
Coty Perro Austral,91730X,203619,APROBADO
Pepe Gato Salvage,506207X,316751,APROBADO
Lucho Ballena Rojo,953418X,100703,APROBADO
Francisco Ballena Rojo,84512X,95298,RECHAZADO (Riesgo Salud/Financiero)
Matias Puma Salvage,902168X,58727,APROBADO
Juan Zorro Veloz,758306X,137128,RECHAZADO (Riesgo Salud/Financiero)
Matias Perro Veloz,483479X,115531,APROBADO
Lucho Huemul Sigiloso,928653X,53461,APROBADO
Francisco Huemul Audaz,495355X,744092,APROBADO
Coty Puma Austral,417025X,695518,RECHAZADO (Riesgo Salud/Financiero)
Pepe Perro Gigante,858641X,191041,APROBADO
Lucho Ballena Rojo,514778X,532197,APROBADO
Lucho Gato Gigante,404710X,701398,APROBADO
Matias Zorro Veloz,945897X,786829,APROBADO
Francisco Nutria Sigiloso,763829X,807624,APROBADO
Sacha Gato Audaz,673408X,627852,RECHAZADO (Riesgo Salud/Financiero)
Pepe Zorro Gigante,833806X,705615,APROBADO
Pepe Ballena Rojo,276503X,581658,RECHAZADO (Riesgo Salud/Financiero)
Francisco Ballena Audaz,415614X,449332,APROBADO
Maria Perro Veloz,903765X,736050,APROBADO
Maria Huemul Rojo,328458X,355205,APROBADO
Matias Puma Noble,310724X,256997,APROBADO
Lucho Condor Salvage,69134X,566308,RECHAZADO (Riesgo Salud/Financiero)
Matias Gato Veloz,24157X,28643,APROBADO
Coty Zorro Noble,206251X,735459,APROBADO
Sacha Puma Audaz,559126X,826925,APROBADO
Matias Puma Sigiloso,327483X,246022,APROBADO
Pepe Zorro Gigante,915591X,509841,APROBADO
Matias Nutria Rojo,345473X,809234,RECHAZADO (Riesgo Salud/Financiero)
Maria Leon Audaz,685555X,297895,APROBADO
Matias Gato Austral,579402X,770956,APROBADO
Francisco Condor Audaz,316486X,847228,APROBADO
Pepe Huemul Sigiloso,461040X,621871,RECHAZADO (Riesgo Salud/Financiero)
Pepe Leon Gigante,45463X,311198,RECHAZADO (Riesgo Salud/Financiero)
Sacha Gato Salvage,84767X,26899,APROBADO
Coty Gato Audaz,797180X,100029,APROBADO
Matias Ballena Salvage,697148X,521041,APROBADO
Maria Condor Austral,845906X,775383,APROBADO
Francisco Leon Audaz,759220X,758973,APROBADO
Francisco Perro Salvage,73713X,386805,APROBADO
Juan Gato Noble,186360X,874781,APROBADO
Lucho Huemul Rojo,432833X,83070,RECHAZADO (Riesgo Salud/Financiero)
Coty Ballena Veloz,358750X,696635,RECHAZADO (Riesgo Salud/Financiero)
Pepe Huemul Austral,514496X,397180,APROBADO
Lucho Perro Gigante,748522X,156734,APROBADO
Coty Puma Gigante,696019X,585238,APROBADO
Maria Nutria Sigiloso,673785X,722450,APROBADO
Pancha Condor Veloz,9513X,48704,APROBADO
Sacha Puma Noble,833369X,670979,APROBADO
Juan Huemul Sigiloso,578054X,191957,APROBADO
Lucho Huemul Veloz,426023X,668972,APROBADO
Lucho Nutria Gigante,988344X,119242,APROBADO
Maria Puma Gigante,99934X,814000,APROBADO
Sacha Zorro Gigante,847983X,239355,RECHAZADO (Riesgo Salud/Financiero)
Coty Perro Noble,965277X,462533,APROBADO
Francisco Perro Rojo,249311X,871006,RECHAZADO (Riesgo Salud/Financiero)
Lucho Huemul Salvage,780484X,470671,APROBADO
Coty Ballena Salvage,952842X,178463,APROBADO
Pancha Nutria Veloz,91802X,453964,APROBADO
Coty Perro Rojo,171648X,308100,APROBADO
Matias Puma Noble,283744X,110444,APROBADO
Pancha Zorro Sigiloso,229895X,517813,APROBADO
Sacha Puma Rojo,184782X,552289,APROBADO
Juan Puma Gigante,787952X,541635,APROBADO
Maria Zorro Rojo,844317X,353080,APROBADO
Sacha Puma Audaz,655120X,532840,APROBADO
Pepe Zorro Austral,452430X,601071,APROBADO
Pepe Huemul Salvage,451246X,50014,APROBADO
Francisco Leon Audaz,444697X,50851,APROBADO
Pancha Ballena Salvage,399603X,367784,APROBADO
Pancha Puma Austral,983532X,747545,APROBADO
Pepe Puma Sigiloso,763883X,789045,APROBADO
Sacha Zorro Audaz,815000X,851673,APROBADO
Coty Zorro Veloz,965293X,491640,RECHAZADO (Riesgo Salud/Financiero)
Sacha Puma Salvage,202791X,748175,RECHAZADO (Riesgo Salud/Financiero)
Maria Puma Sigiloso,597694X,581006,RECHAZADO (Riesgo Salud/Financiero)
Matias Nutria Audaz,805580X,290287,APROBADO
Coty Perro Audaz,695171X,411060,APROBADO
Lucho Zorro Salvage,132260X,22690,RECHAZADO (Riesgo Salud/Financiero)
Lucho Puma Salvage,888560X,275770,APROBADO
Matias Nutria Sigiloso,244294X,669525,APROBADO
Lucho Ballena Audaz,648142X,39286,APROBADO
Sacha Perro Austral,163823X,295741,APROBADO
Juan Huemul Austral,326465X,538501,APROBADO
Matias Puma Sigiloso,852657X,892958,APROBADO
Pancha Condor Salvage,171890X,683788,RECHAZADO (Riesgo Salud/Financiero)
Pepe Nutria Rojo,439075X,553293,APROBADO
Coty Nutria Audaz,178574X,614049,APROBADO
Francisco Puma Rojo,872696X,623355,APROBADO
Pepe Gato Austral,92089X,431794,RECHAZADO (Riesgo Salud/Financiero)
Juan Perro Sigiloso,733575X,706787,APROBADO
Pepe Huemul Audaz,921217X,735584,APROBADO
Maria Gato Gigante,831195X,488043,RECHAZADO (Riesgo Salud/Financiero)
Matias Huemul Austral,242458X,679382,APROBADO
Sacha Puma Audaz,67497X,648409,APROBADO
Francisco Puma Veloz,256444X,658214,RECHAZADO (Riesgo Salud/Financiero)
Francisco Ballena Austral,395832X,86179,APROBADO
Pepe Ballena Gigante,313493X,751886,APROBADO
Sacha Zorro Austral,764726X,559457,APROBADO
Juan Condor Rojo,654610X,210520,APROBADO
Juan Perro Noble,912985X,57485,APROBADO
Pepe Leon Gigante,711300X,87072,RECHAZADO (Riesgo Salud/Financiero)
Juan Puma Austral,446862X,619412,APROBADO
Matias Puma Audaz,921500X,288724,APROBADO
Pancha Nutria Audaz,70935X,740901,APROBADO
Maria Huemul Sigiloso,785863X,198301,APROBADO
Coty Ballena Austral,168048X,241437,RECHAZADO (Riesgo Salud/Financiero)
Coty Zorro Gigante,851630X,709233,APROBADO
Pancha Nutria Noble,104189X,692311,APROBADO
Lucho Leon Austral,534854X,726402,APROBADO
Francisco Puma Noble,8223X,776461,APROBADO
Pancha Nutria Gigante,572779X,516347,APROBADO
Pepe Nutria Gigante,292704X,405110,APROBADO
Maria Huemul Gigante,469842X,386553,APROBADO
Francisco Zorro Gigante,728884X,735325,RECHAZADO (Riesgo Salud/Financiero)
Matias Ballena Noble,74709X,833859,APROBADO
Lucho Zorro Sigiloso,507850X,543397,APROBADO
Pancha Ballena Veloz,781394X,131375,RECHAZADO (Riesgo Salud/Financiero)
Maria Zorro Salvage,915605X,745075,APROBADO
Pepe Perro Salvage,56100X,662222,APROBADO
Pepe Zorro Audaz,729051X,426171,APROBADO
Maria Leon Audaz,489235X,105571,RECHAZADO (Riesgo Salud/Financiero)
Lucho Zorro Noble,832254X,475504,APROBADO
Lucho Ballena Sigiloso,830825X,121364,APROBADO
Juan Puma Sigiloso,614305X,338286,APROBADO
Matias Puma Veloz,658042X,236143,APROBADO
Matias Leon Salvage,944386X,801141,RECHAZADO (Riesgo Salud/Financiero)
Matias Gato Austral,498074X,421366,RECHAZADO (Riesgo Salud/Financiero)
Lucho Huemul Audaz,115182X,136734,RECHAZADO (Riesgo Salud/Financiero)
Sacha Leon Veloz,528357X,610236,APROBADO
Lucho Puma Noble,236631X,655816,RECHAZADO (Riesgo Salud/Financiero)
Coty Condor Salvage,67458X,245794,APROBADO
Matias Zorro Sigiloso,738648X,335996,APROBADO
Juan Leon Noble,256076X,214043,APROBADO
Francisco Gato Austral,112552X,589635,APROBADO
Pepe Leon Sigiloso,824963X,601275,APROBADO
Pepe Condor Gigante,699096X,666159,RECHAZADO (Riesgo Salud/Financiero)
Juan Nutria Noble,874461X,447550,APROBADO
Matias Leon Audaz,223634X,65449,APROBADO
Juan Condor Austral,941061X,815889,APROBADO
Pancha Nutria Gigante,471303X,499023,APROBADO
Pancha Gato Veloz,982162X,283940,RECHAZADO (Riesgo Salud/Financiero)
Juan Zorro Gigante,525419X,699091,RECHAZADO (Riesgo Salud/Financiero)
Pepe Zorro Sigiloso,940477X,897494,APROBADO
Coty Condor Audaz,356217X,843104,APROBADO
Sacha Huemul Salvage,981659X,649494,APROBADO
Francisco Puma Gigante,519696X,94614,APROBADO
Matias Perro Rojo,36558X,547466,APROBADO
Maria Huemul Noble,600877X,154326,APROBADO
Sacha Ballena Sigiloso,660248X,656932,APROBADO
Pancha Perro Veloz,892203X,628941,RECHAZADO (Riesgo Salud/Financiero)
Maria Puma Salvage,476681X,802429,APROBADO
Matias Puma Veloz,6690X,836161,APROBADO
Juan Perro Audaz,937043X,866901,APROBADO
Lucho Puma Veloz,896934X,21127,RECHAZADO (Riesgo Salud/Financiero)
Juan Condor Gigante,816136X,285924,APROBADO
Juan Condor Veloz,964247X,635946,APROBADO
Pepe Gato Rojo,798164X,896577,APROBADO
Sacha Nutria Rojo,603034X,712698,APROBADO
Pancha Zorro Audaz,656901X,28615,APROBADO
Matias Huemul Gigante,722341X,641808,RECHAZADO (Riesgo Salud/Financiero)
Lucho Leon Salvage,158157X,73729,RECHAZADO (Riesgo Salud/Financiero)
Lucho Zorro Austral,846470X,612587,APROBADO
Pepe Ballena Sigiloso,699628X,379899,RECHAZADO (Riesgo Salud/Financiero)
Pepe Condor Austral,283217X,740158,APROBADO
Francisco Huemul Noble,567401X,456237,APROBADO
Juan Huemul Noble,753231X,261334,APROBADO
Lucho Nutria Austral,735729X,125371,APROBADO
Juan Ballena Veloz,146254X,428214,APROBADO
Pepe Zorro Audaz,883637X,831289,APROBADO
Pepe Huemul Audaz,22680X,356060,APROBADO
Juan Ballena Austral,271283X,590982,APROBADO
Pepe Perro Salvage,698373X,324758,APROBADO
Juan Puma Gigante,958640X,811591,APROBADO
Pancha Huemul Audaz,676307X,75351,APROBADO
Matias Condor Noble,487175X,878459,APROBADO
Matias Puma Salvage,190723X,591402,APROBADO
Sacha Nutria Noble,759090X,96602,APROBADO
Matias Perro Noble,722941X,818475,APROBADO
Lucho Condor Veloz,741481X,705432,APROBADO
Juan Ballena Audaz,87709X,367688,RECHAZADO (Riesgo Salud/Financiero)
Sacha Huemul Austral,151567X,321264,APROBADO
Sacha Perro Rojo,675764X,330635,APROBADO
Pancha Puma Audaz,744192X,718292,RECHAZADO (Riesgo Salud/Financiero)
Maria Nutria Audaz,48339X,431098,APROBADO
Pancha Leon Veloz,299528X,720066,APROBADO
Francisco Leon Gigante,59739X,446125,APROBADO
Pancha Puma Salvage,13751X,79267,APROBADO
Pepe Nutria Noble,390659X,396414,RECHAZADO (Riesgo Salud/Financiero)
Maria Gato Audaz,9744X,729692,APROBADO
Lucho Perro Noble,458965X,193681,APROBADO
Juan Ballena Salvage,545174X,281036,APROBADO
Juan Ballena Rojo,137899X,448993,APROBADO
Pancha Gato Gigante,37970X,136817,APROBADO
Matias Gato Sigiloso,779254X,375476,APROBADO
Sacha Leon Salvage,379876X,273953,APROBADO
Lucho Leon Austral,402726X,594693,RECHAZADO (Riesgo Salud/Financiero)
Pancha Perro Audaz,235233X,290355,APROBADO
Maria Huemul Noble,890283X,125684,APROBADO
Francisco Ballena Rojo,369865X,806063,APROBADO
Maria Zorro Gigante,73342X,316691,APROBADO
Maria Ballena Noble,332384X,95405,APROBADO
Maria Condor Sigiloso,825512X,45813,APROBADO
Matias Puma Noble,914618X,234719,RECHAZADO (Riesgo Salud/Financiero)
Sacha Perro Veloz,794505X,514653,APROBADO
Lucho Nutria Gigante,15708X,384805,APROBADO
Juan Ballena Noble,420528X,845314,APROBADO
Juan Huemul Rojo,394349X,819867,APROBADO
Sacha Huemul Salvage,544665X,828090,APROBADO
Francisco Perro Audaz,379037X,379604,APROBADO
Juan Nutria Audaz,342737X,726260,APROBADO
Sacha Huemul Audaz,293683X,760672,APROBADO
Sacha Gato Veloz,187174X,85401,APROBADO
Pancha Nutria Austral,996856X,43018,RECHAZADO (Riesgo Salud/Financiero)
Francisco Perro Gigante,611654X,771300,RECHAZADO (Riesgo Salud/Financiero)
Lucho Perro Noble,564984X,593259,RECHAZADO (Riesgo Salud/Financiero)
Coty Puma Veloz,523963X,527714,RECHAZADO (Riesgo Salud/Financiero)
Pepe Perro Audaz,451158X,462643,APROBADO
Pancha Huemul Veloz,660154X,382800,APROBADO
Matias Leon Gigante,623152X,838961,APROBADO
Sacha Puma Rojo,343645X,861284,APROBADO
Maria Condor Sigiloso,857773X,460040,RECHAZADO (Riesgo Salud/Financiero)
Pepe Leon Veloz,56452X,411271,APROBADO
Coty Condor Noble,236443X,722143,APROBADO
Maria Gato Veloz,911075X,177891,APROBADO
Sacha Nutria Gigante,759101X,620660,RECHAZADO (Riesgo Salud/Financiero)
Pancha Ballena Austral,526185X,397241,APROBADO
Matias Ballena Sigiloso,375287X,627379,APROBADO
Lucho Puma Salvage,411067X,672137,RECHAZADO (Riesgo Salud/Financiero)
Juan Huemul Veloz,503251X,281737,RECHAZADO (Riesgo Salud/Financiero)
Pancha Zorro Sigiloso,23949X,550818,APROBADO
Lucho Leon Noble,721640X,21189,APROBADO
Matias Gato Rojo,881120X,817165,APROBADO
Matias Zorro Salvage,446735X,547800,APROBADO
Sacha Gato Salvage,950132X,284514,APROBADO
Sacha Zorro Sigiloso,172604X,250814,RECHAZADO (Riesgo Salud/Financiero)
Coty Huemul Salvage,272154X,610030,APROBADO
Juan Condor Sigiloso,95662X,428612,APROBADO
Pepe Condor Rojo,500874X,338021,RECHAZADO (Riesgo Salud/Financiero)
Coty Puma Rojo,261101X,436711,APROBADO
Francisco Puma Veloz,555009X,514158,APROBADO
Francisco Leon Veloz,726533X,340125,RECHAZADO (Riesgo Salud/Financiero)
Sacha Leon Rojo,820008X,467020,APROBADO
Maria Leon Noble,249975X,776833,APROBADO
Juan Huemul Gigante,48938X,769605,RECHAZADO (Riesgo Salud/Financiero)
Pancha Perro Sigiloso,493523X,460119,APROBADO
Juan Condor Austral,986902X,373974,RECHAZADO (Riesgo Salud/Financiero)
Francisco Zorro Gigante,399148X,604574,APROBADO
Juan Nutria Rojo,508636X,860817,APROBADO
Lucho Zorro Audaz,172085X,665539,RECHAZADO (Riesgo Salud/Financiero)
Pepe Gato Noble,460544X,880663,APROBADO
Lucho Ballena Rojo,377912X,374829,APROBADO
Juan Huemul Salvage,989104X,552767,APROBADO
Lucho Perro Sigiloso,153809X,788444,RECHAZADO (Riesgo Salud/Financiero)
Coty Condor Audaz,759406X,261724,APROBADO
Francisco Gato Rojo,192758X,141366,APROBADO
Maria Puma Audaz,2096X,592202,APROBADO
Sacha Huemul Salvage,501125X,850082,APROBADO
Lucho Ballena Sigiloso,146791X,528503,APROBADO
Maria Huemul Noble,151120X,469405,APROBADO
Lucho Leon Noble,479275X,631083,APROBADO
Sacha Huemul Audaz,444511X,289239,APROBADO
Pancha Huemul Noble,54411X,515923,APROBADO
Juan Ballena Veloz,71208X,286704,APROBADO
Juan Condor Sigiloso,458827X,738562,APROBADO
Maria Leon Rojo,594768X,571390,APROBADO
Lucho Huemul Sigiloso,725210X,882949,RECHAZADO (Riesgo Salud/Financiero)
Lucho Zorro Austral,839823X,247683,APROBADO
Sacha Huemul Noble,776533X,843467,RECHAZADO (Riesgo Salud/Financiero)
Pancha Gato Audaz,26409X,77321,APROBADO
Pepe Gato Audaz,515316X,457338,APROBADO
Matias Gato Audaz,764169X,595780,APROBADO
Lucho Gato Austral,372815X,682314,APROBADO
Matias Condor Rojo,809196X,419901,APROBADO
Coty Nutria Rojo,895786X,330198,APROBADO
Juan Ballena Rojo,353931X,232327,APROBADO
Pancha Condor Noble,640361X,287991,RECHAZADO (Riesgo Salud/Financiero)
Juan Zorro Veloz,262204X,151138,APROBADO
Maria Leon Veloz,341474X,633152,APROBADO
Sacha Leon Audaz,147439X,565598,APROBADO
Matias Huemul Austral,826743X,279731,APROBADO
Juan Perro Veloz,825690X,616671,APROBADO
Matias Zorro Salvage,602882X,771127,APROBADO
Pancha Huemul Gigante,518146X,459962,APROBADO
Pancha Puma Sigiloso,675387X,891174,APROBADO
Lucho Leon Noble,552272X,520989,RECHAZADO (Riesgo Salud/Financiero)
Pancha Gato Salvage,397322X,434145,APROBADO
Maria Perro Austral,914601X,885449,RECHAZADO (Riesgo Salud/Financiero)
Lucho Puma Veloz,495368X,65359,APROBADO
Coty Huemul Gigante,545898X,420780,APROBADO
Matias Zorro Veloz,556064X,572965,APROBADO
Maria Condor Gigante,117059X,121026,APROBADO
Pepe Perro Gigante,501571X,523984,APROBADO
Juan Perro Audaz,549407X,57984,APROBADO
Lucho Gato Sigiloso,42354X,717243,RECHAZADO (Riesgo Salud/Financiero)
Francisco Nutria Sigiloso,608172X,532896,APROBADO
Coty Condor Austral,705248X,642016,APROBADO
Matias Perro Austral,771446X,310111,APROBADO
Maria Puma Veloz,305328X,74826,APROBADO
Pancha Huemul Sigiloso,456473X,474967,APROBADO
Pancha Huemul Audaz,179264X,416557,RECHAZADO (Riesgo Salud/Financiero)
Lucho Nutria Sigiloso,137735X,804967,RECHAZADO (Riesgo Salud/Financiero)
Juan Zorro Sigiloso,655924X,166733,APROBADO
Sacha Gato Rojo,148351X,693801,RECHAZADO (Riesgo Salud/Financiero)
Matias Perro Salvage,161349X,625849,APROBADO
Pancha Perro Gigante,598054X,818500,APROBADO
Lucho Gato Veloz,524595X,843999,APROBADO
Lucho Condor Audaz,175601X,550040,APROBADO
Lucho Nutria Noble,328445X,300936,APROBADO
Lucho Huemul Austral,889815X,107462,APROBADO
Pancha Leon Rojo,402411X,548162,RECHAZADO (Riesgo Salud/Financiero)
Coty Huemul Rojo,898217X,609409,APROBADO
Pepe Perro Austral,411319X,534603,APROBADO
Sacha Huemul Gigante,226595X,311311,APROBADO
Juan Leon Rojo,958168X,480658,APROBADO
Francisco Condor Rojo,471564X,795352,RECHAZADO (Riesgo Salud/Financiero)
Juan Huemul Gigante,247942X,253581,APROBADO
Lucho Puma Sigiloso,842473X,748015,APROBADO
Pepe Nutria Salvage,354059X,729279,APROBADO
Matias Gato Audaz,412433X,484602,RECHAZADO (Riesgo Salud/Financiero)
Coty Nutria Noble,159000X,470459,APROBADO
Juan Huemul Veloz,875782X,261128,APROBADO
Sacha Huemul Sigiloso,918490X,738314,APROBADO
Pepe Ballena Sigiloso,404300X,221311,APROBADO
Pancha Gato Audaz,284986X,587767,APROBADO
Lucho Ballena Noble,2597X,204087,RECHAZADO (Riesgo Salud/Financiero)
Maria Puma Sigiloso,141856X,612758,APROBADO
Pepe Nutria Audaz,849584X,180619,APROBADO
Coty Nutria Sigiloso,361934X,803017,APROBADO
Lucho Nutria Veloz,38954X,454798,APROBADO
Sacha Puma Noble,300322X,22005,APROBADO
Pepe Leon Austral,387699X,583465,APROBADO
Pancha Huemul Sigiloso,867389X,89320,APROBADO
Francisco Puma Salvage,823290X,45690,APROBADO
Maria Condor Gigante,53501X,518719,APROBADO
Sacha Puma Gigante,691024X,661343,APROBADO
Coty Ballena Gigante,854060X,500902,RECHAZADO (Riesgo Salud/Financiero)
Pepe Gato Audaz,246310X,349807,APROBADO
Francisco Perro Veloz,825365X,425564,APROBADO
Pancha Huemul Audaz,934038X,110033,APROBADO
Francisco Nutria Sigiloso,592641X,305619,APROBADO
Lucho Huemul Rojo,774467X,20617,RECHAZADO (Riesgo Salud/Financiero)
Pepe Zorro Noble,776127X,532420,APROBADO
Pancha Gato Noble,273363X,375426,APROBADO
Pancha Gato Audaz,491802X,497163,APROBADO
Matias Perro Gigante,662180X,190153,APROBADO
Lucho Condor Rojo,16429X,731215,RECHAZADO (Riesgo Salud/Financiero)
Coty Puma Audaz,957961X,102824,APROBADO
Juan Nutria Sigiloso,947658X,104819,APROBADO
Matias Nutria Salvage,458981X,692850,APROBADO
Sacha Nutria Veloz,600052X,210814,APROBADO
Pepe Leon Austral,397304X,633679,RECHAZADO (Riesgo Salud/Financiero)
Matias Leon Rojo,290721X,236913,APROBADO
Maria Leon Salvage,964407X,757248,APROBADO
Lucho Nutria Veloz,23249X,855360,APROBADO
Lucho Nutria Salvage,623199X,585601,RECHAZADO (Riesgo Salud/Financiero)
Pepe Puma Austral,857219X,544370,APROBADO
Pancha Leon Sigiloso,243579X,350216,APROBADO
Francisco Perro Sigiloso,257064X,117630,APROBADO
Sacha Gato Noble,541686X,39249,APROBADO
Matias Gato Gigante,894293X,670523,APROBADO
Juan Zorro Sigiloso,117638X,135952,RECHAZADO (Riesgo Salud/Financiero)
Pepe Nutria Gigante,366631X,484947,APROBADO
Juan Leon Austral,656051X,42325,APROBADO
Sacha Leon Rojo,784824X,761706,APROBADO
Maria Zorro Veloz,683769X,833647,RECHAZADO (Riesgo Salud/Financiero)
Maria Perro Veloz,782999X,860710,APROBADO
Coty Condor Veloz,667769X,890494,APROBADO
Pancha Perro Rojo,550204X,549543,APROBADO
Lucho Huemul Austral,894456X,33622,APROBADO
Pepe Ballena Salvage,403273X,502381,APROBADO
Lucho Zorro Audaz,585393X,293650,RECHAZADO (Riesgo Salud/Financiero)
Lucho Zorro Sigiloso,615793X,187620,APROBADO
Pepe Leon Austral,495284X,701952,APROBADO
Sacha Leon Rojo,42455X,582393,APROBADO
Coty Leon Noble,952191X,291768,RECHAZADO (Riesgo Salud/Financiero)
Matias Zorro Sigiloso,547308X,462827,APROBADO
Lucho Puma Salvage,239979X,194139,APROBADO
Lucho Condor Austral,466771X,439772,RECHAZADO (Riesgo Salud/Financiero)
Pancha Leon Audaz,662848X,866960,RECHAZADO (Riesgo Salud/Financiero)
Coty Condor Veloz,663769X,467338,APROBADO
Maria Ballena Rojo,311907X,481600,APROBADO
Coty Huemul Austral,981569X,267170,APROBADO
Matias Puma Austral,242506X,117249,APROBADO
Francisco Puma Veloz,743789X,324945,RECHAZADO (Riesgo Salud/Financiero)
Maria Ballena Sigiloso,921997X,404612,RECHAZADO (Riesgo Salud/Financiero)
Matias Puma Gigante,811004X,847730,RECHAZADO (Riesgo Salud/Financiero)
Maria Perro Gigante,201235X,167376,APROBADO
Sacha Huemul Gigante,119011X,494727,RECHAZADO (Riesgo Salud/Financiero)
Pancha Leon Noble,200393X,331005,APROBADO
Matias Condor Rojo,771395X,234055,APROBADO
Francisco Gato Gigante,360729X,195982,RECHAZADO (Riesgo Salud/Financiero)
Pepe Leon Sigiloso,572804X,292065,APROBADO
Francisco Leon Sigiloso,33191X,43180,APROBADO
Matias Leon Sigiloso,542640X,453632,RECHAZADO (Riesgo Salud/Financiero)
Pancha Puma Austral,876780X,309331,APROBADO
Lucho Gato Sigiloso,191745X,648323,APROBADO
Pancha Huemul Audaz,253576X,538045,APROBADO
Maria Puma Rojo,711673X,556676,APROBADO
Pancha Puma Austral,995475X,640470,APROBADO
Francisco Condor Audaz,768420X,560362,APROBADO
Matias Huemul Gigante,40130X,195685,APROBADO
Francisco Ballena Sigiloso,249556X,759755,APROBADO
Maria Zorro Veloz,603278X,835492,APROBADO
Lucho Puma Noble,361921X,494852,APROBADO
Lucho Zorro Gigante,337212X,525061,APROBADO
Coty Perro Sigiloso,751210X,382625,APROBADO
Matias Condor Veloz,560273X,458364,APROBADO
Maria Zorro Austral,216558X,814059,APROBADO
Juan Puma Sigiloso,772812X,806468,APROBADO
Coty Nutria Rojo,459595X,309547,APROBADO
Coty Gato Rojo,498581X,220535,APROBADO
Matias Leon Rojo,94956X,780492,APROBADO
Pancha Nutria Salvage,743693X,355279,APROBADO
Pepe Ballena Austral,86273X,721596,RECHAZADO (Riesgo Salud/Financiero)
Matias Zorro Sigiloso,779369X,176432,APROBADO
Lucho Nutria Sigiloso,12905X,330310,APROBADO
Maria Condor Salvage,469952X,656523,APROBADO
Coty Gato Austral,841715X,472430,RECHAZADO (Riesgo Salud/Financiero)
Sacha Zorro Gigante,307732X,575150,APROBADO
Francisco Perro Sigiloso,179150X,26735,APROBADO
Coty Nutria Gigante,908837X,455927,RECHAZADO (Riesgo Salud/Financiero)
Lucho Ballena Austral,101507X,339061,APROBADO
Matias Ballena Austral,916287X,556966,RECHAZADO (Riesgo Salud/Financiero)
Lucho Nutria Veloz,482271X,217626,APROBADO
Matias Huemul Noble,340390X,85360,RECHAZADO (Riesgo Salud/Financiero)
Juan Leon Gigante,850184X,351776,RECHAZADO (Riesgo Salud/Financiero)
Juan Puma Rojo,342833X,391022,RECHAZADO (Riesgo Salud/Financiero)
Pepe Puma Veloz,650654X,808983,RECHAZADO (Riesgo Salud/Financiero)
Lucho Perro Rojo,150804X,550089,APROBADO
Pancha Zorro Veloz,443095X,127079,APROBADO
Pepe Leon Sigiloso,382777X,810112,RECHAZADO (Riesgo Salud/Financiero)
Francisco Zorro Noble,215891X,472386,RECHAZADO (Riesgo Salud/Financiero)
Coty Gato Rojo,643144X,620344,APROBADO
Matias Condor Rojo,453253X,390292,APROBADO
Maria Gato Audaz,650017X,855882,APROBADO
Coty Puma Salvage,971247X,623123,APROBADO
Pepe Leon Austral,667630X,63508,APROBADO
Coty Zorro Austral,677845X,773417,APROBADO
Lucho Ballena Gigante,367500X,20440,APROBADO
Juan Huemul Gigante,788830X,79220,APROBADO
Pancha Leon Rojo,843364X,761083,RECHAZADO (Riesgo Salud/Financiero)
Pepe Ballena Veloz,56500X,186287,APROBADO
Pancha Huemul Veloz,807136X,609122,APROBADO
Lucho Nutria Audaz,815012X,279136,APROBADO
Pepe Huemul Veloz,740151X,789925,APROBADO
Juan Puma Gigante,627384X,473909,APROBADO
Juan Gato Noble,468963X,142688,APROBADO
Maria Nutria Audaz,282787X,179099,RECHAZADO (Riesgo Salud/Financiero)
Lucho Zorro Noble,43404X,630863,APROBADO
Maria Ballena Salvage,241713X,845059,APROBADO
Maria Nutria Sigiloso,663757X,95784,APROBADO
Lucho Gato Noble,866447X,269211,APROBADO
Pepe Gato Gigante,400751X,448619,RECHAZADO (Riesgo Salud/Financiero)
Pancha Zorro Noble,156228X,575177,APROBADO
Matias Perro Veloz,253001X,186490,APROBADO
Pepe Leon Sigiloso,235251X,342010,APROBADO
Sacha Gato Sigiloso,194987X,336577,APROBADO
Pepe Leon Rojo,136079X,389654,RECHAZADO (Riesgo Salud/Financiero)
Francisco Huemul Gigante,912571X,244529,APROBADO
Coty Zorro Noble,849383X,602624,APROBADO
Matias Zorro Gigante,163646X,820480,APROBADO
Pancha Puma Veloz,27990X,468830,APROBADO
Francisco Zorro Austral,973568X,463477,APROBADO
Pepe Huemul Salvage,247588X,213330,APROBADO
Pepe Leon Austral,687816X,653233,RECHAZADO (Riesgo Salud/Financiero)
Matias Condor Austral,997364X,320269,APROBADO
Pancha Condor Audaz,536456X,237874,APROBADO
Pancha Huemul Rojo,74128X,523314,APROBADO
Coty Leon Sigiloso,357237X,358987,APROBADO
Lucho Perro Austral,563354X,528114,APROBADO
Maria Gato Rojo,157285X,350315,APROBADO
Pepe Ballena Gigante,329222X,816021,APROBADO
Sacha Huemul Audaz,762723X,765448,APROBADO
Sacha Huemul Salvage,340573X,163046,APROBADO
Maria Condor Sigiloso,110343X,784713,APROBADO
Matias Ballena Veloz,217416X,623699,APROBADO
Sacha Ballena Rojo,745950X,490401,APROBADO
Francisco Condor Austral,976098X,351436,RECHAZADO (Riesgo Salud/Financiero)
Maria Nutria Veloz,799233X,589441,APROBADO
Francisco Zorro Audaz,503217X,817366,APROBADO
Juan Huemul Salvage,498990X,162374,APROBADO
Juan Nutria Gigante,803764X,145174,RECHAZADO (Riesgo Salud/Financiero)
Lucho Condor Noble,135839X,177762,RECHAZADO (Riesgo Salud/Financiero)
Sacha Gato Audaz,688859X,455517,APROBADO
Lucho Leon Sigiloso,486256X,75001,APROBADO
Francisco Ballena Audaz,54917X,628760,APROBADO
Coty Condor Sigiloso,119750X,688892,APROBADO
Pancha Nutria Gigante,546654X,94422,APROBADO
Pancha Leon Veloz,402003X,324431,RECHAZADO (Riesgo Salud/Financiero)
Matias Gato Rojo,663794X,626975,APROBADO
Juan Ballena Veloz,27402X,562167,APROBADO
Matias Leon Audaz,304985X,346707,APROBADO
Maria Huemul Rojo,594459X,556425,APROBADO
Matias Perro Audaz,208306X,442545,RECHAZADO (Riesgo Salud/Financiero)
Lucho Ballena Austral,597263X,401022,APROBADO
Lucho Ballena Salvage,965919X,555130,APROBADO
Coty Ballena Rojo,785723X,745220,APROBADO
Pepe Leon Gigante,952021X,245865,APROBADO
Sacha Condor Austral,525962X,234113,APROBADO
Juan Leon Rojo,592283X,145430,RECHAZADO (Riesgo Salud/Financiero)
Matias Ballena Salvage,878159X,121210,APROBADO
Matias Condor Rojo,666908X,886804,RECHAZADO (Riesgo Salud/Financiero)
Francisco Perro Salvage,888182X,138586,APROBADO
Coty Leon Gigante,163164X,757474,RECHAZADO (Riesgo Salud/Financiero)
Lucho Puma Sigiloso,504953X,293318,APROBADO
Coty Condor Sigiloso,6936X,116790,APROBADO
Sacha Ballena Salvage,325720X,229557,APROBADO
Maria Leon Rojo,383148X,316012,RECHAZADO (Riesgo Salud/Financiero)
Pancha Gato Sigiloso,831057X,251947,APROBADO
Maria Perro Veloz,180542X,408061,APROBADO
Matias Condor Audaz,156874X,794351,APROBADO
Matias Zorro Audaz,363011X,314562,APROBADO
Sacha Nutria Austral,679419X,378263,APROBADO
Matias Zorro Veloz,663480X,267440,APROBADO
Matias Perro Salvage,515311X,504321,APROBADO
Lucho Huemul Audaz,859580X,205932,APROBADO
Sacha Leon Sigiloso,155774X,798453,APROBADO
Pepe Nutria Noble,117756X,528410,APROBADO
Pancha Ballena Veloz,752872X,695496,APROBADO
Matias Condor Gigante,716949X,315484,APROBADO
Sacha Puma Sigiloso,138174X,484767,APROBADO
Lucho Ballena Salvage,730811X,614730,APROBADO
Pancha Gato Salvage,699100X,185492,APROBADO
Sacha Ballena Veloz,24140X,298753,APROBADO
Juan Nutria Sigiloso,754767X,89944,APROBADO
Matias Condor Audaz,663438X,631694,APROBADO
Juan Zorro Salvage,452352X,588163,APROBADO
Juan Perro Salvage,641366X,743576,APROBADO
Coty Perro Audaz,428311X,873911,APROBADO
Pancha Perro Austral,207416X,116699,APROBADO
Juan Puma Salvage,432018X,26071,APROBADO
Francisco Condor Audaz,922506X,466042,RECHAZADO (Riesgo Salud/Financiero)
Francisco Ballena Veloz,170544X,596419,APROBADO
Coty Gato Gigante,177167X,801227,APROBADO
Francisco Perro Salvage,155353X,211926,APROBADO
Pepe Nutria Gigante,864603X,759894,APROBADO
Coty Perro Veloz,854558X,520741,APROBADO
Coty Nutria Rojo,459591X,666089,APROBADO
Juan Gato Audaz,847015X,400982,APROBADO
Sacha Leon Rojo,173530X,820019,APROBADO
Matias Gato Audaz,15074X,614233,APROBADO
Juan Puma Audaz,613557X,39706,APROBADO
Pancha Zorro Rojo,774419X,204580,APROBADO
Matias Gato Gigante,522938X,157177,APROBADO
Coty Puma Rojo,686608X,470975,APROBADO
Maria Nutria Austral,681412X,454283,APROBADO
Francisco Zorro Audaz,784121X,31968,RECHAZADO (Riesgo Salud/Financiero)
Lucho Condor Sigiloso,495696X,258700,APROBADO
Matias Zorro Rojo,605920X,368843,APROBADO
Francisco Ballena Sigiloso,30536X,295826,APROBADO
Maria Zorro Salvage,936073X,251495,APROBADO
Juan Zorro Austral,461332X,352695,RECHAZADO (Riesgo Salud/Financiero)
Matias Condor Audaz,840213X,417501,APROBADO
Coty Gato Austral,185479X,579611,APROBADO
Pancha Huemul Sigiloso,880838X,45301,APROBADO
Francisco Condor Salvage,520234X,753141,APROBADO
Pepe Condor Salvage,816458X,812409,APROBADO
Francisco Leon Sigiloso,334865X,297169,APROBADO
Francisco Leon Veloz,576868X,111869,APROBADO
Lucho Puma Austral,801166X,160962,APROBADO
Matias Ballena Veloz,202186X,179810,APROBADO
Matias Perro Gigante,617831X,718313,APROBADO
Coty Gato Rojo,195163X,436524,RECHAZADO (Riesgo Salud/Financiero)
Lucho Nutria Rojo,785206X,598262,RECHAZADO (Riesgo Salud/Financiero)
Sacha Puma Sigiloso,354519X,194167,APROBADO
Coty Zorro Noble,39689X,666313,APROBADO
Sacha Gato Noble,892700X,36422,RECHAZADO (Riesgo Salud/Financiero)
Juan Puma Sigiloso,14175X,407970,APROBADO
Pancha Zorro Austral,104581X,35682,APROBADO
Pancha Huemul Gigante,318536X,665640,RECHAZADO (Riesgo Salud/Financiero)
Sacha Leon Audaz,93693X,237271,APROBADO
Coty Leon Noble,527745X,520064,APROBADO
Pepe Nutria Rojo,989446X,821756,RECHAZADO (Riesgo Salud/Financiero)
Matias Perro Audaz,381505X,83045,APROBADO
Juan Gato Audaz,460684X,233280,APROBADO
Francisco Perro Austral,895941X,731922,APROBADO
Maria Gato Salvage,738505X,550041,APROBADO
Pepe Puma Audaz,967040X,313866,APROBADO
Sacha Leon Noble,403412X,512154,APROBADO
Pepe Huemul Austral,336199X,332486,APROBADO
Lucho Zorro Rojo,837652X,316099,APROBADO
Matias Ballena Noble,828657X,115248,APROBADO
Pancha Leon Veloz,526642X,504718,RECHAZADO (Riesgo Salud/Financiero)
Pepe Perro Gigante,788780X,70644,RECHAZADO (Riesgo Salud/Financiero)
Francisco Gato Audaz,34624X,180748,RECHAZADO (Riesgo Salud/Financiero)
Pepe Leon Rojo,351694X,822448,APROBADO
Francisco Condor Rojo,136280X,265646,RECHAZADO (Riesgo Salud/Financiero)
Lucho Gato Rojo,608526X,811161,APROBADO
Pepe Ballena Audaz,559750X,660912,RECHAZADO (Riesgo Salud/Financiero)
Lucho Puma Salvage,736141X,25065,APROBADO
Matias Zorro Veloz,16876X,118346,RECHAZADO (Riesgo Salud/Financiero)
Juan Nutria Rojo,530000X,691036,APROBADO
Sacha Nutria Sigiloso,308440X,229146,APROBADO
Maria Ballena Noble,596851X,454604,APROBADO
Juan Zorro Rojo,362302X,491565,RECHAZADO (Riesgo Salud/Financiero)
Francisco Leon Gigante,386898X,236131,RECHAZADO (Riesgo Salud/Financiero)
Juan Nutria Salvage,875715X,772538,RECHAZADO (Riesgo Salud/Financiero)
Lucho Perro Noble,521633X,58418,APROBADO
Maria Condor Veloz,161170X,879696,APROBADO
Juan Gato Noble,972967X,732008,APROBADO
Pancha Gato Noble,545424X,738847,RECHAZADO (Riesgo Salud/Financiero)
Lucho Nutria Sigiloso,450452X,381317,APROBADO
Pepe Zorro Gigante,628066X,330044,APROBADO
Francisco Huemul Veloz,479713X,601500,APROBADO
Sacha Gato Sigiloso,566447X,707128,APROBADO
Coty Condor Rojo,445259X,170221,APROBADO
Lucho Gato Audaz,647992X,803127,APROBADO
Sacha Ballena Sigiloso,545499X,419395,APROBADO
Lucho Huemul Salvage,300586X,456234,RECHAZADO (Riesgo Salud/Financiero)
Maria Nutria Gigante,184590X,237191,APROBADO
Francisco Huemul Sigiloso,374318X,543985,APROBADO
Matias Puma Noble,755001X,215292,APROBADO
Coty Leon Rojo,536614X,877391,APROBADO
Coty Huemul Gigante,162263X,721192,RECHAZADO (Riesgo Salud/Financiero)
Sacha Leon Veloz,29192X,65919,APROBADO
Pancha Huemul Noble,863120X,297118,APROBADO
Pancha Condor Audaz,454138X,42980,APROBADO
Matias Zorro Salvage,24709X,119951,RECHAZADO (Riesgo Salud/Financiero)
Maria Huemul Veloz,695831X,650467,APROBADO
Pancha Perro Austral,844505X,538067,RECHAZADO (Riesgo Salud/Financiero)
Sacha Nutria Noble,258512X,755484,APROBADO
Juan Zorro Audaz,339428X,664775,APROBADO
Lucho Perro Noble,623768X,188652,APROBADO
Pancha Nutria Noble,652017X,29472,APROBADO
Juan Gato Noble,890897X,217553,RECHAZADO (Riesgo Salud/Financiero)
Pepe Puma Audaz,407333X,565872,APROBADO
Coty Puma Sigiloso,477754X,173116,APROBADO
Maria Puma Veloz,766856X,426848,RECHAZADO (Riesgo Salud/Financiero)
Lucho Huemul Salvage,28058X,171726,APROBADO
Lucho Perro Sigiloso,832775X,594167,APROBADO
Juan Leon Rojo,846789X,488145,APROBADO
Pepe Condor Audaz,158825X,189531,APROBADO
Sacha Nutria Veloz,796615X,607874,RECHAZADO (Riesgo Salud/Financiero)
Pancha Perro Noble,907490X,22101,APROBADO
Lucho Gato Rojo,867038X,394420,APROBADO
Sacha Puma Salvage,556425X,19244,APROBADO
Sacha Puma Gigante,591815X,451104,APROBADO
Francisco Zorro Salvage,897166X,886173,APROBADO
Coty Huemul Noble,270959X,769096,APROBADO
Maria Leon Salvage,875841X,857981,APROBADO
Matias Nutria Veloz,654718X,769348,APROBADO
Lucho Leon Rojo,489981X,664418,APROBADO
Coty Condor Gigante,742859X,310467,APROBADO
Pancha Gato Sigiloso,537975X,890880,APROBADO
Sacha Ballena Veloz,310581X,218236,APROBADO
Lucho Zorro Sigiloso,279608X,809878,APROBADO
Matias Condor Rojo,886424X,897658,APROBADO
Matias Condor Rojo,316935X,619857,APROBADO
Lucho Leon Veloz,800246X,769942,APROBADO
Maria Puma Noble,298685X,59352,APROBADO
Coty Leon Audaz,416336X,832809,RECHAZADO (Riesgo Salud/Financiero)
Pepe Perro Salvage,593949X,651458,APROBADO
Sacha Perro Sigiloso,225984X,882793,APROBADO
Lucho Gato Noble,147868X,298135,APROBADO
Pepe Condor Veloz,662402X,432110,APROBADO
Pancha Leon Sigiloso,592621X,679565,APROBADO
Lucho Condor Rojo,478652X,668055,APROBADO
Lucho Gato Rojo,453420X,32559,RECHAZADO (Riesgo Salud/Financiero)
Pancha Zorro Rojo,27887X,356199,RECHAZADO (Riesgo Salud/Financiero)
Coty Gato Salvage,661825X,380798,APROBADO
Francisco Puma Noble,600904X,887249,APROBADO
Pancha Zorro Audaz,568513X,799054,RECHAZADO (Riesgo Salud/Financiero)
Coty Huemul Salvage,405493X,209360,APROBADO
Sacha Gato Salvage,944258X,684010,APROBADO
Pepe Leon Salvage,630148X,846269,APROBADO
Francisco Leon Noble,609594X,200839,RECHAZADO (Riesgo Salud/Financiero)
Lucho Leon Audaz,515919X,767837,APROBADO
Sacha Zorro Veloz,412360X,146336,APROBADO
Pepe Leon Gigante,195953X,261929,APROBADO
Matias Leon Austral,945875X,621429,APROBADO
Francisco Leon Salvage,678973X,884884,APROBADO
Maria Perro Noble,918612X,272679,APROBADO
Matias Perro Rojo,68047X,758052,APROBADO
Juan Zorro Veloz,962958X,787415,APROBADO
Lucho Nutria Audaz,15531X,869181,APROBADO
Coty Zorro Salvage,264270X,465036,APROBADO
Coty Puma Veloz,668874X,288975,APROBADO
Matias Zorro Audaz,214794X,618836,APROBADO
Pepe Huemul Rojo,373048X,34532,APROBADO
Juan Ballena Noble,562741X,93237,APROBADO
Maria Condor Audaz,355630X,266329,APROBADO
Matias Perro Austral,54993X,472390,APROBADO
Pepe Huemul Austral,174209X,135254,RECHAZADO (Riesgo Salud/Financiero)
Juan Gato Audaz,327876X,747317,APROBADO
Coty Nutria Rojo,250865X,363522,APROBADO
Juan Zorro Audaz,68840X,547340,RECHAZADO (Riesgo Salud/Financiero)
Juan Gato Audaz,220200X,343556,APROBADO
Pancha Condor Rojo,151668X,703896,APROBADO
Maria Gato Austral,835959X,508757,APROBADO
Pepe Gato Audaz,95720X,201174,RECHAZADO (Riesgo Salud/Financiero)
Juan Puma Rojo,686811X,342898,APROBADO
Pepe Condor Salvage,702139X,618245,APROBADO
Maria Ballena Audaz,946282X,397131,APROBADO
Lucho Condor Sigiloso,6411X,148482,RECHAZADO (Riesgo Salud/Financiero)
Matias Gato Noble,669767X,183811,RECHAZADO (Riesgo Salud/Financiero)
Sacha Gato Gigante,859521X,646824,RECHAZADO (Riesgo Salud/Financiero)
Pepe Condor Noble,649939X,802182,APROBADO
Juan Nutria Noble,71787X,819559,RECHAZADO (Riesgo Salud/Financiero)
Juan Perro Rojo,159679X,326807,RECHAZADO (Riesgo Salud/Financiero)
Coty Leon Sigiloso,975021X,242849,APROBADO
Francisco Perro Salvage,269178X,885211,RECHAZADO (Riesgo Salud/Financiero)
Juan Condor Salvage,19727X,304614,APROBADO
Sacha Nutria Austral,425870X,519600,RECHAZADO (Riesgo Salud/Financiero)
Pancha Leon Noble,958561X,174078,APROBADO
Pancha Zorro Audaz,339762X,383867,RECHAZADO (Riesgo Salud/Financiero)
Juan Ballena Noble,585425X,692454,APROBADO
Lucho Ballena Gigante,164033X,213912,APROBADO
Francisco Perro Audaz,408846X,129190,APROBADO
Juan Huemul Noble,588470X,564554,APROBADO
Sacha Puma Austral,680244X,513624,APROBADO
Pepe Ballena Austral,773779X,705486,APROBADO
Coty Leon Austral,927698X,358878,RECHAZADO (Riesgo Salud/Financiero)
Pancha Perro Noble,985161X,843168,APROBADO
Pancha Nutria Audaz,976767X,738866,APROBADO
Matias Puma Rojo,122765X,433778,APROBADO
Sacha Perro Sigiloso,278391X,226731,RECHAZADO (Riesgo Salud/Financiero)
Sacha Huemul Sigiloso,168587X,262392,RECHAZADO (Riesgo Salud/Financiero)
Sacha Zorro Noble,523950X,443228,RECHAZADO (Riesgo Salud/Financiero)
Juan Gato Audaz,973591X,560944,RECHAZADO (Riesgo Salud/Financiero)
Pancha Perro Sigiloso,484461X,326361,RECHAZADO (Riesgo Salud/Financiero)
Sacha Perro Sigiloso,513535X,648205,APROBADO
Sacha Leon Salvage,328361X,437774,APROBADO
Maria Puma Gigante,990429X,278905,RECHAZADO (Riesgo Salud/Financiero)
Sacha Zorro Audaz,187879X,629089,RECHAZADO (Riesgo Salud/Financiero)
Juan Zorro Gigante,49862X,48506,APROBADO
Maria Perro Audaz,683091X,331169,APROBADO
Coty Condor Rojo,680636X,274587,APROBADO
Juan Condor Audaz,160510X,141653,RECHAZADO (Riesgo Salud/Financiero)
Matias Zorro Sigiloso,217752X,494703,APROBADO
Sacha Condor Austral,914218X,426790,APROBADO
Pepe Gato Rojo,834344X,641500,APROBADO
Pepe Condor Sigiloso,709902X,618668,RECHAZADO (Riesgo Salud/Financiero)
Juan Leon Gigante,24321X,262412,RECHAZADO (Riesgo Salud/Financiero)
Pancha Puma Austral,651333X,870499,APROBADO
Sacha Huemul Rojo,855074X,117774,APROBADO
Juan Puma Veloz,91746X,231238,APROBADO
Pancha Perro Salvage,942554X,796861,APROBADO
Pepe Perro Rojo,974505X,94352,APROBADO
Pancha Condor Audaz,571946X,810656,APROBADO
Coty Leon Rojo,180960X,680474,APROBADO
Pepe Leon Veloz,484008X,295702,APROBADO
Juan Gato Audaz,936257X,128233,RECHAZADO (Riesgo Salud/Financiero)
Francisco Huemul Veloz,688824X,595814,APROBADO
Pepe Nutria Sigiloso,311435X,238138,APROBADO
Maria Puma Noble,593356X,729612,APROBADO
Sacha Zorro Veloz,198392X,545202,APROBADO
Juan Nutria Audaz,234492X,746131,RECHAZADO (Riesgo Salud/Financiero)
Francisco Gato Sigiloso,975265X,67072,RECHAZADO (Riesgo Salud/Financiero)
Juan Ballena Sigiloso,222956X,155861,RECHAZADO (Riesgo Salud/Financiero)
Maria Huemul Noble,371508X,168836,RECHAZADO (Riesgo Salud/Financiero)
Juan Huemul Austral,372761X,632182,APROBADO
Pepe Perro Noble,518155X,230581,APROBADO
Maria Condor Rojo,965159X,57158,APROBADO
Francisco Ballena Sigiloso,478862X,829257,APROBADO
Francisco Leon Rojo,472863X,461486,APROBADO
Maria Nutria Noble,325942X,82793,APROBADO
Sacha Condor Rojo,970688X,442485,APROBADO
Pancha Ballena Veloz,481331X,771076,APROBADO
Francisco Puma Audaz,487638X,431899,APROBADO
Coty Gato Salvage,314802X,658956,APROBADO
Lucho Nutria Austral,943441X,894440,RECHAZADO (Riesgo Salud/Financiero)
Coty Zorro Audaz,977921X,836900,APROBADO
Coty Leon Austral,896972X,149026,APROBADO
Pepe Ballena Veloz,306058X,164794,APROBADO
Juan Gato Sigiloso,932258X,712930,APROBADO
Coty Condor Veloz,500191X,629841,APROBADO
Pancha Ballena Veloz,69744X,185907,APROBADO
Pancha Huemul Noble,953265X,863860,APROBADO
Sacha Nutria Audaz,999339X,615780,APROBADO
Maria Nutria Gigante,230051X,570761,APROBADO
Pancha Ballena Audaz,154495X,806500,RECHAZADO (Riesgo Salud/Financiero)
Francisco Ballena Rojo,274874X,32701,APROBADO
Matias Gato Rojo,225309X,291833,RECHAZADO (Riesgo Salud/Financiero)
Pepe Leon Veloz,60274X,513159,RECHAZADO (Riesgo Salud/Financiero)
Coty Huemul Audaz,848051X,798893,APROBADO
Lucho Zorro Salvage,20891X,46326,APROBADO
Coty Puma Gigante,137584X,672385,APROBADO
Pancha Zorro Audaz,421593X,659515,APROBADO
Sacha Perro Austral,188808X,299211,APROBADO
Maria Gato Sigiloso,329403X,738050,RECHAZADO (Riesgo Salud/Financiero)
Pepe Gato Gigante,212847X,262735,APROBADO
Juan Condor Salvage,769065X,134479,APROBADO
Maria Leon Noble,797597X,450047,APROBADO
Lucho Condor Rojo,135828X,255335,APROBADO
Maria Leon Veloz,520392X,229799,APROBADO
Pepe Perro Gigante,698266X,500115,RECHAZADO (Riesgo Salud/Financiero)
Maria Ballena Salvage,179898X,618051,APROBADO
Juan Condor Salvage,114928X,749377,APROBADO
Lucho Perro Veloz,534184X,651029,RECHAZADO (Riesgo Salud/Financiero)
Pancha Gato Salvage,431608X,413911,APROBADO
Matias Leon Salvage,431968X,863432,APROBADO
Juan Puma Gigante,519193X,174075,RECHAZADO (Riesgo Salud/Financiero)
Juan Leon Noble,197480X,847152,APROBADO
Matias Perro Gigante,785862X,18763,APROBADO
Matias Nutria Gigante,623942X,28344,APROBADO
Juan Puma Sigiloso,499522X,421767,APROBADO
Francisco Gato Rojo,305889X,509872,RECHAZADO (Riesgo Salud/Financiero)
Matias Condor Austral,215712X,240823,APROBADO
Coty Perro Sigiloso,217428X,791742,APROBADO
Pepe Condor Noble,881463X,884748,APROBADO
Francisco Leon Noble,448070X,234630,APROBADO
Juan Puma Veloz,18842X,231751,RECHAZADO (Riesgo Salud/Financiero)
Sacha Condor Gigante,895169X,341640,RECHAZADO (Riesgo Salud/Financiero)
Pepe Gato Gigante,924799X,318578,APROBADO
Coty Huemul Rojo,731761X,793998,RECHAZADO (Riesgo Salud/Financiero)
Coty Ballena Sigiloso,13161X,363402,APROBADO
Pancha Puma Rojo,509697X,812757,RECHAZADO (Riesgo Salud/Financiero)
Maria Huemul Audaz,438244X,807781,APROBADO
Maria Zorro Noble,140490X,74886,RECHAZADO (Riesgo Salud/Financiero)
Coty Nutria Audaz,839429X,845075,APROBADO
Matias Leon Veloz,467548X,758148,APROBADO
Maria Perro Noble,101107X,391819,RECHAZADO (Riesgo Salud/Financiero)
Sacha Gato Austral,439453X,111914,APROBADO
Pepe Perro Sigiloso,49543X,605239,RECHAZADO (Riesgo Salud/Financiero)
Matias Condor Salvage,232893X,765633,APROBADO
Matias Zorro Noble,344819X,133518,APROBADO
Matias Ballena Salvage,682851X,495193,RECHAZADO (Riesgo Salud/Financiero)
Pancha Gato Veloz,475512X,319980,APROBADO
Pancha Gato Noble,258234X,217857,RECHAZADO (Riesgo Salud/Financiero)
Lucho Perro Sigiloso,899556X,756195,APROBADO
Maria Leon Rojo,567762X,543557,APROBADO
Pepe Ballena Sigiloso,578503X,300831,APROBADO
Coty Huemul Audaz,670888X,294546,APROBADO
Francisco Ballena Noble,432281X,42304,RECHAZADO (Riesgo Salud/Financiero)
Matias Zorro Veloz,685104X,862925,APROBADO
Maria Nutria Audaz,828194X,126703,RECHAZADO (Riesgo Salud/Financiero)
Pancha Huemul Gigante,255861X,419042,APROBADO
Coty Puma Gigante,986343X,704886,APROBADO
Maria Gato Austral,603820X,599901,APROBADO
Pancha Gato Veloz,505274X,60354,APROBADO
Maria Nutria Austral,648865X,305779,APROBADO
Pepe Ballena Gigante,303144X,413156,APROBADO
Maria Zorro Audaz,462017X,821245,APROBADO
Maria Zorro Rojo,946969X,244439,APROBADO
Maria Leon Austral,819226X,428373,APROBADO
Lucho Nutria Sigiloso,22308X,317109,APROBADO
Maria Gato Noble,457801X,792272,APROBADO
Juan Ballena Salvage,901623X,317705,APROBADO
Francisco Huemul Austral,574637X,463049,APROBADO
Lucho Condor Rojo,172947X,184352,APROBADO
Sacha Leon Austral,670086X,252349,APROBADO
Coty Perro Sigiloso,514794X,225667,APROBADO
Coty Gato Austral,558259X,37327,APROBADO
Lucho Huemul Audaz,109629X,660577,APROBADO
Coty Leon Austral,526392X,470429,APROBADO
Matias Nutria Gigante,602046X,208663,APROBADO
Sacha Nutria Audaz,529941X,635126,APROBADO
Lucho Nutria Austral,534133X,289482,APROBADO
Pepe Leon Gigante,389145X,25931,APROBADO
Coty Leon Salvage,947757X,280646,RECHAZADO (Riesgo Salud/Financiero)
Maria Puma Gigante,636124X,254956,APROBADO
Sacha Condor Gigante,889302X,254358,APROBADO
Maria Perro Noble,8621X,632893,RECHAZADO (Riesgo Salud/Financiero)
Maria Perro Salvage,900350X,844646,APROBADO
Coty Zorro Noble,168569X,886443,APROBADO
Pancha Perro Noble,464367X,61652,APROBADO
Sacha Condor Noble,593236X,545274,APROBADO
Lucho Leon Salvage,141282X,426559,RECHAZADO (Riesgo Salud/Financiero)
Coty Condor Rojo,285581X,551241,APROBADO
Lucho Ballena Audaz,832365X,675559,APROBADO
Lucho Gato Sigiloso,954732X,681327,RECHAZADO (Riesgo Salud/Financiero)
Pepe Condor Sigiloso,314107X,631602,APROBADO
Coty Puma Noble,811800X,402621,APROBADO
Pancha Huemul Veloz,148148X,135996,RECHAZADO (Riesgo Salud/Financiero)
Matias Nutria Noble,905640X,186270,APROBADO
Coty Condor Audaz,594895X,85866,APROBADO
Maria Zorro Veloz,713859X,691045,RECHAZADO (Riesgo Salud/Financiero)
Francisco Leon Sigiloso,799841X,393067,APROBADO
Matias Condor Audaz,472367X,623672,APROBADO
Francisco Leon Noble,622108X,636887,APROBADO
Matias Ballena Veloz,70809X,639891,APROBADO
Pancha Puma Noble,706137X,243426,APROBADO
Francisco Perro Veloz,472113X,386306,APROBADO
Coty Nutria Noble,32231X,613257,APROBADO
Sacha Leon Noble,546417X,528884,RECHAZADO (Riesgo Salud/Financiero)
Pepe Perro Austral,129209X,452975,RECHAZADO (Riesgo Salud/Financiero)
Lucho Nutria Audaz,64878X,269530,APROBADO
Francisco Puma Salvage,735486X,399423,APROBADO
Juan Nutria Austral,497088X,78585,APROBADO
Pancha Leon Noble,66834X,891252,APROBADO
Sacha Leon Sigiloso,40617X,827293,APROBADO
Juan Leon Noble,239766X,792892,APROBADO
Pancha Nutria Austral,64545X,260237,APROBADO
Pancha Zorro Noble,541964X,765015,APROBADO
Sacha Perro Gigante,266247X,318066,APROBADO
Sacha Gato Salvage,75995X,171547,APROBADO
Pepe Nutria Salvage,290830X,303991,APROBADO
Matias Puma Sigiloso,637676X,713843,APROBADO
Matias Gato Rojo,311265X,856834,APROBADO
Pepe Nutria Gigante,876434X,703232,RECHAZADO (Riesgo Salud/Financiero)
Maria Puma Audaz,87401X,289675,APROBADO
Pancha Leon Gigante,92813X,366283,APROBADO
Lucho Nutria Salvage,156181X,108182,APROBADO
Maria Nutria Rojo,489689X,246130,APROBADO
Matias Ballena Salvage,748583X,428068,APROBADO
Pepe Condor Salvage,823851X,166558,APROBADO
Coty Huemul Sigiloso,172618X,779815,APROBADO
Sacha Condor Rojo,173797X,352290,APROBADO
Matias Condor Noble,523802X,280218,APROBADO
Francisco Nutria Gigante,942639X,38644,APROBADO
Francisco Gato Noble,656713X,772660,RECHAZADO (Riesgo Salud/Financiero)
Pancha Gato Salvage,545202X,107529,APROBADO
Sacha Puma Sigiloso,152808X,480597,APROBADO
Francisco Huemul Veloz,390596X,562394,APROBADO
Francisco Ballena Sigiloso,581108X,278674,APROBADO
Maria Nutria Gigante,292732X,136264,APROBADO
Maria Ballena Sigiloso,180551X,832341,APROBADO
Sacha Leon Salvage,77063X,239006,APROBADO
Coty Huemul Noble,321022X,828339,APROBADO
Pepe Condor Salvage,539264X,136232,APROBADO
Pepe Nutria Audaz,450146X,568932,APROBADO
Pancha Perro Veloz,973004X,772619,RECHAZADO (Riesgo Salud/Financiero)
Coty Zorro Salvage,773113X,647235,RECHAZADO (Riesgo Salud/Financiero)
Juan Perro Noble,322175X,501368,APROBADO
Lucho Huemul Veloz,774417X,459742,APROBADO
Maria Nutria Sigiloso,412434X,658347,RECHAZADO (Riesgo Salud/Financiero)
Juan Ballena Noble,357325X,367437,APROBADO
Sacha Puma Audaz,457942X,284235,RECHAZADO (Riesgo Salud/Financiero)
Sacha Gato Salvage,946082X,522425,RECHAZADO (Riesgo Salud/Financiero)
Matias Perro Salvage,502168X,503119,APROBADO
Juan Nutria Sigiloso,248878X,292285,RECHAZADO (Riesgo Salud/Financiero)
Maria Gato Rojo,697924X,614572,APROBADO
Francisco Ballena Salvage,144741X,687909,APROBADO
Francisco Leon Veloz,281190X,749218,APROBADO
Maria Leon Rojo,677340X,520487,RECHAZADO (Riesgo Salud/Financiero)
Sacha Ballena Rojo,470092X,713994,APROBADO
Juan Huemul Salvage,377842X,625844,APROBADO
Maria Ballena Gigante,119485X,263098,APROBADO
Lucho Condor Austral,346076X,262152,APROBADO
Sacha Ballena Salvage,56402X,625903,RECHAZADO (Riesgo Salud/Financiero)
Sacha Nutria Salvage,86760X,134745,APROBADO
Lucho Zorro Sigiloso,534206X,79443,APROBADO
Pancha Ballena Audaz,861088X,535205,APROBADO
Matias Leon Veloz,378148X,103787,APROBADO
Lucho Leon Salvage,816778X,138527,APROBADO
Francisco Leon Rojo,968024X,400371,RECHAZADO (Riesgo Salud/Financiero)
Pepe Puma Rojo,457301X,20175,APROBADO
Pancha Leon Noble,891901X,898425,APROBADO
Matias Zorro Audaz,88612X,544763,APROBADO
Lucho Perro Sigiloso,494309X,681726,RECHAZADO (Riesgo Salud/Financiero)
Lucho Leon Sigiloso,221468X,294394,APROBADO
Coty Leon Austral,948537X,416793,APROBADO
Coty Condor Rojo,80042X,81237,APROBADO
Sacha Perro Rojo,856965X,823244,RECHAZADO (Riesgo Salud/Financiero)
Juan Condor Salvage,79177X,186708,APROBADO
Pepe Huemul Salvage,301649X,95616,APROBADO
Sacha Nutria Rojo,226641X,664347,RECHAZADO (Riesgo Salud/Financiero)
Juan Ballena Gigante,918473X,313226,RECHAZADO (Riesgo Salud/Financiero)
Matias Nutria Austral,123680X,649424,APROBADO
Juan Ballena Gigante,203649X,876377,APROBADO
Lucho Gato Audaz,790643X,25215,APROBADO
Maria Nutria Sigiloso,771861X,238416,RECHAZADO (Riesgo Salud/Financiero)
Maria Gato Austral,623260X,334255,RECHAZADO (Riesgo Salud/Financiero)
Matias Ballena Sigiloso,763804X,526739,APROBADO
Coty Ballena Austral,814741X,451535,APROBADO
Juan Zorro Salvage,187630X,571310,APROBADO
Sacha Leon Sigiloso,352095X,675133,APROBADO
Francisco Zorro Noble,843343X,751836,APROBADO
Juan Huemul Audaz,465600X,848633,APROBADO
Juan Zorro Audaz,504558X,867973,APROBADO
Coty Nutria Gigante,357176X,538218,APROBADO
Maria Nutria Audaz,338662X,83777,APROBADO
Coty Zorro Veloz,117240X,124880,APROBADO
Francisco Huemul Noble,303100X,452045,APROBADO
Pancha Zorro Salvage,870504X,373393,APROBADO
Francisco Huemul Rojo,791438X,451183,APROBADO
Maria Nutria Salvage,483205X,837810,APROBADO
Juan Nutria Noble,150126X,258029,APROBADO
Pepe Perro Sigiloso,769510X,674080,RECHAZADO (Riesgo Salud/Financiero)
Pancha Huemul Rojo,348997X,871901,RECHAZADO (Riesgo Salud/Financiero)
Pepe Condor Sigiloso,702666X,59481,APROBADO
Lucho Zorro Noble,385407X,235463,APROBADO
Pepe Ballena Sigiloso,90827X,246532,APROBADO
Francisco Ballena Austral,344756X,112253,RECHAZADO (Riesgo Salud/Financiero)
Sacha Huemul Sigiloso,91536X,330289,APROBADO
Pancha Gato Salvage,44675X,405050,APROBADO
Sacha Nutria Audaz,816653X,93591,APROBADO
Pancha Huemul Veloz,254276X,784798,APROBADO
Coty Leon Audaz,731673X,522597,RECHAZADO (Riesgo Salud/Financiero)
Pepe Gato Salvage,731793X,15304,APROBADO
Lucho Huemul Salvage,380677X,61610,APROBADO
Maria Leon Audaz,443535X,124607,APROBADO
Lucho Puma Audaz,912275X,614704,RECHAZADO (Riesgo Salud/Financiero)
Juan Puma Rojo,134107X,89766,APROBADO
Maria Ballena Veloz,185269X,74136,APROBADO
Maria Nutria Veloz,647720X,127263,APROBADO
Matias Huemul Gigante,26599X,143385,APROBADO
Coty Condor Gigante,426628X,778268,APROBADO
Coty Perro Audaz,194259X,782352,APROBADO
Matias Gato Veloz,816228X,293248,APROBADO
Lucho Gato Audaz,649809X,239320,APROBADO
Pancha Zorro Salvage,776612X,312020,APROBADO
Juan Puma Rojo,737571X,731392,RECHAZADO (Riesgo Salud/Financiero)
Francisco Gato Rojo,19886X,753988,APROBADO
Pancha Nutria Sigiloso,953380X,329891,APROBADO
Lucho Ballena Noble,236527X,655595,APROBADO
Juan Zorro Sigiloso,995459X,749368,APROBADO
Maria Condor Salvage,719864X,620567,APROBADO
Lucho Nutria Gigante,454722X,488237,APROBADO
Lucho Leon Rojo,349565X,736883,APROBADO
Francisco Huemul Gigante,754123X,229055,APROBADO
Pancha Nutria Audaz,526431X,584502,APROBADO
Pepe Perro Rojo,604716X,292385,RECHAZADO (Riesgo Salud/Financiero)
Pepe Condor Gigante,614213X,171429,APROBADO
Lucho Nutria Salvage,276378X,23719,RECHAZADO (Riesgo Salud/Financiero)
Juan Ballena Veloz,759274X,640456,APROBADO
Maria Ballena Gigante,722099X,710883,RECHAZADO (Riesgo Salud/Financiero)
Lucho Perro Rojo,825899X,113605,APROBADO
Lucho Gato Gigante,636451X,898998,APROBADO
Francisco Condor Audaz,961016X,146904,APROBADO
Maria Nutria Salvage,764900X,755442,RECHAZADO (Riesgo Salud/Financiero)
Francisco Leon Gigante,518177X,427981,APROBADO
Maria Huemul Gigante,899378X,694429,APROBADO
Lucho Perro Noble,23633X,91083,APROBADO
Francisco Huemul Audaz,386307X,378972,RECHAZADO (Riesgo Salud/Financiero)
Juan Huemul Austral,680268X,571702,APROBADO
Coty Zorro Sigiloso,913737X,261247,APROBADO
Maria Ballena Gigante,974514X,837130,APROBADO
Coty Gato Rojo,677870X,779898,APROBADO
Sacha Ballena Austral,933195X,351715,APROBADO
Francisco Perro Gigante,551751X,409385,APROBADO
Pepe Gato Gigante,736743X,287830,APROBADO
Sacha Puma Rojo,85924X,277604,APROBADO
Sacha Huemul Austral,743627X,553945,APROBADO
Juan Perro Veloz,278865X,230903,APROBADO
Pancha Condor Rojo,543980X,502526,APROBADO
Lucho Nutria Sigiloso,419950X,599564,RECHAZADO (Riesgo Salud/Financiero)
Lucho Ballena Audaz,599563X,40322,APROBADO
Sacha Perro Sigiloso,616050X,773534,APROBADO
Coty Perro Austral,303103X,661283,APROBADO
Lucho Condor Sigiloso,744255X,300539,APROBADO
Coty Gato Sigiloso,627141X,305696,APROBADO
Sacha Perro Austral,688294X,885763,APROBADO
Sacha Nutria Rojo,155378X,71974,APROBADO
Matias Gato Audaz,144843X,407064,APROBADO
Maria Huemul Salvage,593273X,509214,APROBADO
Francisco Zorro Salvage,693886X,50911,RECHAZADO (Riesgo Salud/Financiero)
Sacha Zorro Austral,162502X,487001,RECHAZADO (Riesgo Salud/Financiero)
Juan Zorro Salvage,133834X,747482,APROBADO
Juan Nutria Salvage,586590X,142288,APROBADO
Francisco Puma Austral,358799X,526927,APROBADO
Matias Gato Audaz,788958X,619800,APROBADO
Coty Gato Noble,401196X,193222,APROBADO
Pepe Huemul Audaz,938996X,697916,RECHAZADO (Riesgo Salud/Financiero)
Lucho Nutria Veloz,125212X,572105,RECHAZADO (Riesgo Salud/Financiero)
Matias Gato Veloz,507991X,307479,APROBADO
Coty Condor Salvage,58718X,362986,RECHAZADO (Riesgo Salud/Financiero)
Juan Huemul Rojo,857228X,141879,APROBADO
Lucho Perro Noble,575375X,184762,APROBADO
Sacha Perro Austral,616473X,201623,APROBADO
Juan Ballena Noble,301950X,701828,APROBADO
Lucho Huemul Austral,381569X,583564,APROBADO
Juan Nutria Audaz,376815X,702823,APROBADO
Maria Huemul Gigante,334097X,426346,APROBADO
Coty Condor Salvage,544559X,287195,RECHAZADO (Riesgo Salud/Financiero)
Pepe Ballena Sigiloso,988520X,270972,RECHAZADO (Riesgo Salud/Financiero)
Maria Perro Audaz,46588X,441620,APROBADO
Juan Perro Sigiloso,640177X,37697,APROBADO
Sacha Condor Veloz,184444X,171398,APROBADO
Sacha Huemul Salvage,321279X,217258,APROBADO
Pepe Nutria Noble,868969X,835207,RECHAZADO (Riesgo Salud/Financiero)
Francisco Leon Gigante,508111X,716032,APROBADO
Maria Zorro Rojo,525924X,537722,APROBADO
Coty Nutria Audaz,541216X,42059,APROBADO
Juan Condor Rojo,529839X,393966,APROBADO
Francisco Nutria Gigante,48435X,26329,APROBADO
Francisco Ballena Rojo,96914X,531308,APROBADO
Juan Condor Audaz,281093X,217670,APROBADO
Pancha Perro Noble,841526X,648657,RECHAZADO (Riesgo Salud/Financiero)
Pepe Huemul Audaz,512243X,287598,APROBADO
Maria Zorro Audaz,181034X,539016,APROBADO
Maria Huemul Veloz,405197X,303924,APROBADO
Juan Ballena Salvage,996594X,349986,APROBADO
Pancha Puma Sigiloso,442986X,433958,APROBADO
Sacha Ballena Austral,933810X,247592,APROBADO
Pancha Ballena Noble,842768X,432194,APROBADO
Maria Condor Rojo,116996X,43993,RECHAZADO (Riesgo Salud/Financiero)
Pepe Ballena Rojo,421054X,464880,RECHAZADO (Riesgo Salud/Financiero)
Pancha Leon Sigiloso,855495X,105901,RECHAZADO (Riesgo Salud/Financiero)
Pancha Puma Audaz,39991X,398924,APROBADO
Matias Leon Audaz,362011X,525880,APROBADO
Pancha Puma Gigante,613034X,151763,RECHAZADO (Riesgo Salud/Financiero)
Lucho Ballena Rojo,233716X,575800,APROBADO
Sacha Gato Veloz,225076X,491665,APROBADO
Pepe Condor Rojo,939426X,480911,APROBADO
Coty Leon Sigiloso,444932X,149474,APROBADO
Juan Huemul Sigiloso,883993X,792515,APROBADO
Matias Nutria Noble,195208X,157876,APROBADO
Matias Huemul Austral,697866X,87149,APROBADO
Pancha Gato Austral,192765X,628044,APROBADO
Matias Nutria Salvage,285575X,826542,APROBADO
Maria Gato Rojo,133514X,701123,APROBADO
Coty Leon Gigante,528224X,536495,APROBADO
Pepe Leon Gigante,367154X,539778,APROBADO
Coty Nutria Rojo,998846X,826152,APROBADO
Pepe Huemul Salvage,675994X,608356,APROBADO
Maria Perro Noble,715504X,84683,APROBADO
Sacha Gato Rojo,717063X,294083,APROBADO
Francisco Perro Salvage,537316X,876463,APROBADO
Pancha Condor Austral,673023X,411901,APROBADO
Maria Puma Audaz,396697X,393912,APROBADO
Francisco Gato Audaz,862254X,560497,APROBADO
Pepe Condor Rojo,403362X,897237,APROBADO
Juan Zorro Salvage,343664X,379375,APROBADO
Pancha Ballena Veloz,771943X,39599,APROBADO
Pancha Leon Austral,620725X,624295,APROBADO
Lucho Condor Veloz,323091X,852149,APROBADO
Pancha Puma Rojo,130482X,855319,APROBADO
Maria Condor Rojo,743672X,218299,APROBADO
Pancha Gato Salvage,359948X,559932,RECHAZADO (Riesgo Salud/Financiero)
Pancha Puma Rojo,723329X,36965,APROBADO
Matias Puma Noble,378454X,855906,RECHAZADO (Riesgo Salud/Financiero)
Lucho Gato Salvage,978678X,699699,APROBADO
Pancha Nutria Noble,912015X,237832,APROBADO
Sacha Nutria Salvage,437805X,316783,APROBADO
Lucho Perro Audaz,818467X,842726,APROBADO
Sacha Perro Salvage,941926X,347796,APROBADO
Juan Puma Rojo,535154X,118200,APROBADO
Pepe Ballena Noble,865016X,64152,APROBADO
Maria Huemul Audaz,262141X,885680,APROBADO
Francisco Leon Austral,111295X,421573,APROBADO
Pepe Perro Austral,876914X,280687,APROBADO
Francisco Gato Salvage,384328X,85657,APROBADO
Juan Leon Veloz,588256X,895643,APROBADO
Francisco Nutria Audaz,915669X,280310,APROBADO
Lucho Zorro Rojo,224385X,507388,APROBADO
Pancha Nutria Austral,592791X,96772,RECHAZADO (Riesgo Salud/Financiero)
Matias Zorro Noble,391084X,458970,APROBADO
Coty Perro Gigante,855854X,823137,APROBADO
Pepe Ballena Noble,920765X,78988,APROBADO
Coty Ballena Veloz,100457X,157164,APROBADO
Pepe Huemul Gigante,334479X,436703,APROBADO
Sacha Leon Veloz,131369X,722866,APROBADO
Maria Ballena Sigiloso,999438X,757167,APROBADO
Francisco Puma Rojo,713363X,389518,APROBADO
Sacha Condor Gigante,385198X,226812,APROBADO
Pancha Puma Salvage,599397X,780042,APROBADO
Francisco Puma Sigiloso,398608X,391332,APROBADO
Juan Leon Noble,279526X,479615,APROBADO
Coty Nutria Veloz,765146X,320081,APROBADO
Juan Zorro Austral,901548X,187807,RECHAZADO (Riesgo Salud/Financiero)
Pepe Gato Audaz,802518X,849233,APROBADO
Sacha Huemul Veloz,441659X,264393,APROBADO
Juan Nutria Noble,65552X,684589,APROBADO
Lucho Condor Audaz,742699X,233747,APROBADO
Pepe Perro Rojo,878996X,121177,APROBADO
Pepe Leon Veloz,532050X,307537,APROBADO
Lucho Puma Sigiloso,158694X,387715,APROBADO
Pancha Ballena Noble,6430X,222576,RECHAZADO (Riesgo Salud/Financiero)
Juan Perro Austral,29357X,846107,APROBADO
Juan Puma Noble,372758X,342729,APROBADO
Pancha Condor Rojo,676176X,591153,RECHAZADO (Riesgo Salud/Financiero)
Matias Leon Noble,869585X,580448,APROBADO
Francisco Gato Gigante,245392X,79056,APROBADO
Coty Puma Gigante,426006X,374623,APROBADO
Francisco Ballena Rojo,840280X,391709,RECHAZADO (Riesgo Salud/Financiero)
Pepe Ballena Noble,386000X,105269,RECHAZADO (Riesgo Salud/Financiero)
Pancha Perro Salvage,711968X,687589,APROBADO
Matias Gato Gigante,316304X,531401,APROBADO
Maria Nutria Veloz,130509X,265644,APROBADO
Lucho Huemul Audaz,134004X,721650,APROBADO
Pepe Nutria Sigiloso,798198X,523714,APROBADO
Matias Ballena Audaz,920390X,771740,APROBADO
Pancha Nutria Veloz,473607X,23448,APROBADO
Sacha Zorro Audaz,617929X,794536,APROBADO
Maria Puma Austral,983047X,805402,APROBADO
Maria Ballena Veloz,723796X,47002,APROBADO
Pepe Condor Austral,964959X,833495,RECHAZADO (Riesgo Salud/Financiero)
Maria Ballena Sigiloso,374252X,356636,APROBADO
Juan Zorro Austral,443513X,875395,APROBADO
Lucho Zorro Gigante,450654X,580387,APROBADO
Francisco Nutria Noble,450180X,420201,RECHAZADO (Riesgo Salud/Financiero)
Lucho Condor Veloz,234587X,345925,RECHAZADO (Riesgo Salud/Financiero)
Pepe Leon Sigiloso,318135X,787597,APROBADO
Maria Condor Gigante,262870X,396634,APROBADO
Pancha Ballena Audaz,740215X,656472,APROBADO
Francisco Perro Audaz,316893X,54989,APROBADO
Francisco Gato Sigiloso,991066X,129652,APROBADO
Pepe Gato Salvage,383950X,521992,APROBADO
Maria Leon Audaz,176470X,516103,APROBADO
Lucho Puma Audaz,176632X,468957,APROBADO
Matias Puma Audaz,187105X,654798,APROBADO
Pepe Gato Veloz,689774X,481230,APROBADO
Pancha Puma Sigiloso,45571X,529506,APROBADO
Pepe Leon Gigante,996324X,561310,APROBADO
Juan Ballena Rojo,350516X,435611,APROBADO
Pepe Nutria Salvage,324189X,573152,APROBADO
Sacha Condor Audaz,987620X,45629,APROBADO
Pepe Gato Sigiloso,932601X,435466,APROBADO
Maria Ballena Salvage,12668X,665333,APROBADO
Lucho Leon Rojo,377489X,76123,APROBADO
Pepe Zorro Salvage,195731X,512925,APROBADO
Pepe Huemul Salvage,166412X,367963,RECHAZADO (Riesgo Salud/Financiero)
Matias Zorro Audaz,758995X,404866,RECHAZADO (Riesgo Salud/Financiero)
Coty Leon Rojo,440605X,123449,APROBADO
Juan Perro Audaz,101305X,77209,APROBADO
Sacha Perro Austral,296033X,729837,APROBADO
Sacha Condor Noble,133265X,726431,APROBADO
Francisco Zorro Austral,140971X,813537,APROBADO
Sacha Ballena Rojo,16521X,760828,APROBADO
Coty Zorro Salvage,624892X,264364,APROBADO
Sacha Huemul Veloz,119173X,198077,APROBADO
Francisco Nutria Gigante,810083X,184231,APROBADO
Maria Gato Gigante,17153X,185212,APROBADO
Francisco Leon Salvage,148955X,43978,APROBADO
Maria Condor Gigante,852848X,279992,APROBADO
Francisco Puma Gigante,821725X,822054,APROBADO
Pepe Perro Veloz,674896X,342063,APROBADO
Sacha Gato Audaz,991884X,273284,APROBADO
Lucho Puma Sigiloso,308693X,119179,APROBADO
Sacha Condor Salvage,516706X,317724,APROBADO
Pepe Condor Sigiloso,789622X,710658,APROBADO
Sacha Huemul Sigiloso,885497X,560124,APROBADO
Sacha Puma Sigiloso,328125X,205277,APROBADO
Pepe Leon Austral,711371X,91816,APROBADO
Matias Puma Noble,755415X,800729,APROBADO
Pepe Condor Veloz,286576X,41352,RECHAZADO (Riesgo Salud/Financiero)
Coty Leon Sigiloso,699625X,57735,APROBADO
Pepe Zorro Gigante,720197X,402508,APROBADO
Pancha Huemul Sigiloso,322025X,151414,APROBADO
Francisco Puma Noble,221099X,667579,APROBADO
Pepe Zorro Veloz,231296X,487387,APROBADO
Juan Ballena Rojo,794664X,781655,APROBADO
Pepe Gato Austral,552121X,550979,APROBADO
Coty Perro Sigiloso,78250X,709421,RECHAZADO (Riesgo Salud/Financiero)
Lucho Leon Noble,479163X,670828,RECHAZADO (Riesgo Salud/Financiero)
Juan Zorro Noble,122470X,884703,APROBADO
Coty Puma Gigante,166777X,209306,APROBADO
Francisco Huemul Noble,465126X,577438,APROBADO
Pepe Huemul Austral,155909X,503167,APROBADO
Juan Huemul Sigiloso,960089X,388545,APROBADO
Matias Gato Noble,939226X,543715,APROBADO
Pepe Ballena Audaz,278247X,250185,APROBADO
Sacha Nutria Veloz,871967X,756151,APROBADO
Pancha Leon Rojo,512143X,512756,APROBADO
Pepe Leon Noble,421710X,31222,RECHAZADO (Riesgo Salud/Financiero)
Juan Perro Noble,257227X,632324,APROBADO
Maria Condor Gigante,170911X,896691,APROBADO
Juan Condor Audaz,698168X,765807,RECHAZADO (Riesgo Salud/Financiero)
Coty Nutria Austral,452202X,392953,APROBADO
Juan Huemul Audaz,725455X,99873,APROBADO
Sacha Perro Veloz,275367X,16164,APROBADO
Juan Perro Sigiloso,786461X,256997,APROBADO
Sacha Huemul Salvage,169131X,483077,APROBADO
Lucho Gato Salvage,817091X,446455,APROBADO
Juan Gato Salvage,604618X,76214,APROBADO
Pancha Nutria Salvage,362446X,743818,APROBADO
Coty Ballena Audaz,958913X,436431,RECHAZADO (Riesgo Salud/Financiero)
Francisco Puma Audaz,98243X,314217,APROBADO
Pepe Perro Rojo,263409X,136891,APROBADO
Francisco Leon Noble,480437X,491210,APROBADO
Maria Puma Sigiloso,667635X,555507,RECHAZADO (Riesgo Salud/Financiero)
Juan Gato Salvage,763682X,583781,RECHAZADO (Riesgo Salud/Financiero)
Maria Huemul Veloz,515527X,567102,RECHAZADO (Riesgo Salud/Financiero)
Pancha Leon Veloz,37380X,260914,APROBADO
Pepe Zorro Rojo,189845X,731187,APROBADO
Francisco Perro Audaz,206161X,423803,RECHAZADO (Riesgo Salud/Financiero)
Pepe Ballena Austral,413852X,735987,APROBADO
Pancha Perro Austral,783318X,131953,APROBADO
Lucho Nutria Noble,479061X,834521,APROBADO
Francisco Leon Audaz,29072X,848495,APROBADO
Matias Perro Veloz,844771X,344817,APROBADO
Juan Leon Austral,709362X,32820,APROBADO
Lucho Ballena Rojo,458562X,896597,APROBADO
Francisco Perro Sigiloso,999983X,382426,RECHAZADO (Riesgo Salud/Financiero)
Maria Gato Sigiloso,622417X,751194,APROBADO
Coty Perro Gigante,624310X,80873,APROBADO
Juan Perro Veloz,696485X,787434,APROBADO
Matias Perro Sigiloso,507879X,338824,APROBADO
Francisco Perro Rojo,536937X,357482,APROBADO
Matias Gato Rojo,573673X,567523,APROBADO
Pancha Ballena Audaz,844008X,586304,APROBADO
Maria Nutria Gigante,476512X,185926,RECHAZADO (Riesgo Salud/Financiero)
Pepe Huemul Veloz,118797X,728263,APROBADO
Maria Leon Veloz,69869X,80549,APROBADO
Matias Nutria Noble,698023X,787642,APROBADO
Matias Perro Sigiloso,916408X,619744,RECHAZADO (Riesgo Salud/Financiero)
Juan Gato Austral,722714X,169652,APROBADO
Francisco Perro Austral,570406X,438240,APROBADO
Matias Nutria Salvage,570044X,875670,APROBADO
Lucho Ballena Salvage,969285X,765199,APROBADO
Sacha Huemul Salvage,371230X,300644,APROBADO
Matias Ballena Austral,35362X,541150,APROBADO
Maria Zorro Rojo,670838X,773761,APROBADO
Pepe Condor Audaz,984449X,303206,APROBADO
Pancha Puma Rojo,558042X,830083,APROBADO
Pancha Zorro Salvage,464084X,309894,APROBADO
Coty Zorro Audaz,959929X,141550,APROBADO
Pancha Puma Audaz,821164X,140372,APROBADO
Matias Huemul Sigiloso,341105X,814155,APROBADO
Francisco Zorro Gigante,497909X,668804,APROBADO
Lucho Leon Rojo,709204X,504469,APROBADO
Lucho Puma Audaz,719989X,634035,APROBADO
Matias Puma Sigiloso,294053X,781965,APROBADO
Pepe Gato Noble,70252X,29208,APROBADO
Lucho Leon Noble,206700X,276151,APROBADO
Maria Ballena Audaz,749395X,238366,RECHAZADO (Riesgo Salud/Financiero)
Pancha Condor Salvage,246981X,857060,APROBADO
Pepe Leon Noble,970373X,56264,APROBADO
Pepe Nutria Salvage,359526X,24295,APROBADO
Francisco Ballena Rojo,635575X,490984,RECHAZADO (Riesgo Salud/Financiero)
Lucho Perro Sigiloso,375674X,426007,APROBADO
Pancha Huemul Austral,715206X,194962,APROBADO
Lucho Gato Veloz,471120X,185727,APROBADO
Sacha Perro Audaz,530491X,135056,APROBADO
Maria Condor Audaz,893459X,560414,APROBADO
Pancha Nutria Audaz,893875X,792691,APROBADO
Lucho Puma Sigiloso,378376X,729046,RECHAZADO (Riesgo Salud/Financiero)
Matias Perro Rojo,818475X,135871,APROBADO
Maria Huemul Noble,950904X,221242,APROBADO
Matias Leon Austral,53813X,127493,APROBADO
Lucho Leon Audaz,338477X,837990,APROBADO
Matias Gato Gigante,264381X,437981,APROBADO
Pancha Huemul Austral,64712X,591870,APROBADO
Francisco Leon Austral,885951X,521331,APROBADO
Maria Gato Sigiloso,380165X,312456,APROBADO
Juan Puma Austral,281944X,119186,APROBADO
Pancha Leon Veloz,71500X,858410,APROBADO
Pepe Gato Austral,202396X,480941,APROBADO
Juan Ballena Sigiloso,426279X,23063,RECHAZADO (Riesgo Salud/Financiero)
Francisco Ballena Noble,507721X,218735,APROBADO
Pepe Gato Salvage,528056X,59051,APROBADO
Coty Puma Audaz,903850X,105099,RECHAZADO (Riesgo Salud/Financiero)
Juan Nutria Sigiloso,681377X,583058,RECHAZADO (Riesgo Salud/Financiero)
Maria Leon Sigiloso,304610X,370874,RECHAZADO (Riesgo Salud/Financiero)
Pancha Perro Audaz,660646X,748860,APROBADO
Sacha Nutria Sigiloso,761750X,457428,APROBADO
Sacha Huemul Austral,233395X,269610,APROBADO
Sacha Leon Salvage,283123X,379947,APROBADO
Sacha Gato Gigante,995799X,643619,APROBADO
Sacha Zorro Veloz,576638X,137548,RECHAZADO (Riesgo Salud/Financiero)
Coty Gato Austral,578671X,892766,APROBADO
Sacha Perro Gigante,860415X,235287,APROBADO
Sacha Huemul Sigiloso,166485X,288667,APROBADO
Lucho Puma Austral,603681X,319621,APROBADO
Francisco Condor Gigante,556693X,415474,APROBADO
Matias Gato Noble,197093X,238942,RECHAZADO (Riesgo Salud/Financiero)
Francisco Gato Rojo,229791X,485749,APROBADO
Juan Huemul Salvage,126395X,400066,APROBADO
Sacha Perro Noble,514689X,342684,APROBADO
Matias Huemul Noble,648898X,658312,APROBADO
Sacha Gato Noble,500951X,185992,APROBADO
Francisco Perro Salvage,961615X,888114,APROBADO
Matias Leon Veloz,729316X,560175,APROBADO
Sacha Huemul Noble,281785X,463759,APROBADO
Coty Perro Audaz,875627X,678490,APROBADO
Pepe Huemul Audaz,54037X,634934,APROBADO
Sacha Ballena Rojo,144259X,513048,RECHAZADO (Riesgo Salud/Financiero)
Pepe Huemul Salvage,118296X,368834,RECHAZADO (Riesgo Salud/Financiero)
Pancha Leon Salvage,324880X,857643,APROBADO
Maria Zorro Austral,810615X,650785,APROBADO
Juan Leon Gigante,958744X,647758,APROBADO
Pancha Huemul Salvage,99941X,411402,RECHAZADO (Riesgo Salud/Financiero)
Juan Zorro Gigante,754966X,348032,APROBADO
Matias Perro Salvage,573551X,687032,RECHAZADO (Riesgo Salud/Financiero)
Francisco Zorro Rojo,558813X,69110,APROBADO
Juan Nutria Austral,196190X,179087,APROBADO
Juan Gato Salvage,880399X,418851,APROBADO
Lucho Perro Gigante,982294X,351001,APROBADO
Coty Condor Gigante,135202X,195028,APROBADO
Juan Zorro Rojo,730872X,885286,RECHAZADO (Riesgo Salud/Financiero)
Maria Gato Austral,420941X,296959,APROBADO
Lucho Perro Audaz,913985X,189753,APROBADO
Francisco Condor Veloz,831170X,138207,RECHAZADO (Riesgo Salud/Financiero)
Lucho Nutria Salvage,607244X,507945,APROBADO
Coty Zorro Sigiloso,260898X,139781,APROBADO
Coty Puma Rojo,133641X,255491,APROBADO
Francisco Nutria Noble,99929X,696612,APROBADO
Pancha Huemul Austral,193784X,611350,APROBADO
Lucho Puma Noble,598231X,747104,APROBADO
Sacha Condor Audaz,554364X,546894,APROBADO
Pepe Puma Sigiloso,492220X,180673,APROBADO
Maria Zorro Noble,326466X,286882,APROBADO
Matias Puma Austral,540652X,108487,RECHAZADO (Riesgo Salud/Financiero)
Maria Zorro Sigiloso,586536X,551247,APROBADO
Juan Huemul Rojo,986415X,655049,APROBADO
Pancha Nutria Sigiloso,547304X,879338,APROBADO
Matias Condor Austral,568072X,542311,APROBADO
Francisco Huemul Salvage,900176X,293356,APROBADO
Maria Huemul Veloz,340164X,228367,APROBADO
Matias Huemul Audaz,594425X,495917,APROBADO
Pancha Perro Salvage,557918X,847009,RECHAZADO (Riesgo Salud/Financiero)
Pancha Ballena Sigiloso,172861X,306088,APROBADO
Francisco Leon Sigiloso,663563X,227882,RECHAZADO (Riesgo Salud/Financiero)
Matias Puma Sigiloso,71272X,736232,APROBADO
Sacha Puma Rojo,974339X,441687,RECHAZADO (Riesgo Salud/Financiero)
Pancha Condor Rojo,616221X,664547,APROBADO
Juan Puma Veloz,171059X,195463,APROBADO
Pancha Condor Rojo,110391X,795025,APROBADO
Pepe Huemul Gigante,74587X,635728,APROBADO
Juan Gato Rojo,491342X,797612,APROBADO
Maria Zorro Sigiloso,90767X,651055,APROBADO
Maria Condor Rojo,707135X,299692,APROBADO
Juan Gato Sigiloso,477720X,318862,RECHAZADO (Riesgo Salud/Financiero)
Maria Nutria Audaz,331022X,898121,RECHAZADO (Riesgo Salud/Financiero)
Maria Puma Veloz,678908X,120098,APROBADO
Juan Puma Gigante,558898X,493385,APROBADO
Sacha Puma Noble,638659X,355482,APROBADO
Pancha Puma Salvage,102019X,28317,APROBADO
Matias Zorro Gigante,974324X,526814,APROBADO
Matias Nutria Audaz,158333X,386257,APROBADO
Lucho Gato Gigante,400129X,774512,APROBADO
Sacha Ballena Gigante,502619X,343532,APROBADO
Juan Zorro Austral,427571X,377181,APROBADO
Maria Ballena Rojo,863789X,443290,RECHAZADO (Riesgo Salud/Financiero)
Juan Nutria Veloz,683401X,127995,APROBADO
Pepe Zorro Audaz,35302X,869434,RECHAZADO (Riesgo Salud/Financiero)
Juan Gato Salvage,398178X,371508,APROBADO
Sacha Leon Austral,186288X,251754,APROBADO
Francisco Ballena Rojo,788990X,431341,APROBADO
Sacha Nutria Noble,803227X,229251,APROBADO
Maria Ballena Rojo,28950X,24637,APROBADO
Maria Zorro Gigante,124714X,757811,RECHAZADO (Riesgo Salud/Financiero)
Lucho Perro Noble,537585X,82644,APROBADO
Pepe Puma Salvage,210701X,408446,APROBADO
Lucho Condor Sigiloso,896802X,798627,RECHAZADO (Riesgo Salud/Financiero)
Juan Ballena Rojo,742741X,319137,APROBADO
Pepe Perro Gigante,888971X,826956,RECHAZADO (Riesgo Salud/Financiero)
Lucho Huemul Veloz,949994X,611207,APROBADO
Maria Puma Veloz,732177X,567093,APROBADO
Pancha Ballena Noble,878223X,170931,APROBADO
Francisco Puma Austral,625570X,464569,APROBADO
Maria Leon Veloz,908778X,155236,APROBADO
Juan Condor Salvage,730568X,68685,APROBADO
Maria Ballena Austral,879879X,153147,APROBADO
Juan Condor Audaz,121582X,345684,APROBADO
Maria Nutria Austral,460276X,61968,APROBADO
Pepe Perro Gigante,95121X,894540,APROBADO
Pancha Leon Salvage,66539X,263323,APROBADO
Matias Condor Sigiloso,263003X,258749,RECHAZADO (Riesgo Salud/Financiero)
Coty Gato Noble,345332X,792559,APROBADO
Coty Huemul Rojo,47478X,472350,APROBADO
Maria Puma Audaz,693054X,778967,APROBADO
Pepe Gato Rojo,328690X,259023,RECHAZADO (Riesgo Salud/Financiero)
Francisco Leon Austral,818116X,395623,APROBADO
Lucho Huemul Austral,479367X,612308,APROBADO
Francisco Leon Noble,892473X,68134,APROBADO
Sacha Nutria Veloz,233450X,418017,APROBADO
Pepe Condor Gigante,576030X,47685,APROBADO
Coty Puma Sigiloso,543135X,382291,APROBADO
Pancha Perro Rojo,879522X,811762,APROBADO
Francisco Huemul Veloz,785752X,746679,APROBADO
Francisco Nutria Noble,185411X,888126,RECHAZADO (Riesgo Salud/Financiero)
Coty Condor Salvage,833761X,51935,APROBADO
Francisco Zorro Salvage,980878X,548645,APROBADO
Pancha Gato Audaz,730911X,816115,APROBADO
Francisco Puma Audaz,713868X,585087,APROBADO
Maria Nutria Austral,143224X,398508,APROBADO
Maria Puma Salvage,570956X,847335,APROBADO
Lucho Puma Noble,925491X,580526,APROBADO
Francisco Ballena Gigante,352092X,685010,APROBADO
Francisco Gato Gigante,358527X,34809,APROBADO
Maria Leon Veloz,16767X,413574,RECHAZADO (Riesgo Salud/Financiero)
Lucho Leon Audaz,726747X,65731,APROBADO
Pepe Leon Salvage,772776X,215347,APROBADO
Maria Huemul Noble,790678X,537916,APROBADO
Pancha Nutria Veloz,185090X,819779,APROBADO
Sacha Ballena Salvage,228967X,548419,RECHAZADO (Riesgo Salud/Financiero)
Sacha Huemul Sigiloso,545101X,503470,RECHAZADO (Riesgo Salud/Financiero)
Matias Gato Rojo,493805X,298736,RECHAZADO (Riesgo Salud/Financiero)
Francisco Perro Veloz,466721X,842364,APROBADO
Francisco Condor Sigiloso,190651X,726291,APROBADO
Francisco Ballena Austral,191533X,37164,APROBADO
Pepe Ballena Austral,97312X,450267,APROBADO
Pancha Leon Audaz,243391X,97184,APROBADO
Coty Huemul Sigiloso,860685X,289891,APROBADO
Coty Zorro Rojo,528498X,768460,APROBADO
Sacha Gato Rojo,643946X,809617,APROBADO
Matias Condor Noble,618492X,458178,APROBADO
Lucho Gato Veloz,308710X,368861,APROBADO
Pancha Zorro Salvage,696238X,797110,APROBADO
Juan Condor Salvage,795059X,404074,APROBADO
Pancha Huemul Austral,996932X,465789,APROBADO
Francisco Condor Gigante,859281X,84339,RECHAZADO (Riesgo Salud/Financiero)
Sacha Gato Sigiloso,752144X,296407,APROBADO
Sacha Condor Audaz,293758X,428624,APROBADO
Lucho Perro Rojo,469414X,258570,APROBADO
Coty Leon Salvage,376869X,313236,RECHAZADO (Riesgo Salud/Financiero)
Pancha Huemul Rojo,167547X,605447,APROBADO
Matias Gato Austral,980495X,489335,APROBADO
Pancha Condor Sigiloso,28003X,590903,RECHAZADO (Riesgo Salud/Financiero)
Maria Nutria Audaz,859913X,873683,APROBADO
Pancha Zorro Rojo,573226X,754110,APROBADO
Juan Gato Sigiloso,723940X,373066,RECHAZADO (Riesgo Salud/Financiero)
Sacha Nutria Noble,801792X,162286,APROBADO
Francisco Puma Audaz,967608X,735137,APROBADO
Juan Leon Sigiloso,895691X,482754,RECHAZADO (Riesgo Salud/Financiero)
Coty Puma Salvage,675315X,529243,APROBADO
Pepe Leon Veloz,536864X,422750,APROBADO
Lucho Ballena Salvage,234543X,656685,APROBADO
Lucho Puma Audaz,860981X,283522,RECHAZADO (Riesgo Salud/Financiero)
Pancha Ballena Veloz,143584X,627665,APROBADO
Lucho Leon Audaz,44564X,531975,RECHAZADO (Riesgo Salud/Financiero)
Coty Leon Audaz,974552X,651597,APROBADO
Juan Condor Noble,933204X,97630,RECHAZADO (Riesgo Salud/Financiero)
Francisco Zorro Sigiloso,612683X,69718,APROBADO
Francisco Leon Veloz,646196X,827634,RECHAZADO (Riesgo Salud/Financiero)
Lucho Nutria Noble,572999X,590306,APROBADO
Pancha Gato Noble,982005X,867249,APROBADO
Sacha Zorro Salvage,423202X,510885,APROBADO
Lucho Leon Gigante,686382X,898814,APROBADO
Lucho Zorro Sigiloso,362095X,694066,RECHAZADO (Riesgo Salud/Financiero)
Lucho Huemul Rojo,87689X,714951,RECHAZADO (Riesgo Salud/Financiero)
Matias Huemul Salvage,872927X,150677,RECHAZADO (Riesgo Salud/Financiero)
Maria Zorro Sigiloso,404679X,704378,RECHAZADO (Riesgo Salud/Financiero)
Sacha Puma Noble,725526X,411126,APROBADO
Juan Gato Gigante,8688X,148253,RECHAZADO (Riesgo Salud/Financiero)
Juan Zorro Sigiloso,308611X,248399,APROBADO
Sacha Ballena Rojo,312887X,24917,APROBADO
Lucho Huemul Veloz,434271X,72028,APROBADO
Maria Ballena Audaz,850481X,849626,RECHAZADO (Riesgo Salud/Financiero)
Juan Perro Austral,779101X,136093,RECHAZADO (Riesgo Salud/Financiero)
Maria Ballena Rojo,62322X,565735,APROBADO
Pancha Perro Austral,78200X,207232,APROBADO
Juan Zorro Veloz,709053X,170767,APROBADO
Lucho Nutria Rojo,217522X,672242,APROBADO
Francisco Perro Audaz,879937X,787909,APROBADO
Francisco Huemul Gigante,424951X,234639,RECHAZADO (Riesgo Salud/Financiero)
Pancha Huemul Salvage,177159X,297632,RECHAZADO (Riesgo Salud/Financiero)
Lucho Condor Salvage,410435X,213554,RECHAZADO (Riesgo Salud/Financiero)
Juan Leon Rojo,803985X,856534,APROBADO
Pepe Zorro Audaz,316616X,96811,APROBADO
Maria Gato Audaz,964887X,284841,APROBADO
Coty Condor Austral,459726X,605549,APROBADO
Francisco Gato Noble,951364X,876842,APROBADO
Maria Nutria Noble,891204X,274669,APROBADO
Pepe Condor Rojo,539377X,152813,APROBADO
Pepe Nutria Noble,979279X,749605,APROBADO
Pancha Gato Gigante,81893X,584627,APROBADO
Francisco Huemul Gigante,186453X,296604,APROBADO
Pancha Condor Sigiloso,773263X,324146,APROBADO
Sacha Condor Veloz,644903X,814723,APROBADO
Coty Leon Audaz,298206X,530575,APROBADO
Coty Huemul Austral,96645X,651012,RECHAZADO (Riesgo Salud/Financiero)
Pepe Puma Gigante,66223X,323948,RECHAZADO (Riesgo Salud/Financiero)
Sacha Zorro Rojo,719906X,683572,APROBADO
Juan Condor Audaz,239761X,749669,APROBADO
Pepe Gato Gigante,663119X,858862,APROBADO
Coty Zorro Audaz,683156X,634263,APROBADO
Juan Condor Gigante,501739X,603107,APROBADO
Sacha Puma Rojo,795183X,694614,APROBADO
Pancha Zorro Noble,301808X,653099,APROBADO
Coty Gato Sigiloso,631797X,244281,RECHAZADO (Riesgo Salud/Financiero)
Maria Huemul Rojo,267893X,734165,APROBADO
Juan Gato Veloz,921245X,435267,APROBADO
Juan Perro Audaz,483121X,117589,RECHAZADO (Riesgo Salud/Financiero)
Sacha Nutria Veloz,530510X,147109,APROBADO
Pepe Zorro Noble,261645X,221332,APROBADO
Lucho Zorro Veloz,704196X,588074,APROBADO
Maria Perro Gigante,390845X,686153,APROBADO
Matias Gato Austral,820785X,621488,APROBADO
Sacha Zorro Rojo,184324X,711421,APROBADO
Pancha Huemul Veloz,271201X,733218,APROBADO
Lucho Puma Gigante,344873X,40774,APROBADO
Francisco Puma Sigiloso,388900X,133503,APROBADO
Sacha Condor Audaz,110226X,657061,APROBADO
Juan Puma Gigante,789731X,111922,APROBADO
Sacha Condor Sigiloso,447104X,422396,RECHAZADO (Riesgo Salud/Financiero)
Juan Zorro Noble,103007X,400302,APROBADO
Maria Gato Gigante,294894X,440320,APROBADO
Juan Nutria Sigiloso,899937X,806554,APROBADO
Francisco Puma Audaz,855813X,192063,APROBADO
Sacha Leon Sigiloso,166199X,825607,RECHAZADO (Riesgo Salud/Financiero)
Pancha Zorro Gigante,879058X,48205,APROBADO
Pepe Perro Gigante,913335X,124418,APROBADO
Pancha Nutria Sigiloso,207393X,649604,APROBADO
Sacha Huemul Rojo,364450X,331209,RECHAZADO (Riesgo Salud/Financiero)
Pepe Perro Austral,549312X,32452,APROBADO
Francisco Leon Sigiloso,724202X,225787,APROBADO
Coty Leon Salvage,492847X,255188,APROBADO
Lucho Puma Sigiloso,976872X,651008,APROBADO
Maria Ballena Veloz,316769X,589856,RECHAZADO (Riesgo Salud/Financiero)
Juan Nutria Salvage,646208X,421844,RECHAZADO (Riesgo Salud/Financiero)
Francisco Nutria Rojo,470924X,622838,RECHAZADO (Riesgo Salud/Financiero)
Francisco Perro Salvage,237489X,551354,APROBADO
Sacha Condor Veloz,335228X,733672,APROBADO
Lucho Condor Noble,81315X,724828,APROBADO
Francisco Zorro Sigiloso,869518X,733140,APROBADO
Coty Zorro Noble,702045X,371462,APROBADO
Sacha Nutria Austral,230919X,640504,APROBADO
Coty Huemul Noble,927348X,575141,RECHAZADO (Riesgo Salud/Financiero)
Lucho Ballena Gigante,946999X,336576,APROBADO
Juan Puma Gigante,123634X,863668,APROBADO
Pepe Leon Noble,796593X,113940,APROBADO
Sacha Perro Veloz,119340X,180396,RECHAZADO (Riesgo Salud/Financiero)
Lucho Nutria Audaz,427384X,43739,APROBADO
Coty Zorro Gigante,648025X,406982,APROBADO
Matias Gato Audaz,504894X,95613,RECHAZADO (Riesgo Salud/Financiero)
Coty Huemul Austral,951857X,325244,RECHAZADO (Riesgo Salud/Financiero)
Lucho Ballena Gigante,176689X,229423,APROBADO
Matias Ballena Gigante,219500X,112948,APROBADO
Sacha Puma Noble,568317X,649223,RECHAZADO (Riesgo Salud/Financiero)
Juan Huemul Audaz,632099X,528283,APROBADO
Juan Condor Sigiloso,979953X,330507,APROBADO
Sacha Condor Audaz,259766X,869443,APROBADO
Francisco Ballena Gigante,350212X,772692,APROBADO
Pepe Ballena Veloz,551293X,30243,APROBADO
Sacha Perro Veloz,180062X,224753,APROBADO
Coty Nutria Austral,461551X,28684,APROBADO
Coty Zorro Salvage,655787X,376912,APROBADO
Matias Gato Noble,661980X,768301,RECHAZADO (Riesgo Salud/Financiero)
Juan Ballena Veloz,610673X,521887,APROBADO
Matias Huemul Salvage,376340X,176896,APROBADO
Pepe Nutria Rojo,494651X,421706,APROBADO
Pancha Perro Salvage,573006X,854352,APROBADO
Sacha Nutria Veloz,44146X,266176,APROBADO
Coty Condor Rojo,246876X,851623,RECHAZADO (Riesgo Salud/Financiero)
Pancha Puma Veloz,764601X,124769,APROBADO
Sacha Zorro Noble,547803X,473693,APROBADO
Maria Puma Austral,222570X,864801,APROBADO
Juan Ballena Salvage,291078X,707525,RECHAZADO (Riesgo Salud/Financiero)
Matias Gato Salvage,201883X,641287,RECHAZADO (Riesgo Salud/Financiero)
Maria Zorro Sigiloso,441155X,564842,RECHAZADO (Riesgo Salud/Financiero)
Maria Zorro Gigante,454934X,711612,APROBADO
Coty Huemul Noble,947144X,598530,APROBADO
Pancha Huemul Rojo,193931X,198694,APROBADO
Matias Perro Gigante,317974X,712485,APROBADO
Pancha Leon Rojo,557554X,730104,APROBADO
Francisco Nutria Sigiloso,392918X,815677,APROBADO
Lucho Leon Audaz,408822X,404703,APROBADO
Francisco Leon Austral,523496X,897991,APROBADO
Juan Nutria Salvage,566414X,375377,APROBADO
Coty Gato Salvage,983347X,359378,APROBADO
Pancha Puma Austral,987273X,133153,APROBADO
Coty Puma Noble,534886X,366780,APROBADO
Matias Nutria Salvage,652863X,74911,APROBADO
Juan Leon Audaz,468614X,117175,APROBADO
Francisco Zorro Veloz,991367X,888768,APROBADO
Matias Leon Audaz,228527X,364573,RECHAZADO (Riesgo Salud/Financiero)
Coty Gato Veloz,605880X,773148,RECHAZADO (Riesgo Salud/Financiero)
Pancha Zorro Veloz,375679X,838845,APROBADO
Matias Huemul Rojo,414030X,787895,APROBADO
Maria Perro Audaz,671653X,244824,APROBADO
Juan Ballena Rojo,838105X,291002,APROBADO
Juan Perro Audaz,991824X,703553,APROBADO
Maria Nutria Audaz,730931X,509969,APROBADO
Sacha Huemul Sigiloso,436046X,337223,APROBADO
Sacha Nutria Austral,306459X,610327,APROBADO
Pancha Huemul Salvage,9157X,838245,APROBADO
Matias Zorro Veloz,769506X,548227,APROBADO
Sacha Perro Veloz,129038X,533097,APROBADO
Pepe Nutria Rojo,719762X,435594,APROBADO
Juan Nutria Salvage,213404X,456467,APROBADO
Juan Zorro Austral,117470X,878750,RECHAZADO (Riesgo Salud/Financiero)
Sacha Perro Gigante,856652X,358959,APROBADO
Coty Huemul Rojo,388022X,726152,APROBADO
Pancha Perro Sigiloso,111569X,677055,APROBADO
Matias Nutria Sigiloso,998103X,728119,APROBADO
Sacha Perro Sigiloso,383485X,414036,APROBADO
Pancha Leon Gigante,956011X,486164,RECHAZADO (Riesgo Salud/Financiero)
Pepe Zorro Veloz,252624X,826202,APROBADO
Lucho Leon Rojo,304931X,591629,APROBADO
Juan Gato Rojo,834778X,893064,RECHAZADO (Riesgo Salud/Financiero)
Pepe Huemul Noble,876733X,823608,APROBADO
Coty Huemul Veloz,428462X,884900,RECHAZADO (Riesgo Salud/Financiero)
Sacha Huemul Gigante,555265X,181953,APROBADO
Juan Puma Veloz,490717X,225009,APROBADO
Sacha Gato Sigiloso,916664X,560295,APROBADO
Pancha Perro Rojo,751251X,47235,RECHAZADO (Riesgo Salud/Financiero)
Juan Puma Noble,873465X,582886,RECHAZADO (Riesgo Salud/Financiero)
Coty Leon Rojo,748201X,219704,RECHAZADO (Riesgo Salud/Financiero)
Francisco Ballena Gigante,407551X,169859,APROBADO
Sacha Ballena Austral,218354X,686412,APROBADO
Sacha Zorro Gigante,686380X,351651,APROBADO
Pepe Leon Veloz,599253X,405330,APROBADO
Lucho Zorro Austral,696162X,476489,APROBADO
Francisco Gato Audaz,923424X,441977,RECHAZADO (Riesgo Salud/Financiero)
Lucho Puma Sigiloso,830184X,842550,APROBADO
Juan Nutria Salvage,609011X,765451,APROBADO
Pancha Leon Salvage,427100X,497764,RECHAZADO (Riesgo Salud/Financiero)
Juan Zorro Rojo,938147X,676725,APROBADO
Coty Puma Noble,275376X,124040,APROBADO
Maria Perro Veloz,545525X,428601,APROBADO
Maria Huemul Audaz,51724X,529115,APROBADO
Lucho Zorro Austral,189988X,606068,APROBADO
Lucho Puma Audaz,745242X,781206,APROBADO
Pepe Ballena Gigante,490587X,178431,APROBADO
Coty Perro Veloz,234941X,882221,APROBADO
Matias Leon Rojo,872810X,206957,APROBADO
Matias Nutria Austral,560756X,897757,APROBADO
Juan Zorro Audaz,34389X,65853,APROBADO
Sacha Ballena Sigiloso,974386X,408778,RECHAZADO (Riesgo Salud/Financiero)
Maria Ballena Rojo,406764X,78530,APROBADO
Sacha Ballena Salvage,988802X,235207,APROBADO
Coty Puma Audaz,119584X,554154,APROBADO
Matias Huemul Audaz,231768X,290013,APROBADO
Pepe Puma Sigiloso,705565X,619007,APROBADO
Juan Puma Sigiloso,435254X,898669,APROBADO
Coty Perro Rojo,920575X,692972,APROBADO
Maria Leon Veloz,650582X,751928,APROBADO
Francisco Zorro Austral,859993X,336267,APROBADO
Juan Leon Rojo,319214X,212771,APROBADO
Matias Puma Audaz,24996X,238694,APROBADO
Maria Leon Audaz,691412X,754473,APROBADO
Juan Perro Gigante,163595X,150849,RECHAZADO (Riesgo Salud/Financiero)
Lucho Nutria Sigiloso,134167X,33097,APROBADO
Pepe Leon Veloz,876992X,302618,APROBADO
Matias Nutria Audaz,444423X,535019,RECHAZADO (Riesgo Salud/Financiero)
Pancha Puma Veloz,120765X,662726,APROBADO
Pepe Condor Audaz,892106X,752438,APROBADO
Sacha Ballena Veloz,864424X,315146,APROBADO
Coty Condor Gigante,168993X,90970,APROBADO
Juan Nutria Salvage,589149X,58418,APROBADO
Pepe Nutria Noble,676665X,727878,APROBADO
Lucho Leon Rojo,103540X,181519,APROBADO
Pancha Perro Veloz,464817X,885733,APROBADO
Matias Nutria Salvage,774378X,90197,RECHAZADO (Riesgo Salud/Financiero)
Lucho Huemul Noble,908190X,324905,APROBADO
Coty Condor Noble,377776X,731848,APROBADO
Pancha Gato Austral,167678X,191351,APROBADO
Francisco Puma Rojo,319025X,698335,APROBADO
Coty Huemul Austral,53385X,417373,RECHAZADO (Riesgo Salud/Financiero)
Francisco Perro Gigante,598195X,54484,RECHAZADO (Riesgo Salud/Financiero)
Pepe Puma Gigante,217137X,451443,APROBADO
Matias Puma Veloz,768753X,517759,APROBADO
Pancha Zorro Veloz,135672X,842357,APROBADO
Lucho Ballena Salvage,953208X,382843,APROBADO
Maria Zorro Salvage,627723X,127897,APROBADO
Maria Condor Veloz,362062X,769784,RECHAZADO (Riesgo Salud/Financiero)
Lucho Huemul Salvage,491940X,799913,APROBADO
Maria Ballena Salvage,44016X,155739,APROBADO
Juan Nutria Austral,221564X,533584,APROBADO
Matias Condor Gigante,899450X,481178,APROBADO
Francisco Ballena Gigante,691873X,232651,APROBADO
Pepe Leon Austral,813749X,139138,RECHAZADO (Riesgo Salud/Financiero)
Lucho Perro Austral,288868X,528906,RECHAZADO (Riesgo Salud/Financiero)
Coty Huemul Salvage,615627X,758236,APROBADO
Sacha Zorro Salvage,906036X,42514,APROBADO
Pepe Huemul Rojo,188402X,342155,RECHAZADO (Riesgo Salud/Financiero)
Maria Condor Salvage,768706X,225855,RECHAZADO (Riesgo Salud/Financiero)
Pepe Ballena Sigiloso,556665X,119126,APROBADO
Sacha Leon Noble,172185X,381031,APROBADO
Lucho Gato Audaz,648414X,404918,APROBADO
Juan Perro Salvage,658025X,771042,APROBADO
Lucho Perro Audaz,883935X,152575,RECHAZADO (Riesgo Salud/Financiero)
Maria Perro Sigiloso,93774X,278826,APROBADO
Juan Condor Audaz,144699X,767583,APROBADO
Lucho Gato Rojo,411950X,830264,RECHAZADO (Riesgo Salud/Financiero)
Coty Leon Austral,182236X,838735,APROBADO
Juan Ballena Gigante,133641X,215602,APROBADO
Pancha Huemul Veloz,932777X,657969,APROBADO
Pepe Ballena Salvage,381115X,244088,APROBADO
Pepe Zorro Audaz,71296X,398815,APROBADO
Coty Huemul Rojo,914271X,73897,RECHAZADO (Riesgo Salud/Financiero)
Juan Ballena Audaz,44810X,565264,RECHAZADO (Riesgo Salud/Financiero)
Francisco Leon Noble,744418X,679714,RECHAZADO (Riesgo Salud/Financiero)
Pancha Ballena Sigiloso,253074X,530998,RECHAZADO (Riesgo Salud/Financiero)
Matias Perro Austral,774233X,227791,RECHAZADO (Riesgo Salud/Financiero)
Sacha Condor Gigante,35886X,412842,APROBADO
Matias Leon Gigante,682598X,197691,APROBADO
Juan Leon Sigiloso,351302X,457132,APROBADO
Juan Ballena Noble,917659X,270457,APROBADO
Sacha Ballena Noble,706548X,23131,APROBADO
Lucho Condor Gigante,436721X,495259,RECHAZADO (Riesgo Salud/Financiero)
Sacha Leon Audaz,278903X,517427,APROBADO
Francisco Puma Veloz,61603X,503984,APROBADO
Coty Ballena Audaz,916373X,591414,RECHAZADO (Riesgo Salud/Financiero)
Sacha Nutria Austral,751104X,78478,APROBADO
Pancha Zorro Veloz,704867X,109748,APROBADO
Pancha Perro Audaz,482159X,763574,RECHAZADO (Riesgo Salud/Financiero)
Pancha Huemul Rojo,244589X,344140,APROBADO
Pancha Leon Veloz,752630X,504532,APROBADO
Pepe Nutria Noble,315554X,505705,RECHAZADO (Riesgo Salud/Financiero)
Matias Zorro Sigiloso,983127X,73676,APROBADO
Maria Zorro Audaz,432066X,675306,APROBADO
Juan Condor Salvage,123254X,674803,APROBADO
Maria Gato Gigante,353751X,121132,APROBADO
Matias Gato Rojo,829989X,24534,APROBADO
Matias Leon Sigiloso,340869X,683686,APROBADO
Pepe Leon Audaz,565378X,353983,RECHAZADO (Riesgo Salud/Financiero)
Juan Ballena Rojo,252403X,649892,APROBADO
Lucho Gato Veloz,924955X,874255,RECHAZADO (Riesgo Salud/Financiero)
Pepe Ballena Salvage,518930X,356006,APROBADO
Pancha Huemul Audaz,250049X,382930,RECHAZADO (Riesgo Salud/Financiero)
Coty Perro Salvage,529009X,519161,APROBADO
Juan Ballena Austral,202241X,213301,APROBADO
Matias Gato Veloz,963781X,506725,APROBADO
Juan Puma Austral,808579X,759945,RECHAZADO (Riesgo Salud/Financiero)
Lucho Perro Gigante,997732X,331193,RECHAZADO (Riesgo Salud/Financiero)
Sacha Perro Austral,714708X,367792,APROBADO
Pepe Condor Austral,505597X,256226,APROBADO
Francisco Huemul Noble,138492X,206493,RECHAZADO (Riesgo Salud/Financiero)
Lucho Perro Austral,328087X,507956,APROBADO
Juan Huemul Audaz,858202X,674068,APROBADO
Sacha Leon Sigiloso,328045X,404542,APROBADO
Pepe Condor Audaz,940567X,414479,APROBADO
Francisco Perro Austral,338282X,138084,APROBADO
Sacha Zorro Audaz,68659X,872349,APROBADO
Maria Nutria Rojo,971397X,879221,APROBADO
Juan Zorro Gigante,182613X,769160,APROBADO
Coty Gato Salvage,53280X,557549,APROBADO
Coty Condor Rojo,415453X,286660,APROBADO
Sacha Zorro Salvage,171362X,394549,APROBADO
Juan Leon Noble,908480X,260898,APROBADO
Francisco Zorro Veloz,991282X,245000,APROBADO
Coty Nutria Noble,962671X,874511,RECHAZADO (Riesgo Salud/Financiero)
Matias Puma Gigante,842674X,121807,RECHAZADO (Riesgo Salud/Financiero)
Pepe Condor Sigiloso,470593X,798866,APROBADO
Sacha Ballena Veloz,908421X,33816,APROBADO
Pepe Zorro Veloz,583685X,682603,APROBADO
Sacha Leon Audaz,937413X,599466,APROBADO
Francisco Zorro Noble,332418X,279710,RECHAZADO (Riesgo Salud/Financiero)
Pancha Ballena Salvage,337320X,206463,APROBADO
Sacha Perro Gigante,398981X,878183,APROBADO
Coty Puma Veloz,977760X,188135,APROBADO
Lucho Leon Austral,852422X,731954,RECHAZADO (Riesgo Salud/Financiero)
Francisco Zorro Salvage,781300X,715162,APROBADO
Sacha Ballena Rojo,941568X,780555,RECHAZADO (Riesgo Salud/Financiero)
Lucho Nutria Noble,685949X,302833,APROBADO
Juan Puma Veloz,613714X,363878,APROBADO
Pancha Ballena Noble,815596X,306525,APROBADO
Lucho Gato Rojo,293830X,528317,APROBADO
Juan Condor Veloz,359506X,652400,APROBADO
Maria Nutria Gigante,315043X,537263,APROBADO
Matias Huemul Sigiloso,371172X,228631,APROBADO
Juan Ballena Noble,156136X,693047,APROBADO
Lucho Condor Noble,777754X,823962,APROBADO
Francisco Huemul Salvage,847334X,516125,APROBADO
Sacha Huemul Rojo,898291X,628293,APROBADO
Francisco Perro Gigante,428678X,257147,RECHAZADO (Riesgo Salud/Financiero)
Pancha Zorro Rojo,600876X,710669,APROBADO
Pepe Zorro Salvage,604750X,259757,APROBADO
Coty Zorro Gigante,668884X,421189,APROBADO
Lucho Ballena Gigante,290842X,15354,APROBADO
Sacha Gato Rojo,452732X,417418,APROBADO
Matias Zorro Sigiloso,373828X,428599,APROBADO
Francisco Huemul Rojo,548193X,28048,APROBADO
Maria Zorro Gigante,444797X,686584,APROBADO
Maria Perro Gigante,94927X,163502,RECHAZADO (Riesgo Salud/Financiero)
Coty Nutria Gigante,534804X,225873,APROBADO
Juan Leon Rojo,537047X,615237,APROBADO
Matias Leon Noble,71758X,368580,APROBADO
Coty Leon Austral,779915X,550993,APROBADO
Pancha Zorro Gigante,802334X,321492,APROBADO
Pepe Ballena Sigiloso,713403X,878120,RECHAZADO (Riesgo Salud/Financiero)
Coty Ballena Salvage,471446X,349735,APROBADO
Francisco Leon Noble,185766X,270424,RECHAZADO (Riesgo Salud/Financiero)
Sacha Condor Sigiloso,446168X,49194,APROBADO
Coty Puma Austral,521202X,889473,APROBADO
Lucho Huemul Rojo,426421X,682102,APROBADO
Pepe Perro Gigante,474513X,649055,APROBADO
Maria Condor Austral,715443X,188384,RECHAZADO (Riesgo Salud/Financiero)
Pancha Puma Rojo,758406X,211397,APROBADO
Maria Gato Audaz,43631X,495041,RECHAZADO (Riesgo Salud/Financiero)
Pancha Perro Noble,306905X,178969,APROBADO
Sacha Perro Austral,747906X,43675,APROBADO
Juan Huemul Austral,798268X,876014,APROBADO
Pancha Perro Austral,476987X,151172,APROBADO
Matias Perro Salvage,340843X,125735,RECHAZADO (Riesgo Salud/Financiero)
Coty Huemul Rojo,222545X,199550,APROBADO
Matias Huemul Rojo,584192X,642703,APROBADO
Pepe Nutria Sigiloso,207364X,386395,APROBADO
Juan Zorro Gigante,185436X,409584,RECHAZADO (Riesgo Salud/Financiero)
Matias Perro Sigiloso,279063X,585474,RECHAZADO (Riesgo Salud/Financiero)
Pancha Leon Audaz,727113X,268498,APROBADO
Coty Nutria Sigiloso,975097X,658502,RECHAZADO (Riesgo Salud/Financiero)
Pepe Ballena Austral,477351X,635483,APROBADO
Pepe Perro Veloz,428885X,252640,APROBADO
Sacha Leon Gigante,606740X,46865,APROBADO
Matias Perro Austral,895195X,370901,APROBADO
Sacha Huemul Austral,925180X,384310,APROBADO
Juan Leon Noble,418541X,482754,APROBADO
Maria Leon Noble,11712X,55866,APROBADO
Juan Ballena Austral,699482X,114583,APROBADO
Lucho Perro Sigiloso,83278X,767063,APROBADO
Lucho Ballena Rojo,33006X,861928,APROBADO
Sacha Ballena Sigiloso,26329X,706888,APROBADO
Coty Nutria Sigiloso,382073X,275354,RECHAZADO (Riesgo Salud/Financiero)
Francisco Zorro Rojo,141373X,218094,APROBADO
Pepe Gato Austral,677889X,611065,RECHAZADO (Riesgo Salud/Financiero)
Maria Nutria Austral,98089X,269167,APROBADO
Lucho Gato Austral,398056X,120340,APROBADO
Juan Leon Audaz,845116X,788428,APROBADO
Coty Nutria Sigiloso,206749X,470389,APROBADO
Pancha Nutria Sigiloso,293645X,771775,APROBADO
Coty Condor Sigiloso,997769X,242203,APROBADO
Matias Nutria Gigante,697646X,733546,APROBADO
Lucho Ballena Rojo,478056X,755836,APROBADO
Coty Huemul Salvage,204421X,426069,APROBADO
Coty Nutria Sigiloso,241065X,169186,RECHAZADO (Riesgo Salud/Financiero)
Pepe Puma Noble,91708X,169045,APROBADO
Juan Gato Veloz,117882X,683192,APROBADO
Pepe Perro Sigiloso,614528X,644435,APROBADO
Matias Leon Salvage,823931X,424148,APROBADO
Coty Nutria Salvage,510851X,547185,RECHAZADO (Riesgo Salud/Financiero)
Sacha Huemul Salvage,553360X,19254,APROBADO
Lucho Zorro Rojo,185338X,731838,APROBADO
Coty Zorro Noble,460010X,146898,APROBADO
Matias Puma Rojo,215947X,224233,APROBADO
Juan Huemul Salvage,376880X,892587,APROBADO
Sacha Condor Salvage,201442X,400486,APROBADO
Francisco Huemul Salvage,348072X,522884,APROBADO
Maria Ballena Noble,561779X,196923,APROBADO
Matias Nutria Salvage,822056X,325359,APROBADO
Francisco Ballena Austral,973070X,432999,APROBADO
Pancha Puma Rojo,568446X,760977,APROBADO
Juan Condor Salvage,799333X,253205,APROBADO
Maria Ballena Audaz,422754X,128285,APROBADO
Francisco Perro Salvage,422356X,74871,RECHAZADO (Riesgo Salud/Financiero)
Juan Gato Gigante,564551X,746092,RECHAZADO (Riesgo Salud/Financiero)
Juan Gato Gigante,365782X,81731,APROBADO
Juan Nutria Gigante,501307X,197725,APROBADO
Juan Nutria Sigiloso,167636X,826745,APROBADO
Sacha Ballena Austral,996511X,595377,APROBADO
Pepe Puma Audaz,40854X,117199,APROBADO
Coty Leon Audaz,545722X,443776,RECHAZADO (Riesgo Salud/Financiero)
Lucho Nutria Veloz,645614X,546288,APROBADO
Coty Condor Noble,309638X,247804,RECHAZADO (Riesgo Salud/Financiero)
Maria Leon Gigante,76841X,134737,RECHAZADO (Riesgo Salud/Financiero)
Lucho Ballena Rojo,244354X,443289,RECHAZADO (Riesgo Salud/Financiero)
Pancha Leon Austral,280071X,58585,APROBADO
Sacha Condor Veloz,203461X,285464,APROBADO
Matias Leon Rojo,834740X,80759,APROBADO
Juan Nutria Salvage,234967X,539563,APROBADO
Pepe Perro Gigante,556799X,678711,APROBADO
Sacha Gato Gigante,63045X,392426,RECHAZADO (Riesgo Salud/Financiero)
Juan Ballena Noble,428159X,146692,APROBADO
Juan Zorro Veloz,960622X,339097,APROBADO
Maria Ballena Gigante,354125X,675549,APROBADO
Matias Perro Audaz,726157X,830568,APROBADO
Maria Zorro Audaz,368595X,727040,APROBADO
Pancha Perro Rojo,416729X,658783,APROBADO
Lucho Condor Sigiloso,779888X,371538,APROBADO
Pancha Leon Veloz,559341X,484953,RECHAZADO (Riesgo Salud/Financiero)
Pancha Nutria Noble,202168X,462191,APROBADO
Matias Puma Austral,319127X,97966,APROBADO
Pepe Zorro Salvage,255503X,461560,APROBADO
